"","x"
"1","자다"
"2","하다"
"3","이르다"
"4","꾸미다"
"5","보태다"
"6","이기다"
"7","담그다"
"8","나아가다"
"9","되돌다"
"10","지나가다"
"11","스러지다"
"12","돌이키다"
"13","길다"
"14","나가다"
"15","버리다"
"16","어지럽히다"
"17","알다"
"18","흐르다"
"19","느끼다"
"20","깨어나다"
"21","벗어나다"
"22","미치다"
"23","빠지다"
"24","돌아가다"
"25","생각하다"
"26","속다"
"27","헤매다"
"28","때가다"
"29","오다"
"30","말하다"
"31","이지러지다"
"32","줄다"
"33","늘어나다"
"34","바뀌다"
"35","달라지다"
"36","보다"
"37","나오다"
"38","잘하다"
"39","치우치다"
"40","내세우다"
"41","떼다"
"42","짓다"
"43","값하다"
"44","물다"
"45","갈음하다"
"46","뒤덮이다"
"47","모르다"
"48","견주다"
"49","앉다"
"50","서다"
"51","보내다"
"52","지나다"
"53","비다"
"54","자르다"
"55","나뉘다"
"56","다투다"
"57","겨루다"
"58","꾀다"
"59","돌아보다"
"60","살아가다"
"61","믿다"
"62","두다"
"63","펴다"
"64","기뻐하다"
"65","슬퍼하다"
"66","성내다"
"67","나서다"
"68","시달리다"
"69","죽다"
"70","지니다"
"71","위하다"
"72","미루다"
"73","살피다"
"74","그르다"
"75","일어나다"
"76","쓰다"
"77","앞서다"
"78","옮기다"
"79","본뜨다"
"80","굽이치다"
"81","부딪치다"
"82","부서지다"
"83","씻기다"
"84","가다"
"85","나다"
"86","찾다"
"87","뜨다"
"88","세다"
"89","새다"
"90","만나다"
"91","웃다"
"92","나누다"
"93","붙이다"
"94","비키다"
"95","원하다"
"96","얻다"
"97","의지하다"
"98","되다"
"99","밝다"
"100","치다"
"101","헤다"
"102","근심하다"
"103","참되다"
"104","쌓다"
"105","비례하다"
"106","열다"
"107","허기지다"
"108","찾아가다"
"109","헐벗다"
"110","굶주리다"
"111","만들다"
"112","사다"
"113","요란하다"
"114","썩다"
"115","더럽히다"
"116","속이다"
"117","흘리다"
"118","끝나다"
"119","벼슬하다"
"120","불리다"
"121","기울어지다"
"122","떠나다"
"123","돌아오다"
"124","바라지다"
"125","유명하다"
"126","물러나다"
"127","은거하다"
"128","가르치다"
"129","받다"
"130","아끼다"
"131","부르다"
"132","이어지다"
"133","퍼지다"
"134","번지다"
"135","남다"
"136","물려받다"
"137","까지다"
"138","말다"
"139","듣다"
"140","배우다"
"141","통하다"
"142","들다"
"143","정밀하다"
"144","얽매이다"
"145","즐기다"
"146","숭상하다"
"147","때다"
"148","응하다"
"149","겸하다"
"150","인정되다"
"151","평정하다"
"152","얽다"
"153","정진하다"
"154","찾아오다"
"155","그러다"
"156","일으키다"
"157","닫다"
"158","삼다"
"159","잇다"
"160","빼앗다"
"161","희롱하다"
"162","깨닫다"
"163","흩어지다"
"164","반문하다"
"165","벗다"
"166","못하다"
"167","보이다"
"168","압도하다"
"169","추다"
"170","낮추다"
"171","울리다"
"172","들리다"
"173","한미하다"
"174","태어나다"
"175","주다"
"176","식다"
"177","알아보다"
"178","넘다"
"179","전념하다"
"180","따르다"
"181","따지다"
"182","늘다"
"183","우하다"
"184","싸고돌다"
"185","갖다"
"186","저지르다"
"187","단순하다"
"188","더불다"
"189","무너지다"
"190","시작되다"
"191","참여하다"
"192","당하다"
"193","자라나다"
"194","흔들리다"
"195","적다"
"196","잡다"
"197","죽이다"
"198","봉하다"
"199","자살하다"
"200","무르다"
"201","걸치다"
"202","내몰다"
"203","둘러쌓이다"
"204","대다"
"205","득실거리다"
"206","기대다"
"207","끼치다"
"208","권하다"
"209","팔다"
"210","뽑다"
"211","갚다"
"212","가혹하다"
"213","짐작하다"
"214","내리다"
"215","타이르다"
"216","드러나다"
"217","다스리다"
"218","의하다"
"219","합치다"
"220","짓무르다"
"221","겪다"
"222","풀다"
"223","잡아들이다"
"224","떼보다"
"225","막히다"
"226","헤아리다"
"227","입다"
"228","다물다"
"229","잠기다"
"230","주고받다"
"231","하명하다"
"232","줄이다"
"233","숨다"
"234","이상하다"
"235","겸손하다"
"236","들여다보다"
"237","꼬다"
"238","늘어지다"
"239","돌다"
"240","서리다"
"241","거치다"
"242","우러나다"
"243","일어서다"
"244","닿다"
"245","더하다"
"246","전하다"
"247","자리잡다"
"248","뽑히다"
"249","지내다"
"250","자라다"
"251","짜다"
"252","돕다"
"253","때우다"
"254","터놓다"
"255","사귀다"
"256","읽다"
"257","바라보다"
"258","뜯어보다"
"259","끼어들다"
"260","힘쓰다"
"261","매달리다"
"262","이해하다"
"263","맞추다"
"264","들려다"
"265","몰리다"
"266","대하다"
"267","샘솟다"
"268","닦다"
"269","다듬다"
"270","담다"
"271","만하다"
"272","이루어지다"
"273","굳히다"
"274","떠오르다"
"275","거두어들이다"
"276","가지다"
"277","행세하다"
"278","불어나다"
"279","만족하다"
"280","생기다"
"281","얕보다"
"282","넘보다"
"283","대답하다"
"284","관하다"
"285","시작하다"
"286","무심하다"
"287","기울이다"
"288","기다리다"
"289","홀리다"
"290","알아차리다"
"291","누르다"
"292","이것다"
"293","떨어지다"
"294","놀라다"
"295","빗대다"
"296","뒤집히다"
"297","엿보다"
"298","가리키다"
"299","틀리다"
"300","번갈다"
"301","형언하다"
"302","서두르다"
"303","혼탁하다"
"304","참혹하다"
"305","막다"
"306","뿌리다"
"307","화나다"
"308","완벽하다"
"309","제치다"
"310","벌다"
"311","꾸짖다"
"312","읊조리다"
"313","필요하다"
"314","실천하다"
"315","끄다"
"316","기르다"
"317","요사하다"
"318","시키다"
"319","깨우치다"
"320","불측하다"
"321","흩다"
"322","보살피다"
"323","맺다"
"324","겁먹다"
"325","더듬거리다"
"326","중요하다"
"327","솟다"
"328","털어놓다"
"329","어쩌다"
"330","돌려보내다"
"331","채우다"
"332","들어서다"
"333","손꼽다"
"334","구하다"
"335","떠보다"
"336","정하다"
"337","치르다"
"338","준비하다"
"339","마련하다"
"340","밝히다"
"341","돌리다"
"342","획하다"
"343","잊다"
"344","동문수학하다"
"345","머물다"
"346","멀다"
"347","추천하다"
"348","새기다"
"349","들어주다"
"350","우러러보다"
"351","소개하다"
"352","기리다"
"353","세우다"
"354","천거하다"
"355","청하다"
"356","허락하다"
"357","맞다"
"358","조르다"
"359","내려오다"
"360","쏘다"
"361","훑어보다"
"362","아뢰다"
"363","모이다"
"364","다니다"
"365","가보다"
"366","존경하다"
"367","표하다"
"368","축하하다"
"369","빚다"
"370","데리다"
"371","복작거리다"
"372","얽히다"
"373","변하다"
"374","울다"
"375","올리다"
"376","힘주다"
"377","파하다"
"378","당부하다"
"379","말리다"
"380","모으다"
"381","도와주다"
"382","유력하다"
"383","밀다"
"384","전송하다"
"385","찾아보다"
"386","해어지다"
"387","뵙다"
"388","빠져들다"
"389","앞당기다"
"390","비하다"
"391","좁히다"
"392","잃다"
"393","모시다"
"394","움직이다"
"395","해지다"
"396","헤어지다"
"397","들이다"
"398","가로막히다"
"399","날래다"
"400","달리다"
"401","달려오다"
"402","끝내다"
"403","넘나다"
"404","새겨듣다"
"405","불행하다"
"406","헤치다"
"407","향하다"
"408","배웅하다"
"409","뺏기다"
"410","가로막다"
"411","둘러보다"
"412","신다"
"413","걷다"
"414","건너다"
"415","차다"
"416","젖다"
"417","불다"
"418","피우다"
"419","떨리다"
"420","녹이다"
"421","귀담다"
"422","짚다"
"423","다리다"
"424","배다"
"425","늙다"
"426","업다"
"427","건네다"
"428","부수다"
"429","없애다"
"430","거슬리다"
"431","건너오다"
"432","들어가다"
"433","건너가다"
"434","부리다"
"435","들쳐업다"
"436","후들거리다"
"437","내려놓다"
"438","내쉬다"
"439","나무라다"
"440","쳐다보다"
"441","유건하다"
"442","소리치다"
"443","다녀오다"
"444","괴롭히다"
"445","지체하다"
"446","저물다"
"447","달래다"
"448","다그치다"
"449","나르다"
"450","넘겨짚다"
"451","얻어걸리다"
"452","던지다"
"453","줍다"
"454","내다"
"455","되풀이되다"
"456","참다"
"457","쏘아보다"
"458","잃어버리다"
"459","뿜다"
"460","개다"
"461","빚지다"
"462","모자라다"
"463","돌보다"
"464","일하다"
"465","묻다"
"466","쓸다"
"467","안되다"
"468","뚫어지다"
"469","일다"
"470","가다듬다"
"471","살다"
"472","줄잡다"
"473","거스르다"
"474","끼다"
"475","드나들다"
"476","늦다"
"477","섞이다"
"478","고르다"
"479","먹이다"
"480","치장하다"
"481","옮다"
"482","알아내다"
"483","탄식하다"
"484","바꾸다"
"485","품다"
"486","바로잡다"
"487","편안하다"
"488","이루다"
"489","부족하다"
"490","높이다"
"491","오르다"
"492","쓰다듬다"
"493","평안하다"
"494","받들다"
"495","토벌하다"
"496","평온하다"
"497","누리다"
"498","키우다"
"499","여기다"
"500","영락하다"
"501","털다"
"502","빌리다"
"503","다하다"
"504","캐다"
"505","꺾다"
"506","마치다"
"507","떠나가다"
"508","뒤따르다"
"509","뒤돌아보다"
"510","덧붙이다"
"511","따라가다"
"512","돌아서다"
"513","말라죽다"
"514","지다"
"515","붙다"
"516","뻗다"
"517","돋다"
"518","올려다보다"
"519","응시하다"
"520","되새기다"
"521","얼어붙다"
"522","끄덕이다"
"523","더듬다"
"524","꺼내다"
"525","찢다"
"526","뛰다"
"527","달려가다"
"528","멈추다"
"529","날다"
"530","으스대다"
"531","보아주다"
"532","넣다"
"533","그만두다"
"534","먹다"
"535","썩이다"
"536","싸이다"
"537","알리다"
"538","조이다"
"539","오래되다"
"540","마르다"
"541","가까워다"
"542","눕다"
"543","엎드리다"
"544","긷다"
"545","떨치다"
"546","벌이다"
"547","노래다"
"548","띄다"
"549","여위다"
"550","찢어지다"
"551","번득이다"
"552","비정하다"
"553","성나다"
"554","짓지다"
"555","천진하다"
"556","흘러내리다"
"557","덮이다"
"558","천거되다"
"559","들이켜다"
"560","벌어지다"
"561","넘어가다"
"562","상하다"
"563","노하다"
"564","때려죽이다"
"565","관련되다"
"566","복직되다"
"567","내치다"
"568","내리치다"
"569","욕하다"
"570","어울리다"
"571","충실하다"
"572","올라오다"
"573","따라오다"
"574","기식하다"
"575","그라다"
"576","몰두하다"
"577","배반하다"
"578","무안하다"
"579","살펴보다"
"580","즉위하다"
"581","섬기다"
"582","그릇되다"
"583","바치다"
"584","탄핵하다"
"585","받아들이다"
"586","원망하다"
"587","계승하다"
"588","빼치다"
"589","성공하다"
"590","기록되다"
"591","부인하다"
"592","드러내다"
"593","놓다"
"594","뱉다"
"595","들려주다"
"596","나약하다"
"597","쳐가다"
"598","그리다"
"599","뜯다"
"600","반기다"
"601","살아나다"
"602","낡다"
"603","부패하다"
"604","반응하다"
"605","벌서다"
"606","떨다"
"607","옹호하다"
"608","나타나다"
"609","기다"
"610","극단하다"
"611","탈주하다"
"612","겸비하다"
"613","도전하다"
"614","선택하다"
"615","타도하다"
"616","앞장서다"
"617","분류하다"
"618","참가하다"
"619","가담하다"
"620","충동되다"
"621","진행되다"
"622","버티다"
"623","반격하다"
"624","입히다"
"625","수용되다"
"626","유일하다"
"627","가로채이다"
"628","뒤엎다"
"629","확보되다"
"630","답습하다"
"631","쓰러뜨리다"
"632","최소하다"
"633","꿈꾸다"
"634","실현하다"
"635","따라붙다"
"636","끌어대다"
"637","앞세우다"
"638","다짐하다"
"639","까다"
"640","절망하다"
"641","말살하다"
"642","이용하다"
"643","사로잡다"
"644","내려지다"
"645","확보하다"
"646","청산하다"
"647","임명되다"
"648","업신여기다"
"649","어기다"
"650","떨어뜨리다"
"651","용서하다"
"652","시행하다"
"653","인하다"
"654","공격하다"
"655","욕되다"
"656","일깨우다"
"657","깔보다"
"658","요구하다"
"659","이름나다"
"660","평하다"
"661","쫓겨나다"
"662","내려가다"
"663","누비다"
"664","싸다"
"665","남기다"
"666","뵈다"
"667","취하다"
"668","통쾌하다"
"669","말씀하다"
"670","달이다"
"671","휩쓸다"
"672","연루되다"
"673","때맞추다"
"674","물러가다"
"675","준수하다"
"676","넘기다"
"677","어그러지다"
"678","분방하다"
"679","떠올리다"
"680","유혹하다"
"681","시집가다"
"682","훔치다"
"683","겁탈하다"
"684","확인하다"
"685","지르다"
"686","헝클어지다"
"687","풀어지다"
"688","뛰어다니다"
"689","외치다"
"690","잔인하다"
"691","치솟다"
"692","풀어헤치다"
"693","쫓기다"
"694","쳐들어오다"
"695","끊다"
"696","타다"
"697","기절하다"
"698","손대다"
"699","몰려오다"
"700","팽개치다"
"701","끌어내리다"
"702","잡히다"
"703","휘어잡다"
"704","박히다"
"705","깨다"
"706","끊어지다"
"707","회상하다"
"708","거대하다"
"709","휘몰리다"
"710","놀리다"
"711","견디다"
"712","휘몰다"
"713","비치다"
"714","연습하다"
"715","내던지다"
"716","쓰러지다"
"717","까뒤집다"
"718","물리다"
"719","버둥거리다"
"720","뛰어들어가다"
"721","고하다"
"722","열중하다"
"723","앓다"
"724","지어내다"
"725","의아하다"
"726","지키다"
"727","미안하다"
"728","다시다"
"729","중얼거리다"
"730","침착하다"
"731","좋아하다"
"732","경박하다"
"733","되돌아보다"
"734","떠나오다"
"735","인정하다"
"736","뒤틀리다"
"737","비뚤어지다"
"738","곤란하다"
"739","빠트리다"
"740","박다"
"741","처지다"
"742","시기하다"
"743","때려다"
"744","불러들이다"
"745","계시다"
"746","베다"
"747","푸다"
"748","살리다"
"749","대신하다"
"750","숨기다"
"751","내뱉다"
"752","받치다"
"753","쓸어버리다"
"754","채다"
"755","감추다"
"756","마시다"
"757","허물다"
"758","감격하다"
"759","싫어하다"
"760","내가다"
"761","격다"
"762","들어오다"
"763","수습되다"
"764","직감하다"
"765","무르익다"
"766","걱정하다"
"767","동정하다"
"768","놀아나다"
"769","무능하다"
"770","매도하다"
"771","억누르다"
"772","동조하다"
"773","물려주다"
"774","내주다"
"775","그치다"
"776","입관하다"
"777","양보하다"
"778","넘어오다"
"779","중시하다"
"780","쌓이다"
"781","택하다"
"782","끌리다"
"783","우러르다"
"784","믿기다"
"785","지적하다"
"786","해석하다"
"787","뒤바꾸다"
"788","계속하다"
"789","들어맞다"
"790","굶다"
"791","병들다"
"792","가리다"
"793","덜다"
"794","발전하다"
"795","면하다"
"796","강개하다"
"797","쳐들다"
"798","쾌차하다"
"799","토로하다"
"800","바탕하다"
"801","맺히다"
"802","졸다"
"803","제하다"
"804","당기다"
"805","타고나다"
"806","유인하다"
"807","쉬다"
"808","잠들다"
"809","문란하다"
"810","물들이다"
"811","쏟아지다"
"812","감기다"
"813","꾸다"
"814","두려워하다"
"815","위로하다"
"816","낳다"
"817","안심하다"
"818","물리치다"
"819","바라다"
"820","빼다"
"821","내버리다"
"822","도망치다"
"823","추격하다"
"824","말미암다"
"825","가입하다"
"826","칭하다"
"827","선동하다"
"828","깨뜨리다"
"829","상주하다"
"830","제수하다"
"831","이끌다"
"832","감당하다"
"833","약탈하다"
"834","골다"
"835","건드리다"
"836","요청하다"
"837","내놓다"
"838","늘리다"
"839","실시되다"
"840","긁다"
"841","담당하다"
"842","거느리다"
"843","가임하다"
"844","정비되다"
"845","북상하다"
"846","들르다"
"847","살아남다"
"848","간하다"
"849","출발하다"
"850","구상하다"
"851","대항하다"
"852","끌어내다"
"853","신중하다"
"854","접근하다"
"855","뒤따라오다"
"856","우거지다"
"857","끌어당기다"
"858","고치다"
"859","피어오르다"
"860","정돈하다"
"861","닥쳐오다"
"862","벌어다"
"863","모집하다"
"864","떠돌다"
"865","막하다"
"866","흩트리다"
"867","사양하다"
"868","순수하다"
"869","의탁하다"
"870","뛰어오르다"
"871","꼬나다"
"872","쥐다"
"873","갖추다"
"874","기력하다"
"875","채이다"
"876","끌다"
"877","감돌다"
"878","쳐내다"
"879","에워싸다"
"880","말려들다"
"881","걸려들다"
"882","자중하다"
"883","격동하다"
"884","두려워다"
"885","뛰쳐나오다"
"886","뭉개다"
"887","명하다"
"888","긁어내다"
"889","달아나다"
"890","황홀하다"
"891","가늠하다"
"892","백배하다"
"893","뒤쫓다"
"894","얕잡다"
"895","비껴들다"
"896","닥치다"
"897","자랑하다"
"898","휘두르다"
"899","뛰어들다"
"900","익다"
"901","줄어들다"
"902","우세하다"
"903","데다"
"904","고함지르다"
"905","싸우다"
"906","내달다"
"907","맞대다"
"908","피하다"
"909","낚아채다"
"910","몰려들다"
"911","밀리다"
"912","짓밟다"
"913","걸어오다"
"914","찌르다"
"915","물러서다"
"916","몰아가다"
"917","내지르다"
"918","다가오다"
"919","춤추다"
"920","맞붙다"
"921","뛰어나다"
"922","협격하다"
"923","굴러다"
"924","동요하다"
"925","밀어붙이다"
"926","내닫다"
"927","쫓다"
"928","틀어막다"
"929","엎다"
"930","빌다"
"931","항복하다"
"932","남아나다"
"933","열리다"
"934","쇠다"
"935","뚫다"
"936","날뛰다"
"937","놓치다"
"938","거두다"
"939","치하하다"
"940","가난하다"
"941","범용하다"
"942","벗하다"
"943","가까이하다"
"944","익히다"
"945","반하다"
"946","아앉다"
"947","기어오르다"
"948","꺼리다"
"949","엮다"
"950","후회하다"
"951","들킬다"
"952","뀌다"
"953","그르치다"
"954","출사하다"
"955","관장하다"
"956","돌아다니다"
"957","과하다"
"958","얹다"
"959","실패하다"
"960","방심하다"
"961","망보다"
"962","투입하다"
"963","들이치다"
"964","섬멸하다"
"965","대로하다"
"966","가능하다"
"967","수습하다"
"968","개선하다"
"969","쳐부수다"
"970","패하다"
"971","고생하다"
"972","성실하다"
"973","빼앗기다"
"974","천박하다"
"975","들뜨다"
"976","간청하다"
"977","출가하다"
"978","따다"
"979","여의다"
"980","해되다"
"981","행하다"
"982","뜻하다"
"983","맡기다"
"984","맹세하다"
"985","씻다"
"986","어찌하다"
"987","못나다"
"988","염려하다"
"989","빚어지다"
"990","진압하다"
"991","비우다"
"992","놀다"
"993","합심하다"
"994","드리다"
"995","겸양하다"
"996","거들다"
"997","대꾸하다"
"998","토하다"
"999","불사르다"
"1000","분개하다"
"1001","상심하다"
"1002","사라지다"
"1003","깃들다"
"1004","무찌르다"
"1005","대담하다"
"1006","내걸다"
"1007","묶이다"
"1008","풀려나다"
"1009","고변하다"
"1010","내디디다"
"1011","불러오다"
"1012","웅얼거리다"
"1013","부탁하다"
"1014","낫다"
"1015","끓다"
"1016","흘러가다"
"1017","침략하다"
"1018","뒤덮다"
"1019","폐하다"
"1020","접어들다"
"1021","째지다"
"1022","메다"
"1023","숙다"
"1024","얼다"
"1025","천하다"
"1026","도맡다"
"1027","꺼지다"
"1028","들고나다"
"1029","딸리다"
"1030","앗다"
"1031","뽐내다"
"1032","그러잖다"
"1033","난폭하다"
"1034","질리다"
"1035","매다"
"1036","불안하다"
"1037","눈감다"
"1038","옭다"
"1039","교유하다"
"1040","살아오다"
"1041","행사하다"
"1042","나타내다"
"1043","의존하다"
"1044","정당하다"
"1045","위압하다"
"1046","응용하다"
"1047","보완되다"
"1048","능가하다"
"1049","장악하다"
"1050","금지하다"
"1051","범하다"
"1052","곽하다"
"1053","지켜다"
"1054","조정되다"
"1055","끼여들다"
"1056","설득하다"
"1057","노리다"
"1058","우려하다"
"1059","터지다"
"1060","부딪다"
"1061","둘러서다"
"1062","자나다"
"1063","뭉치다"
"1064","부릅뜨다"
"1065","곤두서다"
"1066","받아치다"
"1067","드리우다"
"1068","잘못되다"
"1069","덤비다"
"1070","받아넘기다"
"1071","꿈틀거리다"
"1072","후비다"
"1073","밀어내다"
"1074","후리다"
"1075","차리다"
"1076","다가들다"
"1077","긋다"
"1078","되살리다"
"1079","빼들다"
"1080","때리다"
"1081","씩씩거리다"
"1082","흘겨보다"
"1083","고명하다"
"1084","덮치다"
"1085","가만있다"
"1086","단속하다"
"1087","팔리다"
"1088","빌려주다"
"1089","간여하다"
"1090","이러다"
"1091","달려들다"
"1092","궁하다"
"1093","탓하다"
"1094","들추다"
"1095","꽂다"
"1096","절다"
"1097","이다다"
"1098","고쳐다"
"1099","미워하다"
"1100","노려보다"
"1101","책망하다"
"1102","깨지다"
"1103","답례하다"
"1104","마지못하다"
"1105","제의하다"
"1106","금하다"
"1107","내키다"
"1108","건네주다"
"1109","지나치다"
"1110","불붙다"
"1111","성숙하다"
"1112","심다"
"1113","불러일으키다"
"1114","저항하다"
"1115","깔리다"
"1116","거역하다"
"1117","손되다"
"1118","뺏다"
"1119","두르다"
"1120","망설이다"
"1121","썰다"
"1122","바르다"
"1123","트다"
"1124","빨다"
"1125","혜하다"
"1126","거처하다"
"1127","눈멀다"
"1128","의심하다"
"1129","움츠리다"
"1130","떠돌아다니다"
"1131","은근하다"
"1132","맞닥뜨리다"
"1133","연마하다"
"1134","내오다"
"1135","박차다"
"1136","깨나다"
"1137","긁어모으다"
"1138","눕히다"
"1139","답하다"
"1140","불우하다"
"1141","봐주다"
"1142","의적하다"
"1143","분격하다"
"1144","들이닥치다"
"1145","감싸다"
"1146","독점하다"
"1147","붉히다"
"1148","끌어들이다"
"1149","눌리다"
"1150","애쓰다"
"1151","몰다"
"1152","잘못하다"
"1153","낙담하다"
"1154","외면하다"
"1155","해치다"
"1156","터트리다"
"1157","보증하다"
"1158","포함되다"
"1159","건들다"
"1160","넓히다"
"1161","눈뜨다"
"1162","굳어지다"
"1163","걸다"
"1164","친숙하다"
"1165","호형호제하다"
"1166","봉기하다"
"1167","결합되다"
"1168","창시되다"
"1169","깨치다"
"1170","반대하다"
"1171","띠다"
"1172","데려가다"
"1173","신비하다"
"1174","일컫다"
"1175","퍼뜨리다"
"1176","잦다"
"1177","태우다"
"1178","치료하다"
"1179","극복하다"
"1180","회개하다"
"1181","빠져나가다"
"1182","쓰이다"
"1183","애석하다"
"1184","신임하다"
"1185","싣다"
"1186","매수하다"
"1187","호응하다"
"1188","풀리다"
"1189","거사하다"
"1190","가두다"
"1191","충동하다"
"1192","벗기다"
"1193","일삼다"
"1194","되풀이하다"
"1195","겹치다"
"1196","어우러지다"
"1197","누다"
"1198","삼키다"
"1199","수리하다"
"1200","정비하다"
"1201","설치다"
"1202","맡다"
"1203","농락되다"
"1204","통솔하다"
"1205","적합하다"
"1206","윤허하다"
"1207","소탕하다"
"1208","논의하다"
"1209","속하다"
"1210","버려두다"
"1211","늘어놓다"
"1212","불태우다"
"1213","낙향하다"
"1214","유유자적하다"
"1215","총명하다"
"1216","사들이다"
"1217","다지다"
"1218","골몰하다"
"1219","비어지다"
"1220","맛보다"
"1221","부당하다"
"1222","가라앉다"
"1223","변호하다"
"1224","헤어나다"
"1225","펴지다"
"1226","죄다"
"1227","꾀하다"
"1228","소생되다"
"1229","걸리다"
"1230","내쫓다"
"1231","허물어지다"
"1232","재촉하다"
"1233","흡족하다"
"1234","따라서다"
"1235","철회하다"
"1236","출전하다"
"1237","쏟다"
"1238","점고하다"
"1239","돋보이다"
"1240","담기다"
"1241","마음먹다"
"1242","호위하다"
"1243","사재다"
"1244","묻히다"
"1245","들끓다"
"1246","단언하다"
"1247","짐작되다"
"1248","눌러앉다"
"1249","자시다"
"1250","천시하다"
"1251","들어앉다"
"1252","유리하다"
"1253","망하다"
"1254","실망하다"
"1255","충고하다"
"1256","경계하다"
"1257","조련되다"
"1258","터득하다"
"1259","주되다"
"1260","수비하다"
"1261","유지하다"
"1262","커지다"
"1263","안전하다"
"1264","끼이다"
"1265","위험하다"
"1266","출몰하다"
"1267","노략하다"
"1268","부추기다"
"1269","소란하다"
"1270","머무르다"
"1271","뛰어넘다"
"1272","군림하다"
"1273","무식하다"
"1274","오르내리다"
"1275","곁들이다"
"1276","뒤지다"
"1277","앞지르다"
"1278","임하다"
"1279","낭비하다"
"1280","종군하다"
"1281","쏠리다"
"1282","닮다"
"1283","사리다"
"1284","사랑하다"
"1285","가르다"
"1286","빗나가다"
"1287","당황하다"
"1288","빛나다"
"1289","청렴하다"
"1290","충직하다"
"1291","퇴청하다"
"1292","자세하다"
"1293","이해되다"
"1294","늦어지다"
"1295","모반하다"
"1296","납시다"
"1297","나붙다"
"1298","모여들다"
"1299","보내오다"
"1300","정예하다"
"1301","피다"
"1302","초모하다"
"1303","기약하다"
"1304","웅성거리다"
"1305","제거하다"
"1306","활용하다"
"1307","정색하다"
"1308","자아내다"
"1309","구별하다"
"1310","조직하다"
"1311","해보다"
"1312","빼내다"
"1313","퍼마시다"
"1314","의논하다"
"1315","멎다"
"1316","들려오다"
"1317","늘어뜨리다"
"1318","힘입다"
"1319","앉히다"
"1320","자수하다"
"1321","신무하다"
"1322","보답하다"
"1323","지탱하다"
"1324","요약하다"
"1325","승낙하다"
"1326","만발하다"
"1327","약속하다"
"1328","섞어다"
"1329","사르다"
"1330","굽다"
"1331","저버리다"
"1332","거르다"
"1333","설파하다"
"1334","자원하다"
"1335","돋우다"
"1336","발군하다"
"1337","얼르다"
"1338","근시하다"
"1339","수그러들다"
"1340","내려다보다"
"1341","날리다"
"1342","돌려주다"
"1343","그리하다"
"1344","변통하다"
"1345","떠들다"
"1346","되돌아오다"
"1347","배기다"
"1348","앗기다"
"1349","되돌리다"
"1350","칭송하다"
"1351","장식되다"
"1352","벼리다"
"1353","빈정거리다"
"1354","당도하다"
"1355","어루만지다"
"1356","산발하다"
"1357","대치하다"
"1358","반역하다"
"1359","휘날리다"
"1360","승승장구하다"
"1361","꼬나들다"
"1362","뒤집다"
"1363","꺽이다"
"1364","마주치다"
"1365","완전하다"
"1366","우쭐거리다"
"1367","함락되다"
"1368","달라다"
"1369","횡행하다"
"1370","건느다"
"1371","구원하다"
"1372","하채하다"
"1373","펼치다"
"1374","지정되다"
"1375","맞서다"
"1376","체하다"
"1377","쫓아오다"
"1378","역습하다"
"1379","뭉그러지다"
"1380","베이다"
"1381","밟히다"
"1382","대접하다"
"1383","달구다"
"1384","꺾이다"
"1385","들여보내다"
"1386","결의하다"
"1387","밝아지다"
"1388","처박히다"
"1389","번쩍이다"
"1390","장식하다"
"1391","특이하다"
"1392","접하다"
"1393","응대하다"
"1394","배이다"
"1395","무력하다"
"1396","누그러지다"
"1397","포위하다"
"1398","록하다"
"1399","감싸이다"
"1400","손하다"
"1401","설명하다"
"1402","경험하다"
"1403","신기다"
"1404","틀어지다"
"1405","불나다"
"1406","읽히다"
"1407","씨근대다"
"1408","대들다"
"1409","머금다"
"1410","잦아들다"
"1411","치하다"
"1412","기거하다"
"1413","몰아넣다"
"1414","찬동하다"
"1415","일치하다"
"1416","매복하다"
"1417","타오르다"
"1418","불어오다"
"1419","허둥거리다"
"1420","꿰다"
"1421","그을다"
"1422","합세하다"
"1423","옹위하다"
"1424","꾄다"
"1425","능하다"
"1426","합류하다"
"1427","밀려오다"
"1428","부치다"
"1429","우왕좌왕하다"
"1430","분해하다"
"1431","도착하다"
"1432","긴장하다"
"1433","뒤따라가다"
"1434","도리다"
"1435","작별하다"
"1436","되짚다"
"1437","투덜거리다"
"1438","되돌아가다"
"1439","호송하다"
"1440","뛰어내리다"
"1441","깍다"
"1442","쌔다"
"1443","거절하다"
"1444","합하다"
"1445","덮씌우다"
"1446","태만하다"
"1447","진노하다"
"1448","다루다"
"1449","잡혀가다"
"1450","좇다"
"1451","대패하다"
"1452","메우다"
"1453","근거하다"
"1454","계속되다"
"1455","밭다"
"1456","갈고다"
"1457","경호하다"
"1458","넘나들다"
"1459","관찰하다"
"1460","무례하다"
"1461","배은망덕하다"
"1462","요절내다"
"1463","머뭇거리다"
"1464","내밀다"
"1465","찾아들다"
"1466","고심하다"
"1467","맞아들이다"
"1468","찾아나서다"
"1469","가져오다"
"1470","거리다"
"1471","치켜들다"
"1472","발달하다"
"1473","반복되다"
"1474","곤두세우다"
"1475","베풀다"
"1476","참담하다"
"1477","기웃거리다"
"1478","시험하다"
"1479","약정되다"
"1480","되살아나다"
"1481","드날리다"
"1482","힘들이다"
"1483","구르다"
"1484","흑되다"
"1485","걷히다"
"1486","깨어지다"
"1487","전개되다"
"1488","애걸하다"
"1489","살상하다"
"1490","꿰뚫다"
"1491","점거하다"
"1492","굳다"
"1493","신통하다"
"1494","묘하다"
"1495","틀어박히다"
"1496","파헤치다"
"1497","처하다"
"1498","효수하다"
"1499","관되다"
"1500","독려하다"
"1501","물어보다"
"1502","문대다"
"1503","내보내다"
"1504","반신반의하다"
"1505","잘리다"
"1506","캐묻다"
"1507","주리다"
"1508","달아매다"
"1509","초조하다"
"1510","결심하다"
"1511","시위하다"
"1512","지치다"
"1513","뻐개다"
"1514","항거하다"
"1515","멋모르다"
"1516","따라나서다"
"1517","막아서다"
"1518","날아들다"
"1519","절륜하다"
"1520","투항하다"
"1521","감다"
"1522","묶다"
"1523","변질되다"
"1524","위협하다"
"1525","예측하다"
"1526","호소하다"
"1527","다부지다"
"1528","뒤집어쓰다"
"1529","낭패하다"
"1530","날아가다"
"1531","가세하다"
"1532","늦추다"
"1533","평정되다"
"1534","노획하다"
"1535","때려치우다"
"1536","터뜨리다"
"1537","구슬러다"
"1538","가라앉히다"
"1539","거닐다"
"1540","공부하다"
"1541","빼돌리다"
"1542","무릅쓰다"
"1543","둘러싸다"
"1544","간악하다"
"1545","참소하다"
"1546","시들다"
"1547","추가하다"
"1548","부임하다"
"1549","떠받다"
"1550","해하다"
"1551","공경하다"
"1552","가려내다"
"1553","우쭐대다"
"1554","시립하다"
"1555","사칭하다"
"1556","구슬리다"
"1557","한탄하다"
"1558","우리다"
"1559","문초하다"
"1560","닫아걸다"
"1561","만나주다"
"1562","치유하다"
"1563","울먹이다"
"1564","나리다"
"1565","핍박하다"
"1566","대표하다"
"1567","혼비백산하다"
"1568","씌우다"
"1569","드러눕다"
"1570","감아쥐다"
"1571","부러지다"
"1572","찢기다"
"1573","챙기다"
"1574","매달다"
"1575","깃들이다"
"1576","징치하다"
"1577","삶다"
"1578","뉘우치다"
"1579","감사하다"
"1580","부풀리다"
"1581","되찾다"
"1582","가로채다"
"1583","끊이다"
"1584","무지르다"
"1585","행해지다"
"1586","꿰하다"
"1587","큰소리치다"
"1588","대적하다"
"1589","질탕하다"
"1590","통곡하다"
"1591","되묻다"
"1592","찌다"
"1593","우글거리다"
"1594","둘러치다"
"1595","씹다"
"1596","보존하다"
"1597","용납되다"
"1598","호령하다"
"1599","비방하다"
"1600","모독하다"
"1601","죄이다"
"1602","망치다"
"1603","굽히다"
"1604","찧다"
"1605","논하다"
"1606","적시다"
"1607","갇히다"
"1608","편들다"
"1609","처결하다"
"1610","용맹하다"
"1611","길들이다"
"1612","결백하다"
"1613","입시하다"
"1614","불손하다"
"1615","겁내다"
"1616","쐬다"
"1617","째다"
"1618","발호하다"
"1619","증요하다"
"1620","기고만장하다"
"1621","진군하다"
"1622","진압되다"
"1623","감탄하다"
"1624","드높이다"
"1625","굴복하다"
"1626","곁들다"
"1627","사로잡히다"
"1628","내통하다"
"1629","이웃하다"
"1630","뻗치다"
"1631","현혹되다"
"1632","발붙이다"
"1633","착수하다"
"1634","허약하다"
"1635","내보이다"
"1636","탐학하다"
"1637","구차하다"
"1638","파다"
"1639","잇따르다"
"1640","쑤시다"
"1641","밀려들다"
"1642","회복하다"
"1643","무시하다"
"1644","추키다"
"1645","곪다"
"1646","준비되다"
"1647","이름하다"
"1648","독살하다"
"1649","괘하다"
"1650","혼미하다"
"1651","동의하다"
"1652","판단하다"
"1653","지레짐작하다"
"1654","덮다"
"1655","사무치다"
"1656","틈타다"
"1657","모살하다"
"1658","거행하다"
"1659","짖다"
"1660","두둔하다"
"1661","지켜보다"
"1662","주저하다"
"1663","붕어하다"
"1664","황망하다"
"1665","보전하다"
"1666","부축하다"
"1667","주동되다"
"1668","다가가다"
"1669","흉측하다"
"1670","도륙하다"
"1671","다잡다"
"1672","밀려나다"
"1673","뿌리치다"
"1674","추대하다"
"1675","회복되다"
"1676","넘어서다"
"1677","상대하다"
"1678","호화되다"
"1679","동화되다"
"1680","도달하다"
"1681","들이대다"
"1682","사퇴하다"
"1683","끼얹다"
"1684","예감하다"
"1685","점검하다"
"1686","끊기다"
"1687","둘러대다"
"1688","오가다"
"1689","재우다"
"1690","반색하다"
"1691","수런거리다"
"1692","빌붙다"
"1693","거우다"
"1694","짜내다"
"1695","숙이다"
"1696","자극하다"
"1697","엎질러지다"
"1698","해결되다"
"1699","잊어버리다"
"1700","걷잡다"
"1701","비참하다"
"1702","독살되다"
"1703","강요되다"
"1704","별하다"
"1705","응낙하다"
"1706","드나다"
"1707","나다니다"
"1708","몰아내다"
"1709","조작하다"
"1710","동일하다"
"1711","불가능하다"
"1712","강조되다"
"1713","부풀다"
"1714","뚫리다"
"1715","칭탁하다"
"1716","모함하다"
"1717","촉구하다"
"1718","상의하다"
"1719","처리하다"
"1720","간교하다"
"1721","재다"
"1722","탐하다"
"1723","누이다"
"1724","헐뜯다"
"1725","빗다"
"1726","주장하다"
"1727","우물거리다"
"1728","단념하다"
"1729","처단하다"
"1730","띄우다"
"1731","비웃다"
"1732","총애하다"
"1733","짓치다"
"1734","방해하다"
"1735","정탐하다"
"1736","충성하다"
"1737","휩싸이다"
"1738","관망하다"
"1739","넘치다"
"1740","올라가다"
"1741","들여놓다"
"1742","대가다"
"1743","뜨리다"
"1744","상반되다"
"1745","절충하다"
"1746","찍다"
"1747","입궁하다"
"1748","불러내다"
"1749","놓이다"
"1750","다치다"
"1751","젖히다"
"1752","둘러쌓다"
"1753","닫히다"
"1754","뒹굴다"
"1755","기울다"
"1756","통괄하다"
"1757","몰아치다"
"1758","윽박지르다"
"1759","꼬나잡다"
"1760","공모하다"
"1761","찍히다"
"1762","잡아내다"
"1763","지휘하다"
"1764","흥분하다"
"1765","후덕하다"
"1766","혼란하다"
"1767","주관하다"
"1768","켜다"
"1769","붙들리다"
"1770","부둥키다"
"1771","흐느끼다"
"1772","갈라지다"
"1773","비추다"
"1774","뉘다"
"1775","절하다"
"1776","끌려가다"
"1777","제거되다"
"1778","고요하다"
"1779","소멸되다"
"1780","수놓다"
"1781","거만하다"
"1782","수군거리다"
"1783","비켜나다"
"1784","어르다"
"1785","상징하다"
"1786","가로지르다"
"1787","쩔다"
"1788","출입하다"
"1789","거리끼다"
"1790","찌푸리다"
"1791","안정되다"
"1792","끝맺다"
"1793","겨누다"
"1794","밀치다"
"1795","뛰쳐다"
"1796","지껄이다"
"1797","얘기하다"
"1798","어긋나다"
"1799","폐위되다"
"1800","여하다"
"1801","해내다"
"1802","위축되다"
"1803","감동하다"
"1804","접다"
"1805","롱하다"
"1806","되받아치다"
"1807","륜하다"
"1808","개탄하다"
"1809","아까워하다"
"1810","깎다"
"1811","태연하다"
"1812","양하다"
"1813","치닫다"
"1814","젠체하다"
"1815","매이다"
"1816","삐다"
"1817","날아내리다"
"1818","찾아뵈다"
"1819","뒤흔들다"
"1820","흠모하다"
"1821","검소하다"
"1822","따라다니다"
"1823","사모하다"
"1824","결행하다"
"1825","여쭙다"
"1826","약조하다"
"1827","환대하다"
"1828","차이다"
"1829","암약하다"
"1830","결정되다"
"1831","불러모으다"
"1832","찬양하다"
"1833","찬배하다"
"1834","벗어던지다"
"1835","파직되다"
"1836","멸하다"
"1837","ㅁ하다"
"1838","유폐되다"
"1839","감시하다"
"1840","가버리다"
"1841","부둥켜안다"
"1842","욕보이다"
"1843","뒤틀다"
"1844","흉악하다"
"1845","부하다"
"1846","입조하다"
"1847","움켜쥐다"
"1848","겨냥하다"
"1849","조련하다"
"1850","웃기다"
"1851","사죄하다"
"1852","뜨이다"
"1853","갈무리하다"
"1854","편입되다"
"1855","완결되다"
"1856","붙들다"
"1857","무모하다"
"1858","암살하다"
"1859","시럽하다"
"1860","끄르다"
"1861","간수하다"
"1862","들키다"
"1863","잡아들다"
"1864","빠져나오다"
"1865","불문곡직하다"
"1866","압송하다"
"1867","조사하다"
"1868","녹다"
"1869","갈아입다"
"1870","묵다"
"1871","찬성하다"
"1872","가시다"
"1873","짓이기다"
"1874","숨어들다"
"1875","엿듣다"
"1876","장만하다"
"1877","속삭이다"
"1878","가하다"
"1879","내리찍다"
"1880","반박하다"
"1881","희생되다"
"1882","결별하다"
"1883","대면하다"
"1884","동행하다"
"1885","투숙하다"
"1886","꾸물거리다"
"1887","불초하다"
"1888","번뜩이다"
"1889","와닿다"
