"","name","V2"
"1","공손찬은","뿐 죽음 적 우리 세 일 일 한 이 어떤가 것 역적 힘 벼슬자릴랑 자네 군사 들이 제후 천하 동탁 나라 가세 나 말 두 속 흙 영웅어떻 하찮 나가다 달리다 들다 붙다 기울어지다 치다 합치다 던지다 일으키다 치다 어지럽히다 듣다 나다 나오다 지나치다 하다 묻다 "
"2","공손찬이","되었소이까 이몸을 장군 소년 누구 사람 저 속 나 놈아 의리 원소 말 궁수로서 줄 감 대장 들 제후 우리 너어떻 어지럽 없되다 구하다 뉘다 속이다 나르다 어찌하다 저버리다 나가다 썩다 하다 알다 감다 "
"3","공손찬도 ","무엇이옵니까 바 저희그렇하다 하다 "
"4","곽가는","것입니 천자 곽사 이각과 봉효는 그 이유 것 천자 곽사 이각과 봉효는 어떻 어떻기다리다 기다리다 "
"5","곽가가","마십시 심려 일 분 만 은혜 승상 지 은혜 승상 저 해 그 사람 것 항복 사람 의기 운장은 어떤가 생각 그대 걱정 원소 데 유비 내 군사 동쪽 나 알아보셨소 용케 문약 그렇소이다 어떤가 뜻 그대 유현덕을 내 순욱이 계책 심려 일 분 만 은혜 승상 지 은혜 승상 저 해 그 사람 것 항복 사람 의기 운장은 어떤가 생각 그대 걱정 원소 데 유비 내 군사 동쪽 나 알아보셨소 용케 문약 그렇소이다 어떤가 뜻 그대 유현덕을 내 순욱이 계책 수 평정 일거 그때 기주 변란 사이 들 형제 원씨 유표 것 도모 형주를 남쪽 군사 것 우리 무리 권력 사이 형제 셋째 맏아들 원씨가 스스로 몸 한 존귀 대 승상 데 한 존귀 법 뜻 춘추 예 것 수 을 성 하시 공격 성 내 군사 뒤 마음 유비 답 말 주공께서는 여유 려는 싸우 다음 예 주공께 구원 리 유비 마음 내 병 어려움 길 그대 때문 욕심 내 평정 사막 것 근심거리 이쪽 해 이용 그 함 무례 원소 말 저희 것 되도록이면 계책 때 주공에게는 지금 천하 대 수고 자 천하 편하 어떻 멀 좋 평정하다 없애다 오다 이용하다 참다 믿다 말다 낫다 베다 하다 기다리다 하다 기다리다 다가오다 다가가다 하다 얻다 "
"6","곽가도","주인 나 만나다 "
"7","관우는","세 기다리 일 인정 데 장군 것 여기 허장성세로만 그것 저 꾀 저 연기 조 조 것 수 속 그 데 군사 조 조 못하셨소 말 허허실실이란 병법 운장은 맞서겠소이다 힘 있겠소이까 수 공사 정 로운 사사 것 군명 일 오늘 셈이외다 한 보답 은혜 어려움 백마 문추를 안량과 하나 은혜 승상 아무개 관 날 걱정 일 것 뒤 한 보답 은의에 조공 않겠소 일 수 이곳 없소이다 수 맹세 데 입 은의를 황숙 나 있소 것 대접 두터이 나 조공 나 거요 짐승 여기 천하 사람 절하시는구려 번 세 번 두 말 일이없더니 때 금은 비단 미인 나 지난날 말 마맹기와 나 말 장 관운 앞 진문 승상 맞서겠소이다 힘 있겠소이까 수 공사 정 로운 사사 것 군명 일 오늘 셈이외다 한 보답 은혜 어려움 백마 문추를 안량과 하나 은혜 승상 아무개 관 날 걱정 일 것 뒤 한 보답 은의에 조공 않겠소 일 수 이곳 없소이다 수 맹세 데 입 은의를 황숙 나 있소 것 대접 두터이 나 조공 나 거요 짐승 여기 천하 사람 절하시는구려 번 세 번 두 말 일이없더니 때 금은 비단 미인 나 지난날 것 리 이 가지 조 조 일 한 결정 뜻 님 형수 분 두 수 성 군사 조 조 바 조건 가지 세 저 항복 제 장료가 장수 조 조 그때 외고 신세 토산 몸 고단 싸웠습니다만 나 성 어제 저 있었겠소 수 눈 한 고명 형장 들 소동 마을 몸 이름 숨겼소이다 몸 그곳 처족 소쌍 이가촌에 앙향 없소 수 그당을 나 글 형님 했소 군명유불수) 있다(장재외 때 명 임금 때 을 있 밖 장수 옛말 있겠소이까 수 남 삘인들 한 땅 대한 형주는 맹세하였소 바로잡기 한 의 도원에서 형님 우리 나 없 작 없 가늘 날다 하다 보내다 하다 때가다 못하다 받다 때다 내주다 남다 하다 대하다 맹세하다 바로잡다 쓰러지다 맺다 나오다 "
"8","관우가","것 장군 너희들 그때 것 힘 도움 말 인 주 것 리 이 장비 아버님 한데 분명 것 뜻 것 난처 노숙 쫓아보내셔서 제갈근을 아버님 전 하겠소 조 조 오늘 것이외다 보답 것 거 에워싸인 백마 문추를 안량과 했소 보답 나 사실 것 한 대접 나 조 조 지난날 걱정 참 군사 목 저 푯대 저 자 안량이란 받겠소이다 처벌 군법 일 것 주머니 때분에 겨울 뿌리씩 너덧 가을 뿌리 수백 곳 송구 저 오시었소 무슨일 이번 자유 길 것 줄 매복 것 나 연기 조 조 번 한 말씀 그 데 실수 터럭만한 것 계책 모두 때 필요 뒤 군사 떼 한 주공께서는 공 교분 형 저 교분 현덕 형 영 아우 분 두 형님 리 저 형님 까닭 한칼에 뱃속 시커먼 저 속 임금 조 조 가가 대풍 고제 노래 뿐 뜻 내 소매 않지에 소매 내 말 형님 여인 여색 어디 이걸 장비 정신 형님 무엇 받겠소이다 처벌 군법 일 것 주머니 때분에 겨울 뿌리씩 너덧 가을 뿌리 수백 곳 송구 저 뒤 채 자기 나중 일 뜻 것 뜻 때 자리 한 우리 여장군 참이었소 도법 영제와 나 틈 내 허물 영제를 유형 것 연마 한 훌륭 이상 것 맞수 무예 해서 핍박 사람 뿐 우리들 마음 말 한 나 아래 너 무예 사람 저 어디 것들을 너희 일 군마 화포에 군기 마 군량 내 불 전 싸움터 선봉 둘 너희 나 반역 조정 너희들 말버릇 그 형님 익덕 청룡도 형 떠나려거든 정 무엇 것 떠나려드니 견 소 저 뜻 형님 놈 너 죄 의 전 네놈 해서 핍박 사람 뿐 우리들 마음 말 한 나 아래 너 무예 사람 저 우리 공도 유벽과 압니다만 줄 것 고성이 우리 공도 유벽과 압니다만 줄 것 고성이 준비케 안주 술 로운 향기 하나 주루 한 깨끗 성안 말 내 너 위해서였소이다 죽음 것 아무개 관 무엇 한될게 죽 자리 예순 나 대장부 그만들 분부셨숩니다 큰아버님께 해 허락 뿐 재보 나은가를 솜씨 쪽 보고 번 한 서천 들으지고 말 무예 마 아버님 두 가슴 말씀 군사 인마를 익덕보다 자룡이나 운장께서는 것 용맹 한 만 명 예순 나 되었소이다 한현을 장사 유반과 조카 유표 뒤 지냈소 중랑장 아래 유표 승 한 자 사람 남양 황충은 때문 장수 황충이란 아래 별것 한현이란 태수 같소 것 일 데 장사 이번 갔소 군마 천 3 데 무릉을 익덕이 계양 자룡이 걱정 것 십상 도 화용 정말 조 조 사람 여기 의기 아우 내 드리겠소이다 군령장 뜻 형님 일 병가 것 이 수 열 기업 년 백 4 이 번 한 산 구리 그 여러번 때 천하 항우와 고조 지난날 말씀 형님 들 도적 여남 수고 말 개 저 바라건대 하나 주머니 수염 운장을 나 겨울이구려 것 용납 것 황숙 우리 뒷날 조 조 것 무엇 까닭 물 저희 일 큰아주버님께서 거기 법 집안 하나 군사 아낳고 하나 터럭 우리들 조 조 목숨 죽 우리들 때 성안 들이 군사 조 조 어젯밤 동정 저들 번 한 나 저 않겠소 원망 목 내 이 아니잖느냐 것 욕 딸 집안 행세 고을 소저라면 감씨댁 일 허물 그 사실 것 한 여자 형님 말 영ㅇ웅호색이란 날 저희들과 형님 신 저희 여기 것 신의 평생 사람 두 저희 상제 하늘 귀신 사람 저희들은 된다더냐 힘 세상 성미 고생 너 된다더냐 힘 세상 성미 고생 너 두렵 크 없 멀 하다 감다 허물되다 하다 하다 하다 되다 만나다 삼다 신다 저버리다 되다 고치다 하다 되다 고치다 하다 "
"9","관우도","가지 것 이런일은 오늘 때 놈 도적 동탁 나 그때 수 영광 담 대명 우레 귀 비 한 미천 이 있 대명 기회 성 공의 답 인연 살았소 탁군에서 대 유비 저 수 영광 담 대명 우레 귀 비 한 미천 이 있 대명 기회 성 공의 답 인연 살았소 탁군에서 대 유비 저 일 형님 나 이 자네 죄인 나라 인간 아우 너 형 너 그 신하 명 성상 하나 속관에 자사 독우가 배우셨소 어디 창법 장형 장형뿐이었소 사람 백합 청룡도 내 들 무리 녹림 추격 관병 년 5 요 마찬가지 그것 없소 것 때문이었소 관부이기 데 것 한 대단 내력 한몸 것 나 말씀 당찮은 보존케 목숨 바라건대 거 충의 문원이 관아무개도 주루 우리 대 거처 대 소쌍에게 너희들 때 후사 말 익덕 것 청 미공 님 큰형수 소저를 감씨벅 평원 무섭 없 당찮 없 망설이다 하다 보존하다 바라다 알다 하다 찾다 정하다 이르다 들다 돌아가다 되다 하다 돌아보다 익다 못하다 받아들이다 "
"10","운장은","말 목숨 것이로되 너 내 나오다 타다 가다 말다 가다 붙이다 죽이다 "
"11","운장이","죽음 항복 죄 나머지 나 반적 길 목 자네 나 아닐는지요 일 로운 상서 데 돼지 꿈 이 듯싶습니다 한 걱정 한 공연 듯싶습니다 일 속임수 글 공명 거기 사람 주유 곳 유황숙께서 이곳 잡병들이냐 어디 들 네놈 가볍 두렵 없 많면하다 하다 죽이다 오다 가다 얻다 보다 이것다 가다 보내다 쓰다 모르다 알다 다스리다 숙다 서다 "
"12","운장도","말 배반 주인 나어떻 배반하다 "
"13","관공이","라 그때 형주를 내 군사 틈 조조아 우리 틈 형주를 군사 육 여몽은 장수 동오 걱정 동오가 소견 저 들 장졸 조 조 양양 번 한 북소리 장군 길이 형님 작별 승상 지 고향 것 승상께로 나 문원은 마음 저 바람 생각 형님 님 형수 분 두 줄 너따위를 나 어떠냐 지세 북쪽 저 성 오병들이 성 한 만 우리 힘 상 천금 자 머리 장 관운 만 일 그대들은 번 한 정리 지난날 관공 무엇 이름 골짜기 저 곳 리 십 북쪽 번성 인마가 배원소에게 산 와우 나 어디 장사 무엇 이름 그대 일 없겠소이까 수 배 태수 누구 것 거기 무슨일 님 형수 분 두 좋겠소 나 없소 수 죄 주었소 말 죄 가지 세 내 그대 그때 형주를 내 군사 틈 조조아 우리 틈 형주를 군사 육 여몽은 장수 동오 걱정 동오가 소견 저 들 장졸 조 조 양양 번 한 북소리 장군 길이 형님 작별 승상 지 고향 것 승상께로 나 문원은 마음 저 바람 생각 형님 님 형수 분 두 이곳 날개 너 사람 관 명 장군 하후돈 나 것 벌 분명 것 로운 사사 이번 관우 장 통행 승상 너 것 정 형제 그들 사람 저 큰아버님을 촉 공명 아우 사람 저 것 방덕과 뒤 며칠 장군 않겠소 풀려들지 옛정 사람 고향 않소이다 무 것 소리 뿐 죽음 꾀 한 간사 들 네놈 잘못 나 수 패거리 한 역적놈 한 너 맹세 되일으키려 한 의 동산 복사꽃 유황숙은 나 쥐새끼 수염 놈 눈알 무엇 항복 무리 쥐 너희 나 너 일 진 원수 아무것 나 너 것아 왕식 해 치료 대 그대 두려워하겠소 거 것들처럼 세상 저 나 말 무엇 것 나 있소 여기 것 곳 죽음 나 항복 말 관 너 가지 목 뜻 위왕 나 뒤 그대 군사 나 그때 안 역관 누구 불 3 마련케 하나씩 횃불 뒤 역관 천 1 군사 밤 오늘 꾀 무예 죄 들 장수 관 태수 앞 길 여기 뿐 승상 관우는 오늘 만 신의 선생님 뿐 수 마음 팔 어떻소 것 해 시작 치료 뵙고 한중왕을 아버님 성도 너 터 글 적 공 각자 것 상이 거기 바 공인 힘 저 들이 장수 벼슬아치 공이 아비 것 이번 짓 도끼 칼 무엇 잡음 돼지 개 것 그대 나 그물 우금이 눈 그물 중구 것 나 우금은 님 형수 분 두 터 막 나 자 앞 호위 수레 너희들 작정 마음 들 군사 우리 떼 너희들 수 큰일 그 상처 따위 어지 작정 평안케 한 조 조 역적 허도를 군사 뒤 번성 눈앞 날 번성 나 번 한 아우 한지 방자 자 형님 번 한 아우 한지 방자 자 형님 진심 목 적장 나 아우 손 나 그 나 수 때문 나 공수가 승상 입 너희 죄 너희 뿐 일 한 부득이 것 공수를 나 들 군사 크 다르 작 없 쓰다 나오다 되다 죽이다 내가다 하다 하다 해치다 되다 하다 전하다 모으다 입다 하다 죽이다 마르다 달아나다 "
"14","관공은","여기 자 은혜 나 상이 조승 사람 길 일 한 나 관 일 허락 승상 길 하북으로 형님 어딜 아드님 어른 호화 밖 허도성 그대 어디 부인 두 관 일 허락 승상 길 하북으로 형님 것 말 신세 물고기 들 적병 천 중구 번성 둑 뒤 배 곳 우리 물 둑 막 물길 곳 나 바 것 물 강의 않으냐 비 가을 넣았다 군사 골짜기 천 중구 벌 채 판 우금은 너 성 아우 때 형님 형님 원소 손 나 수 둘 몸 우리 하나 성 뿐 손 나 성 이 소리 그대 것 살 년 천 죽백 이름 한 깨끗 몸 내 대나무 흰빛을 옥 죽 성 말 항복하란 적국 의 하늘 자리 군후 대접 형제 주인 내 무부로서 땅 해량 나 글 속 내 장수 어린아이 눈 손 버성까지 강 들 군사 배 눈앞 목숨 낯 아버님 죄 저 님 형수 분 두 죽겠소 한 죄 가지 세 항복 갑옷 나 승상 약조 가지 세 말 승상 그 없소 수 말 임시변통 내 형 없 크 없 그렇 보다 하다 놀라다 죽다 싸우다 되다 짓다 가다 들어주다 항복하다 벗다 들어주다 받다 가다 말하다 오다 말하다 "
"15","관공도","몸 길 바라건대 몸이외다 죽 화 나 있겠소이까 리 그때 이끌다 헤매다 잃다 내리다 가르치다 밝다 바라다 죽다 잊다 받다 구하다 "
"16","관평은","여몽에게 형주는 말하기 사람 번성 길 세 대 조 조 곳 한 비롯 언성 서황은 분부셨숩니다 큰아버님께 해 허락 뿐 재보 나은가를 솜씨 쪽 보고 번 한 서천 들으지고 말 무예 마 아버님뛰어나 빼앗기다 오다 구하다 일으키다 빼앗다 하다 서다 드리다 허락하다 하다 겨루다 오다 들다 "
"17","관평이","1 칼 나 도적 주인 마련 것 물 적 뭍 우리 말 마맹기와 나 것 성 한 마땅 마음 들 군사 좋겠소 것 몸 형주로 있겠소 수 나 오른팔 아버님 나 치 온전 몸 아버님 계 아버님 방덕과 해 대신 아버님 저 방덕과 돌멩이 분 태산 아버님 넉넉 구원병 군사 맥성이 곳 채 군사 밤 오늘 군사 곳 지세 서황은 채 번 첫 자네 나 것 여기 적병 곳 면수에 이곳 수 온전 채 나머지 채 번 첫 작 이롭 이르 어떻 하다 쉬다 멀다 들이치다 이끌다 머무르다 못하다 서다 구하다 가다 나오다 못하다 붙다 하다 잃어버리다 물러가다 속다 "
"18","관평도","보겠소 에움을 적 장군 나두껍뚫다 돕다 "
"19","노숙은","계책 내 좋겠소 어찌 리 이 관우가 것이외다 우리 편 리 이 으나 없 차 그 해야겠소 관우를 나 사람 말 다음 한 마련 술자리 정자 강가 밖 채 바람 의 오후 것 대 돈 곡식 약간 때 이곳 군마 우리 황숙 것 황숙 감 혼수 인의 혼 이번 땅 서천 대 형주를 서천 결정 서천 군사 해 대신 황숙 끝 한 의논 수 장 말씀 덕 황숙 말씀 황숙 땅 동종 오후 되오이다 해지 불편 처지 저 처지 노숙 것 이치 말씀 공명 수 핑계 유비 양양 형주와 우리 그때 그 것 년 반 꼴 피 기침 빛 한 파리 데 얼굴 뼛속 병 가까이해 술 여자 유기 저 묘하겠소 동오를 공명 그 친형 그 제갈근은 막빈으로 우리 크 어렵 지나치 묘하 가다 죽다 넘기다 보다 토하다 하다 돌다 하다 하다 스미다 가까이하다 보다 하다 섬기다 달래다 시키다 비다 "
"20","노숙이","것 나 것 처 우리 호랑이 병 편 상대 조 조 흘로 힘 있소 수 막 힘 우리 조 조 형주를 내 유씨네에 흔수감으로 의 군주(君主=손부인) 그걸 뒤 서천 우리 어떠냐고 대 군사 동오가 우리 손씨 서천 골육이 유씨가 집안 한 흔인을 집안 두 유씨 손씨와 말 유비 형주로 없소 필요 오후 자 라정이오 구경 히 사람 보증 형주를 서천 유비 빌려주었소 유비 형주를 보증 지난날 자 형주를 대 을 서천(西川) 뚜렷 문서 일 화 강남 복 조 조 말씀 줄 밖 가지 한 공근(t1%) 나 원 방사 까닭 주공께서는 그러셨소 거 데 속셈 저들 선생 때문 무엇 없소 수 나 황숙 계책 있소 땅 어디 말씀 동오에로 우리 형주를 뒤 땅 공명 말씀 단 한 되었소이까 말씀 공자 문 노숙 동오 감사드리겠소이다 내 예물 현덕께서 오늘 그대 수 짓 죽 저 그 원 방사 터 천하 한 간사 조 조 말씀 그 말씀 그 적 속 번 한 이래 강 선생 이숙과 공명 것 속 우리 사람 저 유비 전 힘 말 데 서늘케 간담 조 조 룰 군사 조 조 번 두 꾀 제갈량 황숙 라정이오 구경 히 사람 보증 형주를 서천 유비 빌려주었소 유비 형주를 보증 지난날 자 형주를 대 을 서천(西川) 뚜렷 문서 일 화 강남 복 조 조 말씀 줄 밖 가지 한 공근(t1%) 나 마땅 낮 서로 혼인 양가 려주지 지 땅 황숙 때문 일 형주 것 리 이 명 오후 저 오늘 궁금 언제쯤 황숙 형주는 세상 공자 동오에게로 우리 형주는 공자 하시 말씀 황숙 전 비웃음 사람들 세상 황숙 뿐 일 이치 이 독차지 이익 거기 황숙 전랴안 인마와 동오는 차 양양 형주와 속임수 황숙 불구 것 동오에게 고을 아홉 형주 황숙 대 조 조 동오가 우리 황숙 실 것 강남 겉 적 대 백 조 조 황숙 저 공근께서 도독 오후 주인 저희 말 수 소리 그대 공명 해 의논 계책 것 길 앞날 공명 저 걱정 황숙 들이 군사 조 조 고정 법 사람 사자 나라 두 것 그 뒤 군사 조 조 생각 나라 데 사람 같겠소이다 뜻 나 분 시무 공명 딴소리 저들 大計 대계 주공께서는 것 만 자기 말 사람 저 일 스스로 南面 남 것 서넛 자랬자 한 말 대 한 수레 것 후(侯)에나 작위랬자 수 주공께서도 항복 조 조 주공께서 셈 군(郡)도 주 것 고향 벼슬 저 조 조 항복 조 조 무리 노숙 것 줄 무겁게써 공 유황숙께서는 의지쌔 유황숙께 차라리형주로 같소 속 어둠 구슬 그것 그 강남 정도 탄복 재주 그 제갈량조차 말 그 주유 지난날 만 자 오 손자 데 군사 악의 管仲 관 계략 지모 뿐 지리 아래 천문 위로 사람은 수 주공을 천거 사람 한 저 바라건쌔 수 감당 대 바 천거 주공께 잘못 주유 데 재주 쓸모 은 숙(肅) 수 마주앉을 인 주 노숙 사위 동오 우리 황숙 보겠소이다 내 방도 바 해 탐지 그 대 세작들이 강북 며칠 걱정 있겠소이까 수 해서 생각 정 낟가리 곡식 지난날 분 수 은인 내 자 형주성에 군사 주공께서는 우리 찾아오시었소 잘못 리 후회 한마디 대장부 것 말 일 때문 들 무리 주장 항복 시간 마음 주공께서 뿐 계책 스스로 무리 지키려드는 처자 몸 그 말 그 주공께서는 모양 하기 항복 조 조 내 군사 주공께 사람 포 장자 번 한 자 못했소이다 중 의논 앞일 사신 나 보내왔소 격문 사신 조 조 어제 것 군사 조 조 허실 적 데 번 조 조 황수께서는 짝 뵙게 다행 만나뵙지를 인연 오랩니다만 지 이름 황숙 것 일 조 조 우리말 유비 조 조 우리 어루어 들 장수 유표 유비 저 조상 유표 강하 숙(肅)을 바라건대 조 조 유비 그 유표 주인 땅 땅 한 만 삼 밑천 길 제왕(帝王) 수 삼 근거지로 우리 곳 한 넉넉 살 들 백성 산 강과 땅 해 이웃 우리 형주는 일 한 애석 약조 소호로 양 유자 나 고맙소만 뜻 뿐 그 것 마음 선생 무리 속임수 제갈량은 사람 나 유현덕은 하기 생각 저 하십디다 표 조의 한 간절 선생 갈 유황숙과 번 세 번 두 도독께서는 주 제사 예물 것 보잘 저 말 세상 유기 공자 주공께서는 그때 공자 만 군무 번 한 자 니 것 수 내 제갈량도 이번 책 계 내 子敬 자 화 오후 로 그대 말 않소 핑계 소리 골육이 조 한 뻘 아우 유장 따위겠소 理輝 유장 의 서천 있었소 뜻 형주를 의지 유표 전 유비 걸려들었소이다그려 꾀 제갈량 지경 없 어떻 바쁘 없 되다 하다 다녀오다 벗어나다 헤아리다 따르다 그러다 미치다 전하다 지나다 하다 되다 되다 품다 삼키다 의지하다 걸려들다 "
"21","도겸은","것 늙은이 리석은 어 윗사람 공 나 말 계책 보존 백성 땅 만 보시었소 해 생각 뒷일 한 답답 이 못하겠소 눈 나 생각 들 백성 고초 틈바구니 것 말 각축장 염치얹는 저들 대 우리 나 자랑 위세 방 들 도적 데 땅 오래전 원술이 북 불 눈 구실 원수 아비 조 조 동 모르겠소 를 바 어찌 가망 병 터 려운 어 들 백성 땅 몸 덕 재주 나 없 없 모질 성하 죽다 생각하다 받다 되다 얹다 죽다 자랑하다 일어나다 넘보다 켜다 불다 모르다 하다 일어나다 얻다 지키다 모자라다 "
"22","도겸이","아너되 일 주 깨우 현덕공이 늙은이 때문 수 길 맡 중 재주 둘째 상 맏이 이 것 눈 늙은이 이걸 그대없아너되다 하다 맡다 치다 깨우다 가르치다 죽다 맡다 모자라다 나다 못하다 죽다 떠나다 받다 "
"23","동탁은","뜻 왕윤 수주 태사 상 한 과분 그 너 역적질 너 누구 누구 저 것 천하 면 수 자 예삿내기가 놈 여포란 오늘 안장 맹덕에게 어떤가 은 생각 자네 데 제위 진류왕을 금상 같 없 두렵 어떻믿기다 하다 올리다 받다 하다 얻다 보다 내주다 오르다 지다 "
"24","동탁이","퉁하였느냐 정 사 사 그놈 여포 너 조서 일 폐하 너 하나 거리 걱정 나 병 배 가슴 손견이 호응 안 하려는가 무엇 맹덕은 맹덕은 퉁하였느냐 정 사 사 그놈 여포 너 말 싶소이다 곡조 한 알겠구료 줄 노래 것 감복 은덕t 숭상 마음 사람 두 니라 뿐 칭송 위엄 승상 것 채 당도 조칙 줄 뜻 승상 시일 었어 수 상대 어느누구도 사람 두 리 사람 조칙 천자 일 두 반하에 들 호걸 당금 다같이 찬 공손 원소 없소 필요 무 있어서이니 까닭 것 목 역적 것이외다 일 바람 손 봉선 아들 내 잘못 밀서 원술에게 사람 하였소 나 이 한끈으로 원술과 장온이 들 제공 나 저 나 쉽 차 없 두텁 놀라다 공들다 하다 드러나다 들어가다 잘못하다 보내다 시키다 하다 해하다 나르다 잇다 말다 놀라다 하다 해치다 나르다 "
"25","동탁도","라 원훈이되리 사도 내게로 명 천되다 돌아오다 "
"26","마속은","산 누구 못하다 에워싸다 바라다 "
"27","마속이","한 천 구 저 들 자식 저 의 우 곤 순임금께서는 옛적 죄 아비 들 자식 저 바라건대 죽음 죄 죽 저 아버님 승상 저 아들 저 승상 말씀 그 곳 한 가정 병법 병서를 저 한 천 구 저 들 자식 저 의 우 곤 순임금께서는 옛적 죄 아비 들 자식 저 바라건대 죽음 죄 죽 저 아버님 승상 저 아들 저 승상 말 밀고든단 위병 산골짜기 모르겠소 걱정 승상 번 한 승상 하나 계책 수 손 조예 절 의 사마 제 수 때 다독 그 들 군사 우리 뒤 평정 남방 승상 지 바 승상 것 승상 종이 남몰래 저 수 큰소리 것 아시 틈 나 조비를 북 우리 것 평정 승상 이번 것 내일 힘 오늘 지 복종 천자 거 산 땅 들 오랑캐 남쪽 말씀 한 대 승상 틀림없 어렵 험하 어리석 비다 나서다 치르다 되다 가다 다스리다 일어나다 들다 놓다 누르다 되다 복종하다 믿다 멀다 올리다 하다 묻다 "
"28","마초는","나 일이요 굳지킬 의 곳 것 수 속임수 조 조 채비 어 나뉘 양쪽 서황을 님 숙부 쪽 조 조 저 내일 서황을 하서에 저 쪽 조 조 숙부 오늘 함 방심 군사 조 조 저 님 숙부 수 당 그자 않았다 채비 수 지 앞일 간사 허락 화평 조 조 것 진심 항복 일 너 것 를 나 사람 말 이회 나 누군지 장수 바람 배 조 조 장수 용맹 한 기회 조 조 번 몇 오늘 수고 보내시어조조와 허창 사람 두 형제 우리 숙부 바라건대 우리 문 없 없 많 급하 잘하다 모르다 말다 놓치다 뛰어내리다 하다 사로잡다 나다 하다 벗어나다 하다 싸우다 보내다 묶다 바라다 돌아오다 열다 "
"29","마초가","나 이름 천자 오히려조조가 뜻 지난날 힘 그 한다.이제 형주를 유비 이번 유비 그동안 서량에 나 유비 죽음 조 조 새 일 동숭은 적 한 맹세 역적 유비 조서 속 띠(衣帶) 천자 동숭과 지난날 나 번 한 밤싸움을 나 장비 마 나 짓 비 화살 위 성 성문 목청 마 나 이름 천자 오히려조조가 뜻 지난날 힘 그 한다.이제 형주를 유비 이번 유비 그동안 서량에 나 유비 죽음 조 조 새 일 동숭은 적 한 맹세 역적 유비 조서 속 띠(衣帶) 천자 동숭과 지난날 나 공격하겠소이 성 나 고집 말 만 고초 들이 생령 성안 항복 공 말았소 항복 유황숙께 그 나 를 나 말 참소하는 양송이 장 하였겠소 생각 왔소이다만 익주를 이곳 군사 장 나 것 영채 조 조 임시 판 경기(輕騎)를 틈다 어둠 밤 오늘 적 것이니그렇게 말 영채 하북(iSI北)에 조 조 날 었다 수 목 의리 사람 계책 좋온 그것 이 있소 말씀 나 얼굴 유계옥은 좋 어렵 그렇 좋 구하다 빌리다 휩쓸다 세우다 가다 이끌다 물리치다 적다 되다 세우다 끌다 날다 지키다 안되다 오다 이다다 내다 "
"30","마초도","있겠습니 수 마음 님 숙부 모를소리를 식 노성 투구 조 조 한동안 듯 마당 집 저 앞 채 대군이엎드린 조 조 채 뒤딸린 기 수백 마 마 조조의눈에 형세 위 토성(土城) 날 영채 주령 서황과 초조 조 조 때문 마련 터전 앞뒤 마 영채 하서로 주령 서황과 진행 계책 조 조 조금씩 불구 패전 거듭 만 호치라 정말 처음 놈 허저 여럿 놈 나 같 모질 들어오다 살피다 올라가다 기다리다 세우다 초조하다 마련하다 치다 엮다 건너가다 진행되다 숨기다 하다 되다 하다 하다 싸우다 "
"31","맹획은","것 것 큰일 수 사람 저 이번 제갈량이오 자 위 수레 저 저 것 그 이틀 것 듯 르 머루 북쪽 강물 거 우리 제갈량이 저것다름없풀리다 사로잡다 앉다 달아나다 되다 꾸미다 겁내다 뒤쫓다 "
"32","맹획이","것 속임수 당신 해 잘못 이번 나라 어디 오과국은 나라 그 누구 사람 일 뒤 제갈량까지 두 동 우리 일 목 적장 우리 주었소 번 다섯 나 제갈량은 부류 법 여우 토끼 같소이다 것 날 결판 번 한 같소 것 계교 제갈량도 듯 리 바람 촉병들은 채 개 일곱 이 번 다섯 열 대왕 거기 견뎌내겠소 수 잔꾀 그 우리 되었소이다 우리 이번 제갈량도 받겠소 손 싸움터 보겠소 촉병과 나 형제 우리 항복하겠소)했다 앞 말하기 너 전 그곳 군사 우리 수 촉병들이 물 쪽 사구 위세 우리 장수 촉 누구 것 진작 말 그전 하나 것 나 나 병기 창칼 어수선 깃발 별것 진 저 오늘 한다더니 용병 제갈량은 사람 없소 수 항복 당신 마음 뿐이외다 지경 안 종족 우리 것 나 당신 이 이 우리 들이 군사 이웃 땅 제갈량과 것 수 사람 한 군사 마리 한 말 군사 서천 가지 마음 대왕 이번 수 항복 것 꼴 우리 밑에것들이 것 너 일 이번 수작 적 이 것 때문 적 입 은혜 제갈량 전 너 나 없 없 가볍 어떻 마르다 잊다 놓아주다 사로잡히다 항복하다 해치다 일어나다 들다 되다 하다 팔아먹다 적다 쫓기다 보다 싸우다 알다 입다 "
"33","맹획도","어디그렇"
"34","미축이","마십시 사양 땅 한 만 삼 근거 번 한 백 호구 뿐 풍성 재화 패 정 큰일 우 세 공 것 나 토막 제실 번 한 저 나 준비 주공께서 번 한 저 나 것 불평 추위 몸 사이 산사 일가 조숭 들 군사 시작 일 면 소나기 화비땅에 이 뜻 우와를 그 임자 땅 지 세력 대 일 산동 그 뿐 정분 동탁 나란히하고 말머리 때 기 관동 지난날 조 조 호위케 그 백 5 군사 장개에게 도위 하시 배웅 성 때 하시 환대 잔치 틀 다음 나 경계 주 을 말 서주땅을 명 40 일족 조숭과 사군 우리 만나뵙게 것 장군 형제 우리 수 장군 소식 차 고성을 분 모양 장수 장씨인 성 소식 장군 사람 길 어제 궁금 어디 장군 것 하북에 간옹 데 하북으로 주공께서는 항복 조 조 운장께서는 사람 고향 형제 두 우리 이래 서주를 지난번 가련 장군 뿐 것 수 의탁 조공 일 이번 은혜 원술로부터 가지 화극 원문 지난날 주인 저 유비 주인 저 조공 것 두 천하 장군 처자 남 대장부 것 사람 집안 자 늑대 호 여포는 저 이번 바라건대 우리 지 이곳 공명 아가씨 아무 크 같 작 없 맞히다 쏘다 오다 다투다 두다 죽이다 하다 상하다 들이다 되다 받아들이다 나다 하다 돌아가다 바라다 되다 가다 "
"35","미축은","것입니 의논 것 조 조 이마 주유 의논하다 맞대다 오다 "
"36","방덕은","항복 너 대장 촉 마 주인 중 형 너 저 징 일 위왕께 여기 목 그때 관우를 나 장사 관 시체 내 너희 죽음 관우에게 나 것 때 죽 쪽 아무개 관 나 굽어살펴 대왕 수 마음 딴 터럭 은혜 대왕 방덕이 것 옛날 주인 딴 나 그 서천 몸 뒤 땅 용맹 마 마 옛주인 것 의 형제 우리 그 맹세 저 뼛속 원한 제 형 뒤 일 저 형수 형 때 고향 지난날 저 의심 저 대왕 길 보답 은혜 땅바닥 뇌 간 은혜 대왕 이래 한 항복 중 저 같 어질 없 두텁 하다 맹세하다 보다 스미다 대하다 죽이다 취하다 못하다 살다 때다 의심하다 보답하다 하다 쏟다 가다 입다 항복하다 "
"37","방덕이","누구 장수 저 저 까닭 대왕 데 힘 대왕 저 말 굽히란 절의 머리 사람 몸 입 은혜 위왕 나 것 코 맹세 내 결판 때 죽 관우와 내 나 말씀 대장 장군 위왕께서는 항복 말 관 너 가지 목 뜻 위왕 나 그대 날 나 오늘 절의 선비 한 씩씩 구차스레 죽음 장수 용맹 있소이다 여러분 뜻 것 빈손 나 관 나 말 하오 필요 관 바 것 목숨 나 저 저 나 것 나 저가 저 나 것 결판 아무개 관 나 번성 이번 죽음 은혜 위왕 나 항복 방영명(=방덕 해 아비 것 어린아이 쇠똥 머리 너 가지 목 아비 뜻 위왕 나 약하 두렵 두텁 같 필요하다 되다 끊다 되다 죽이다 죽이다 죽이다 죽이다 갚다 항복하다 어찌하다 나오다 나다 죽이다 벗어지다 가지다 받들다 "
"38","방통이","합니 내 마음 주공을 람은 두 고패 양회 것 주공을 하늘 이것 바랬소 나 황숙 나 것 이 사람 의 천거쎄 남 나 이걸 어디 이곳 누구신지요 선생님 일 고을 나 까닭 장군 원 방사 까닭 주공께서는 일 그 사람 안목 식견 자네 원직 작정 계책 나 정말 자네 내 마음 주공을 람은 두 고패 양회 것 주공을 하늘 이것 바랬소 나 황숙 나 것 이 사람 의 천거쎄 남 나 이걸 손님 뵙겠다는 군사 사람 한 사들은 고패가 양회 관 부수 뒤 그 태연 것 물건 한 흉측 몸 저놈들 말씀 주공께서도 소리 마음 라 땅 뇌 간 방퉁은 무엇 것 걱정 꿈 법 꿈속 걱정 마음 니다 것입 걱정 주공을 편지 것 공 흔자서 저 사람 공명 주공께서는 겠습니다 좋 것 낙성을 힘 그때 낙성에 양쪽 길 북쪽 선봉 황충을 공 주 소로 남쪽 선봉 위연을 저 틈 방비 저들 늑장 것 관 부수 군사 증거 속셈 리 이 사람 두 대비 것 있어서일 뜻 딴 이 고패가 양회 되 헛것 유장 내 성 편지 저 인의 주공께서는 주공께서는 것 말 차 남 그땅은 차 서천 이번 무엇 것 믿음 주공께서 그 나라 그때 것 수 뒤 일 의 유장 니다 바였습 무왕도 주나라 탕왕이나 은나라 것 생각 권도를 도 주공께서 것 수 재겨 발싹도 한 얽 도리 가지 한 것 길 가지 한 마당 힘 군사 것 세상 지금 이치 하늘 말씀 주공 헤아컴을 안목 주공께서는 사람 그 결단 때 결단 일 쓰겠소 마음 때문 무엇 일 고을 수 글 손바닥 일 손 조 조 있소이까 일 나 잘못 주공만으 실수 군신 제 잘못 땅 수 나 것 낙봉파라면 이곳 봉추인데 도호 내 못할카 놈 두 저 무엇 망 너 주랑아 주랑아 닙니다 법도 군사 이 어진 것 나라 남 작 없 이롭 어질 쓰다 읽다 두다 내팽개치다 내가다 하다 물러나다 되다 카다 못하다 묶다 하다 말다 망하다 부리다 즐거워하다 치다 "
"39","방통은","걱정 일 꿈속 겠습니까 이치 것 이상 싸움터 장사 좋겠소 일 것 형주를 손 것 지하 차 형주를 조 조 걱정 손 조 조 좋겠소 일 것 형주를 손 것 지하 차 형주를 조 조 걱정 손 조 조 합니다만... 번 한 군용 승상 말 법도 데 군사 승상 오래전 저 일 동안 거리 걱정 따위 유비 승상 주유 것 승상 데 도움 주유 해 항복 승상 그 혀 치 세 저 이 한 주유 가운데 들 호걸 강좌 저 것 수 공 편안 뿐 나 병 수군 대소 계책 가지 한 제 뻔하 좋 좋 없 사로잡히다 데다 빌다 남기다 되다 해보다 오다 항복하다 달래다 놀리다 보이다 품다 보다 이루다 편안하다 하다 하다 "
"40","방통도","바 뜻 나 그것뜻하다 내가다 "
"41","봉추가","봉추선생이그렇 추다 "
"42","사마의는","사람 수레 유인 나 앞 공명 진짜 뿐 상대편 백 5 군사 북 천 1 군사 수레 위연이 마대 강유 공명 것 복병 세 결판을내도록 적 나 바라건대 수 모욕 들 촉 들 장수 나라 모두 우리들 좋겠소 어찌 일 남쪽 서쪽 오 촉 결판을내도록 적 나 바라건대 수 모욕 들 촉 들 장수 나라 모두 우리들 좋겠소 어찌 일 남쪽 서쪽 오 촉 군법 자 말 일 앞 이 사람 혈기 병법 너희들 말 뿐 병권 형제 그들 뜻 딴 내 조상 너 군량 농서에서 유마를 목우 군사 천 1 너 자리 군사 앞길 너 곁 부교 쇠뇌를 활 뗏목 촉병들이 언덕 북족 부교 수 궁노 천 2 너희들 길목 왕평이 군마 한 장군 들 아이 뵙거든 대장군(조상)을 자네 짝 둘 아들 몸일세 지 저녁 지 죽 아침 병 데 나 일 때 사냥 성 그 마음 것 걱정 나 조상 몰골 내 이승 이번 곳 삭방에 병주는 채 눈치 하나 천 너희들 것 지 정말 나 것 이승 이번 것 신 하계 그 하계 눌러앉아 양평성에 근거지 요 중계 그것 군사 요동 요 상계 그 성 연 공손 이 수 걱정 베개 우리 공명 일 공명 너 뜻 일 해 급습 적진 내 이경쯤해서 밤 오늘 것 도 성벽 노성 것 밤 것 대비 거기 적 낮 바 나 나 내 흉내 우후 공명 것 마련 계책 것 말 흉계 우리 리 아궁이 우리 계책 손빈이 옛적 것 줄 수 아궁이 계책 리 아궁이 리 군사 공명 생각 것 공명 나 꾀 틈림없이 공명 것 데 적 차 산세 땅 우리 것 채 힘 앞뒤 군사 양편 짓쳐들겠다 군사 기세 촉병이 앞 촉진 군사 나 뒤 채 촉병 밤 오늘 정병 1 사람 두 그대들 것 안 영채 마음 들 백성 때문 무도 음평과 공명 것 말 계책 제갈량 땅 적 허실 때 촉병을 것 조진에게 사람 폐하 것 계책 제갈량 나 말하기 병법 것 계책 그것 것 등뒤 우리 제갈량이 관 나 것이외다 양평관으로 고상 마 왕평 위연과 나 말았소 이리 일 것 독차지 공 나 것 성 세울까봐 공 혼자 나 백제는 자단과 하였소 내 기병 적 입세를 기곡 손례에게는 신비 두었소 안 성 적병 하였소 미성 글 자단에게 나 것이외다 기곡을 한 길 두 군사 미성 것 미성 나 야곡으로 제갈량은 뿐 위태 있을까하여 실수 듯싶소 것 길 그 것이외다 시간 장안 지름길 자오곡을 군사 자리 그 나 않는구려 하려들지는 일 억지 사람 조심 평생 제갈량은 것 계채에 제갈량 폐하 것 잡 맹달을 밤길 폐하 질까봐 일 사이 시간 데 오 글 일 폐하 말 낌새 모반 신의 신 어지럽 좋 없 많 조심하다 삼가다 말다 빠지다 기다리다 가르치다 가다 잡다 달리다 기다리다 그르치다 걸리다 오가다 하다 듣다 이르다 신다 "
"43","사마의가","천거하겠소 중달을 찾아뵙고 천자 몸 병 내 위태 일 중달이 소 상이 나무 사람 공명 위 수레 어제 추격 군사 천 1 뒤 강유 깃발 땅 소리 때 야곡으로 촉병이 큰일 천하 너희들 작정 영채 기산 촉병이 작정 촉병이 계책 있겠소 수 적 어찌 기산으로 촉병이 장수 줄 군사 이번 조진은 터 원수 군사 조도독 있겠소 수 차 천 동서 틈 힘 중 제갈량이 수 촉 그때 것 돌볼틈이 꼬리 머리 제갈량은 사방 군사 다섯 것 이 군사 중원 우리 계책 그 정말 그것 공명 뒤편 까닭 아버님 것 목벨 너 나 너 수 속 나 일 항복케 내 거짓 너 의 사마 것 신병 너희들 정도 사정 촉진 놈 너 말씀 긴 독 대도 사람 한 심복 도독께서 것 수 제갈량이 계략 지모 활 원숭이 자 아홉 키 사람 천거 신 것 됨 그릇 하나 만 성 길목 그 것 해 천거 사람 한 신 것 진창 한신을 제갈량이 다음 신 큰소리 뭐 너 작정 영채 기산 촉병이 작정 촉병이 계책 있겠소 수 적 어찌 기산으로 촉병이 장수 줄 군사 이번 조진은 터 원수 군사 조도독 있겠소 수 차 천 동서 틈 힘 중 제갈량이 수 촉 그때 것 돌볼틈이 꼬리 머리 제갈량은 사방 군사 다섯 것 이 군사 중원 우리 군사 때문 신 것 그 그 것 그 폐하 그때 것 참칭할 천자 손 가지 것 손 동오 군사 신 목숨 몸 신 조휴를 군사 한 제 바라건대 수 동오를 데 이치 말 죄 영채 자단 뒤 옷 여자 분 얼굴 저 공명 골짜기씩을 한 둘 우리 기한 열흘 것 골짜기 두 야곡 기곡과 공명 저 말 내 자단은 으뜸 것 일 것 성인 불끈해 장합이 이번 않소 마음 성미 공 대비 비 움막 의 성벽 것 뿐 고생 들이 군사 그릇 일 하나 만 다행 이 적지 대 같소 것 비 안 달 이 사이 태음 성 천문 밤 나 사정 중 조도독이 선봉 천거 대장 한 신 공이 너 그것 공명 주인 거짓말 오ㅡ리라는 대위 뜻 원망 후주를 공명 성도 너 것 일 우리 때 원 오장 서쪽 위남으로 위태 모두 우리 동쪽 의 산 나 산 무공 공명 만약 보답 은덕 폐하 천 동서 힘 대병 신 바라건대 것 뿐 중 촉병은 의 사마 은명이 천자 뜻 딴 뿐 병권 지나치다하여 권세가 장군 태부 나 군사 너희들 어찌 어귀 골짜기 내 군사 적 것 말 어찌 생각 적 듯ㅎ 계책 안목 공명 거 유 목우 절 대 마 군량 적 것 나 뿐 나 것 다음 것 공격 앞 우리 수작 등뒤 우리 부교 우리 흘려보내 뗏목 불 공격 북원을 것 계책 데 공명 사람 바라건대 것 그 기대 복 폐하 신 것 길 패망 이 뜻 하늘 재주 저 제갈량은 서천 것 태백을 규성이 왕기가 중원 천문 밤 신 성 저것 번 한 타작 보리 노성 촉병은 저 거 보리 촉병이 고을 군 천수 곽회는 나 공명 영채 기산에다 그대 방비 거기 것 군량 보리 농 것 군량 대 공명 대장 천자 너 나 일 한 중요 가지 한 나 너 수 말 사람 꾀많은 공명 정말 그 진법 것 계책 영채 위빈으로 수 이곳 우리 차 지세 한 유리 기산 제갈량이 포향이 중군 우리 촉병을 마음 그대들은 수 죄 내 소리 원망 너 것 너희들 공 이 촉병을 내 나 기산을 저들 나 우리 군사 우리 것 때문 거 복병 우리 것 촉병이 데 날씨 않으냐 것 정말 공명 대 나 그것 것 뒤 사람 없소 것 우리 속임수 우리 그 달아나겠소 그 것 할 만 반년 그걸 것 넉넉 말먹이 군량 저들 나 보리 곡식 풍년 작년 공명 내 소식 곳 농 때문 데 것 것 리 천 촉병은 걱정 막 동오를 폐하 작정 구경 뿐 군사 겉 뜻 공명 손 육 뿐 동맹 동오와 저희 틈 중원 것 뜻 오 욕 세 오 효정에서 유비 공명 뒤 자단과 공 것 제갈량은 가정 수 일 인물 그따위 공명 뿐 재주 이름 아무것 실제 말 대 일 동안 테 너 마음 충성 신 함 보답 은덕 폐하 선제 평정 오늘 이 촉 신 군사 한 신 바라건대 것 한 간교 촉 그것 리 마음 딴 몸 고명 선제 신 것 그 군사 것 거리 걱정 촉 우리 훈련 병마 양주 옹주 의 사마 계략 지모 치 심상 것 의 사마 것 걱정 것 자리 들이 벼슬아치 것 이 뒤 아들 그 조비가 것 상책 데 오 것 우려빼는 남서 다음 강구 광릉에 수춘을 뒤 땅에드신 쪽 채 마련 배 어가 폐하 수 배 끼 장강 사람들 세상 겸양 표 전하 옥새가 조서 때 지금 바 법 여기 거 패 이 로운 지혜 것 기팟장 력은 세 유비 내 군사 그곳 울리고`있습니다 익주까지 위엄 차 중 주공께서 거기 그 마음 은 사람들 촉땅 기업 유장 힘 속임수 유비 수 목숨 너희들 도탄 들 백성 천하 형세 솔밭 땅 저 것 길 잘못 마땅 수 하늘 농투성이 밭 남양에서 너 까닭 걱정 백성 주상 인자 것 두 두나라를 오 너희 대 두 지 제위 한 거 자리 순임금에게 요임금이 주상 우리 공명 밖 골짜기 때 이때 중달에게 장인 보잘것없 천하 같 너그럽 걱정하다 다치다 인자하다 두다 오다 지나다 물려받다 본받다 물려주다 죽다 물러나다 하다 기다리다 뛰쳐나가다 틈타다 드리다 가지다 "
"44","사마의도","몸조심 이번 귀가 나몸조심하다 못하다 알아듣다 먹다 "
"45","서서가","소 없 것 날개 호랑이 이 도움 제갈량 유현덕은 유현덕을 장군 길 낮 밤 글월 어머님 주 유예 신야 근래 수 부끄러움 말 승상 이곳 노모 정 유현덕 저 유현덕을 신야 되었사온데 흘러다니게 강호 일 적 저 것 목구멍 생각 어머니 술 로운 향기 금옥같이 누구 너 길 낮 밤 글월 어머님 주 유예 신야 근래 수 부끄러움 말 승상 이곳 노모 정 유현덕 저 유현덕을 신야 되었사온데 흘러다니게 강호 일 적 저 것 목구멍 생각 어머니 술 로운 향기 금옥같이 제 일 서량 바라거내 터 수 호응 남북 기별 승상 일 한 긴급 목 산관으로 밤낮 군마 천 3 제 바라건대 보답 공도 치 한 녹 승상 바라건대 계책 한 마땅 정말 입 나 하나 계책 한 마땅 몸 그곳 나 자네 것 나 것 이쪽 사람 동오쪽 옥 돌 나 번 한 조 조 만큼 중 조 조 나 리 계책 자네 나 것 계책 하나 평생 그 대 한 나 원수 한 핍박 어머니 내 조 조 거기 적 생각 보답 거기 번 한 사람 은혜 유황숙께 나 말 염려 계책 것 번성 번성 를 뷰=t) 백하( 길 여덟 대 조 조 일 수 민심 거짓 이 항복 사군 저 조 조 허창 수 직 서원 이 아들 내 편지 자당 직 서원 조 조 근간 마음 무엇 것 실망 유현덕에게 말 듯싶으이 것 얽매혀 인정 의리 한 고루 생각 세력 유현덕 방 주공을 재주 원직으로 뿐 길 위태 우리 이 것 조 조 이 그때 것 원수 그걸 원직은 것 어머니 조 조 일이요 두 그 주공께서는 일 짝 우태롭기 우리 것 그 조 조 이번 허실 중 우리 신야 데 기재 천하 원직은 보잘것없 없 무겁 드물 악물다 이르다 들다 갚다 알다 죽이다 하다 오다 되다 보내다 놓다 붙잡다 되다 보다 쓸다 알다 머물다 "
"46","서황은","큰일 우리 어둠 자네 것일세 한 자네 나 대 장수 마음 경애 용맹 자네 앞 오늘 바일세 세상 것 여기 선비 이 어진 영웅 당대 것 말 군 조장 우리 몸 따위 한섬 양봉 수 세상 지략 용맹 자네 몰아대셨소 아들 내 차례 까닭 공명 것 사람 딴 교분 공명 나 무량 동안 큰일 우리 어둠 자네 것일세 한 자네 나 대 장수 마음 경애 용맹 자네 앞 오늘 바일세 세상 것 여기 선비 이 어진 영웅 당대 것 말 군 조장 우리 몸 따위 한섬 양봉 수 세상 지략 용맹 자네 거 로운 위태 군 우리편 너 말 자네 항복 맹달은 역적 강하 어질 같 드물 보다 지다 좋아하다 이르다 하다 말다 지내다 굽히다 어찌하다 하다 주다 구하다 울다 어찌하다 따르다 알다 항복하다 "
"47","서황이","이치 나 말 이치 억지 너 나 전포 몰아대셨소 아들 내 차례 까닭 공명 것 사람 딴 교분 공명 나 들이 짓거리 손 동오 형주는 너희 것 너 관령은 조카어렵 어렵 두텁찾다 뺏다 쓰다 얻다 내가다 몰아대다 견주다 나오다 미치다 떨어지다 모르다 살다 죽다 듣다 "
"48","손권은","합니 것 일 화란(禍亂) 사람 오늘 글 사람 장료가 능통 대 물가 저편 배 내 까닭 다음 칼 명 그대 되겠소 우리 것 위태 세력 있소 동오를 우리 대 70 뒤 제위 유비 공이 자명 것 형주를 힘 번 한 손 마음 형주를 오랫동안 나 생각 해 일 손 지경 일 되셨소 바 이몸에게 오늘 여기 사람 천하 지난날 장군 마다하셨소 까닭 장군 화친 진이 진 옛적 사모 덕 장군 오랫동안 나 만 번 한 패가 감홍 내 장료가 조 조 함이었소 보고 배포 장군 것 리 장군 나 소 넉넉했 서늘 간담 역적 이번 장군 않겠소 그 코 맹세 나 것 수 공이 저람 것 못질 배 조 조 그때 수 뜻 내 추천 자쩡을 글 말 한단 의지 누구 나 재주가있었으나 수 을 왕업(포홍) 사람 공근은 작정 언제 있소 형주를 날 유비 되었더랬소 보증 데 형주를 유비 전 子敬 자 한마디 유비 형주로 자청 바라건대 성싶지 일 나 자형 중매 이번 일이겠소 수 되일으킬 한 조 조 한마음 길 흔인으로 집안 두 우리 싶소 짝 유현덕과 하나 누이 내 잃었다는구려 부인 유현덕이 하겠소 공 이만 공 말 나 따르겠소 뒤 군삿를 이몸도 몇나시오 경 허물하지 되었소 꼴 욕 뜻 한 엄숙 선생 번 한 자 못했소이다 중 의논 앞일 사신 나 보내왔소 격문 사신 조 조 어제 줄 탁자 말 하자 항복 조 조 번 두 무장 문관 아름답 없 맑 어떻 되다 못하다 알아듣다 하다 보다 읽다 못하다 정하다 하다 놓다 돌려보내다 보내오다 통하다 되다 자다 꺼내다 항복하다 "
"49","손권이","무겁습니 마음 결정 일 두 우리 지금 끝렉는 조 조 하자 항복 걱정 힘 저 주장 하자 항복 이 이 바 의논 들 관원 문무 것 강남 우리 군사 강한(江漢)까지 조 조 뜻 바라건대 무엇 그 층 나이 못했소 결정 해 의논 여럿 적 길 세 군사 우리 좌우도독으로 사람 두 누구요 인재 수 관우를 주연 계책 그 사로잡겠소 관우를 장군 적 으뜸 말씀 뵙고 주공을 배 구 육 장군 여몽 일 그대 계책 그 아니었소 제갈량 그 하셨구려 쁘기만 바 쓸데었이 자유 이번 있겠소 수 을 가족 만 자 제갈근은 무엇 그 공근에 죽 학문 재주 공의 공부하셨소 것 토록 평생 공 누구요 사람 말 명 내 그 일 저 있소 과정 되겠소 것 공 참 좋겠소 어찌 장군 것 그때 화빼I) 결단 일 시간 하시 주저 의심 가지 두 속 것 하시 복종 조 조 겉 장군 소문 거짓말 조 조 그것 군사 말씀 세력 조 조 죄 소비 돌리겠사오니 관작 저 바라건대 수 생각 정 은혜 제 그 지난날 마땅 죄 소비 수 거 일 휘하 것 구덩이 개골창 몸 저 소비 지난날 있소 공 리 이 무엇 까닭 지금에와서야 창칼 우리 사람 황조 누구요 그 받겠소 이 어진 않구료 성싶지 인재 한 만 나 공근보다 층 나이 못했소 결정 해 의논 여럿 마다 독 대도 이 있었소 기재 경이 나 보증 경 집안 감덕윤은 것 세력 군사 조 조 꼴 이 소 않았 당부 원수 둘 그대들 나 말 사람 있겠소 수 찌 어 군사 서천 말 수 토막 두 들 군사 손 저쪽 그대 것 그때 화빼I) 결단 일 시간 하시 주저 의심 가지 두 속 것 하시 복종 조 조 겉 장군 있겠소 까닭 의 동맹 나라 경의 않소이다 등지 사신 전 경 말씀 그걸 공명 화 촉 날 공명 마음 용맹 사람 무엇 까닭 사람 신 사람 공명 없구려 사람 줄 뜻 촉 이몸을 오 우리 욕 주인 인물 등지 듯 것 땅 구석 쪽 서촉 땅 형초 손 고을 한 여든 강동 나 유비 경 것 군마 경 있소 경계 우리 촉병이 것 수 절 촉병은 중 위 이해 조비를 저 위 사자 저 장 한 표문 주공께서는 어떻소 말 내 어떻소 것 대 교 아우 내 경 해야겠소 번성 군사 형주 정말 운장은 사양 경 것 보증 경 자명 번 한 지 줄 거짓 병 경이 말 단 한 한가운데 적 서성 수 덕분쎄 적진 번 세 주태가 나 감녕이 것 그대 활 었네 거 내 았습니다 놓 엄포 잡아죽이겠다고 자 되쫓으면 우리 그날 우리 운장은 되겠소 보탬 우리 그 선비 말 사람 남쪽 그것 때문 무엇 계 까닭 어떠님께서는 두 싸울테다 군사 나 내 것 부아 사람 장료가 전 말 군사 정보 속이려듦이 나 장료가 두렵소 맞싸워도 세력 아울렀소 들 군사 형주 이번 데 무리 원소 전 얼마 조 조 같소..... 것 주산 자 내 하늘 같소 바 생각 나 大計 대계 말씀 子敬 자 사실 것 바람 내 말 저들 계책 황조 내 치 의심 홍패는 바라건대 있겠소 뜻 기억 한 지난날 그태여 마음 내 홍패가 호응 그 밖 그 장군 조 조 손 이 뒤 손 손책은 것 동오를 우리 태반 위병 강 조비가 위병 나 군사 번 한 재주 신 까닭 원수 주선 친척 내 유비 누이 내 목 놈 뒤 끼뜨린 조 조 내 군사 사람 모두 병주 유쥬 청주 기주 역적 조 조 나 놈 없 어리 크 어리 넘보다 죽이다 건너다 막다 나가다 이끌다 못하다 갚다 돌아오다 버리다 사로잡다 하다 일으키다 보내다 하다 가리다 나르다 "
"50","손권도","무엇 그 말 제갈량이 와룡선생이라 군사 뒤 몸 바 뜻 몸 경 것 속 경의 말 한 좀 있었소 마음 형주를 나 뻔하였소 그리칠 일 말 덕윤 알겠소크 뻔하 크 불리다 일으키다 따르다 손대다 뜻하다 뜨다 속다 하다 먹다 치다 치다 그리다 알다 "
"51","순욱은","있겠소 수 사람 쓸모 원소 들이 명장 세상 등 고람`장합`순우경 만 군 3 용맹 안량`문추 사람들 한 충직 저수 풍 사람들 지모 허유`곽도`심배는 밑 하오 강성 들 백성 인재 원소 갚소 것 우리 문약 다름없소 나 가위 백 몇 양봉 동승 것 호위 폐하 흉년 성 낙양 낙양 수중 곽사 이각과 성상 까닭 그것 때가아니라니 황건을 요 종기 재야 있다하니 인심 선정 이각과곽사가 장안 생각했소 나 갚소 것 우리 문약 다름없소 나 가위 백 몇 양봉 동승 것 호위 폐하 흉년 성 낙양 낙양 수중 곽사 이각과 성상 까닭 그것 때가아니라니 황건을 요 종기 재야 있다하니 인심 선정 이각과곽사가 장안 생각했소 나 때문이었 것 의심 부류 동탁 아홉 열 경우 대권 군사 조 조 천자 안심 듯 대권 들이 조정대신 동탁 적 표면 것 것 대처 거기 변화 형세 병마 이곳 조공 기다리겠습니끼 손 칼 누구 허락 사면 끝 장수 동탁 채옹을 왕윤은 것 뒤탈 보존 채옹을 양윤은 것 뒤탈 보존 병마 그 동탁 잔당 동탁 것 하나 거기 염려 역적 항거 왕윤에 그쪽 대의명분 이상 왕윤인 것 주재 대국 안 손 천자 무리나하나 시 여포가 이직 주공께선 어리 옳 미덥 같 쥐다 허락하다 죽이다 채다 보존되다 죽이다 채다 보존되다 거느리다 죽다 못하다 몰리다 항거하다 오다 건드리다 되다 움직이다 "
"52","순욱이","소 붉은색이었 푸른색 아기 방 동남 바람 무엇 색깔 깃발 어느쪽이며 방향 바람 일 뒷일 한숭에게 그 승상 소식 예형은 유표 까닭 벼슬 한숭에게 승상 바 공도 위함이요 동정 우리 것 허도로 한숭이 말 강화 그 때문 무엇 위인 쓸모 아무짝 원소 말씀 그 것 나 대 대군 20 데 채 성 하비 계책 한 제 붉은색이었소 푸른색 아기 방 동남 바람 영채 생각 일 승상 것 이럴 모반 장군 승상 바드시 도착 청주병들이 수 의인 지습은 것 곡 공융이 것 화 강직 그대 공응에게 지습은 저 것 수 손 번 한 북소리 그때 뒤 힘 년 반 북정 대군 길 틈 관우가 속임수 하겠소 무엇 피 칼 때문 쥐새끼 참새 저 벌주어서는 둘 저 함 교활 현덕 수 둘 저 수하 현덕에게 대권 도모 원술을 뒤 한 마련 양식 군사 어떠실는지요 때 보리 내년 허도로 것 괴로움 들 백성 들 군사 내 군사 때 식량 흉년 가뭄 년 몇 치 온당 것 쁨내는 위세 특전 구석 것 사랑 백성 로 덕으 군사 랴지 절도 줄 겸손 어 지키시 뜻 충성 처음 한 군사 승상 맞싸워서는 군사 제갈량까지 거기 영웅 흔치 유비 편 군사 뒤 사정 그쪽 그 뜻 승상 사람 유비 것 일 여포를 동 것 근심거리 뒷날 것 전 영웅 당금 뜻 인물 따위 여포 유비 쉽 크 좋 만만찮 되다 되다 싸우다 맞다 삼다 일으키다 들다 알리다 보내다 되다 보다 하다 치다 되다 없애다 자다 비하다 "
"53","순욱도","것입니 일 디 잡아먹히지 니 주었으 그 삐록 유비 수 둘 사람 자기 여포를 누구 해 생각 형제 장 장막 장양과 해 생각 원소 동탁 정원 리 없 그렇잡아먹히다 받다 삐다 잡다 생각하다 생각하다 "
"54","여몽은","보시겠소 번 한 하나 처방 병 장군 내 소견 관우가 두 쪽 북문 공격 맥성을 군사 장수 어찌 그 형주를 오후 생각 때 나 일 힘들 어렵 급하 그렇 보다 다스리다 기다리다 달아나다 하다 남기다 공격하다 보내다 되다 하다 되다 권하다 뺏다 나가다 몰다 "
"55","여몽이","것 수 대신 묘책 자 사람 기대 여럿 하시 천거 하나 사람 대 자신 자 자 것 대 자 해 천거 자 그 주공근이 전 일 구 육 수 형주를 틈 나 그 번성 군사 장 관운 수 개가 못 열흘 뒤 도독께서 적 앞장 저 것 능통 무엇 계책 한 훌륭 같소 말씀 마음속 내 말씀 백언 수 형주를 틈 나 그 번성 군사 장 관운 수 개가 못 열흘 뒤 도독께서 적 앞장 저 것 능통 것 둑벽을 어귀 물 유수 해 대비 것 들이 군사 조 조 수 것 군법 군령 나 사람 고향 나 너 있겠소 무 것 몸 한 천 말 뜻 내 관장군께로 사자 번거 없소 수 것 위 일 나 것이었소이다 비롯 소견 로운 사사 내 것 화호를 군 관장 지난날 여몽이 것 두 항복 미방 남군 걱정 변고 공안 인 부사 터 장 관운 수 해 항복 인 부사 공안 혀 치 세 저 길 화살 시위 일 화합 정보 주공과 숙명 주유 재주 여몽은 주유 정보 재주 주유 뒷날 수 사이 밑 주유 장수 정보 주유 결단 그때 하나 어려움 도독으로 좌우 정보 주유 지난날 숙명 숙명 여몽만 여몽을 주공께서는 것 수 대신 묘책 자 사람 기대 여럿 하시 천거 하나 사람 대 자신 자 자 것 대 자 해 천거 자 그 주공근이 전 일 구 육 것 것 정말 거짓 병 명의 여자 내 결판 관우와 군사 주공께 나 쥐새끼 수염 놈 눈 크 붉 어리 푸르 쓰다 하다 대신하다 받다 천거하다 하다 되다 그만두다 되다 천거하다 하다 내다 일으키다 하다 알리다 알아보다 달리다 "
"56","여포는","때문 데 한 만 나 것 생각 세상 지 사실 것 막하에 우 정건양(=정원 아우 계책 관 위 말 사도 급합너다 전세가 속 꿍꿍이 말 군사 유현덕이 소패 것 년 한 고약 붓끝 역사 이름 반신 동탁 것이외다 그윽 이 세 백 향기 것이요 청사 이름 장군 충신 한 장군 말하겠소이다 윤도 뜻 장군 말 위엄 정색 전 설복 적 적극 왕윤은 것 것 동탁 뜻 여포 그 밑 남 도 말 그 것 수 공명 부귀 물건 속 주머니 마음 흠모 여 존경 누구 만 가라알힐 바다 하늘 재주 자네 태사 속 꿍꿍이 말 군사 유현덕이 소패 것 년 한 고약 붓끝 역사 이름 반신 동탁 것이외다 그윽 이 세 백 향기 것이요 청사 이름 장군 충신 한 장군 말하겠소이다 윤도 뜻 장군 말 위엄 정색 전 설복 적 적극 왕윤은 것 것 동탁 뜻 여포 그 밑 남 도 말 그 것 수 공명 부귀 물건 속 주머니 마음 흠모 여 존경 누구 만 가라알힐 바다 하늘 재주 자네 때 이 명 채비 단속 엄히 군사 것 선봉 군사 승상 만 장수 군사 비 수 주야 일 도모 여포를 명 어떠시오 생각 공의 같소 것 나 편 현덕을 것 수 베개 모르겠소 치려들지도 나 이 들 장수 태산 북 손 소패를 유비 원술이 것 내 것 소패에 현덕이 해 생각 않는구려 마음 내 글 현덕이 보냈소 글 유비 내 곡식 원술이 전 방정 무엇 평지 위 물 적토마 내 사람 모함 남 까닭 그대 말 내 네놈 어려움 네놈 화극 진문에 지난날 나 뵙도록 나 군 유사 마님 지체하겠소 시각 일 그대 내 해 데 수춘성까지 수레 아이 거기 너희 터 줄 해 호송 밖 리 백 2 딸아이 나 해 주선 화해 양쪽 이번 리 않았소 평생 나 있겠소 리 있소 하나 계책 처리 일 수 원망 나 양쪽 유비 원술과 내 안심 여포를 유비 수작 사이 사람 두 우리 조 조 이것 두렵소이다 칼 둘 다가 자칫하다간 어쩌겠소 그걸 눈치 여기 탐탁지 나 로는 마음속으 자 관우란 자 장비 개수작 도적놈아 한 간사 조 조 수 이럴 역적놈 조 조 애송이 저 너 보답 은혜 힘 주인 말 개 사도 여포는 없 두렵 저렇 그러하 헤아리다 꾸미다 갈라놓다 사다 되다 맞다 하다 어쩌다 뛰다 하다 이러다 사로잡다 나가다 보답하다 하다 나다 되다 "
"57","여포가","소패로 군마 궁금 혼례 언제 일 참 출가 원공로에게 따님 공의 보내겠소 공로 글 나 세 형 솥발과 성 연주 군사 복양에 나 때문 따님 공의 모두 수 포위망 조 조 누구 호송 장군 것 대비 사정 이쪽 조 조 학맹이 수 딸아이 성 군사 조 조 말 위급 위급 뭣 누구요 저자 무엇 이 계책 그 말 계책 적 네 말 누구 토끼 여우 소리 그것 눈 내 말씀 것 예 서민 나 공 여포를 형님 어떻겠소 의 원소 있겠소 수 우리 한 오늘 저것들은 무엇 이 궁금 혼례 언제 일 참 출가 원공로에게 따님 공의 보내겠소 공로 글 나 세 형 솥발과 성 연주 군사 복양에 나 때문 따님 공의 모두 지경 한 위급 도성 침범 장안 괴수 역적 두 번조 장제 의심 불렀소 자리 한 양편 것 한 생각 나 수 영화 자리 제후 어떠시오 것 한 항복 것 해도 후회 날 성 역적 전공 있소 공이 한 토벌 동탁 전 공 대죄가 반역 존호 원술은 되었소 군사 한인하려 원술과 봉선이 역적놈 너 신하 대한 나 수 영화 자리 제후 어떠시오 것 한 항복 것 해도 후회 날 성 역적 전공 있소 공이 한 토벌 동탁 전 공 대죄가 반역 존호 원술은 되었소 군사 한인하려 원술과 봉선이 계책 놈 도적 한 간사 등 위급 주공께서는 고개 진궁은 군사 낯 여포 양 그대들 뿐 기회 말 었소 있 전 내 뜻 그대 매달겠습니다 성문 목 그것들 들 군사 아버님 제 바라건대 것들로밖에 지푸라기 풀이 포 따위 들 제후 관 염려 아버님 것 칼 고함소리 아버님 모습 찌르퍽는 칼 조 전 행동 조 조 뜻 뜻 것 양쪽 그대들 나 누구 수 용서 그 해도 용서 이 이유 자 한 학대 백성 동탁 동요 것 죄 나머지 동탁 역적 조칙 폐하 것 욕 도적 내 맹세 같 같 수상쩍 없 부르다 잡아오다 가다 용서하다 용서하다 학대하다 돕다 말다 동요하다 묻다 죽이다 받들다 오다 씻다 죽이다 늙다 맹세하다 "
"58","여포도","무양했는가 그간 현제는 글 거동 저자 사냥 오늘 밀서 조 조 유비 를 주사=l=미 앞 익덕 군사 분 두 것 뜻 하늘 이것 의부(s=)로 바 꼼둘 하시 환대 아무개 여 공 나 익덕은 생각 그릇 포 않았 해 말씀 사도 것 참 뻔하 크 어리석 귀하 보내다 부리다 돌아가다 익다 거두다 모시다 받들다 버리다 모르다 환대하다 들다 죽이다 어찌하다 익다 생각하다 말씀하다 깨우치다 "
"59","왕윤은","여기 괴이 늙은이 장군 층 한 일념 나라 아을러 뜻 감사 기의 지난날 해 대신 나 제공 관동 뒷날 장군 않겠소이다 도모 목숨 구차 어려움 뿐 죽 몸 나라 왕윤은 바 나 이 평안 나라 혼령 사직 두렵소이다 것 화 입 그 장군 있겠소 리 욕 장군 늙은이 아무 말씀 장군 그것 일 한 합당 러 아울 뜻 사람 하늘 것 이 한 태사 순 우 요 순 천하 공덕 태사 듯싶습니다 기수 한 바 상 하늘 밤 나잇살이나 터 법 보 천문 때 저 말 기대 정 분 이 집안 전 우리 술잔 장군 하자 의논 화각 한 조용 나 누구 왕윤을 왕윤이두렵 젊 두텁 떨치다 하다 살피다 알다 익히다 때다 지나치다 하다 기대다 하다 나누다 모시다 의논하다 가다 하다 따라오다 찾다 "
"60","왕윤이","뿐 다만죽음이 왕윤에겐 오늘 많으냐 말 역적놈 초선 저희 초선 저희 노여움 장군 같소 것 입 잘못 것 일 곡 들 역적 망정 나라 신하 한 너 수 다행 나라 죽음 역적 동탁 생각 보답 나라 너 녹 한 가지 한 할애비 애비 아라 보 재주 광영 일신 노래 태사 말씀 긴 태사 수주 태사 상 한 과분 그 너 태사 만 재주 하나 저 데 태사 풍류 노래 춤 교방이 떠오르는구려 계책 한 부끄러움 함 미련 말씀 근심하였소 두 것 가까이하시는 무리 여포 동탁 우리 줄 하시 마련 기틀 종사 사도 이리잡아들여라 말 단 한 곡 시체 누구 마 위 아래 줏음을 죄 나라 동탁 생각 그릇 포 않았 해 말씀 사도 것 참 보답 은혜 힘 주인 말 개 사도 여포는 크 어리석 귀하 그러하 가까이하다 모르다 계시다 마련하다 바로잡다 잡아들다 하다 기뻐하다 줏다 짓다 생각하다 말씀하다 깨우치다 보답하다 하다 나다 되다 "
"61","위연이","없습니 뜻 뿐 것 대신 일 저 때문 아니겠습니 것 일 주공 사 그 장군 것들이라 혈기 창 한 장수 촉땅 둘다 등현은 냉포와 저 니다 것입 말 전 살 뼈 장군 거요 두려워여기서 걸려들까 계략 적 모르겠소 그 나 글세 군사 병부가 하셨소 발상 군사 의 사마 뒤 장군 하시 당부 번 세 번 두 승상 나 불리 저들 뒤편 가정 들 군사 장군 마음 만 고상 작정 거요 두려워여기서 걸려들까 계략 적 모르겠소 그 나 글세 뒤 저들 사 주공께서 길 사람 두 저 항복 역적 위연을 말 절 동윤에게 일 채 그 앞 들이 위병 길목 기산 갈래 한 군사 너희들 무엇 것 번 삼 번 세 말 수 내 누구 천하 죽 그 있었다만 두려움 조금 때 공명 말 내 것아 양 않겠소 공 뒤 뜻 일 도와주는구려 나 참 공 방비 거기 것 줄 기습 틈 상 저들 우리 사람 병법 조진은 항복 나 그놈 내 나 놈 선비 떠거머리 말 수 일 나라 말 사람 한 있었다지만 유명 승상 보겠소 공 의 사마 군사 나 장례 서천 시신 승상 그 말 수 일 그 데 장사 양 있소 나 승상 항복 최량 차 나 성 나 번 한 저 없 그렇 크 크 하다 보다 이루다 치다 이끌다 치르다 나다 가다 모시다 해내다 지나다 살다 죽다 항복하다 내가다 보다 나가다 "
"62","위연은","좋겠습니 것 길 나 쪽 낙성 대책 그성을 정말 군사 기 중 날개 좌우 군마 떼 한 그대들은 것 때 크 어렵 붉 같 듣다 나가다 세우다 하다 쳐부수다 나가다 세우다 되다 이끌다 하다 때가다 "
"63","유비는","일 공문 수 두 전해 청주자사 일 이곳 기다기로 치 외면 바람 한 간절 들 수하 줄 도리 자 것 보답 나라 공 해 의논 주루 저 우리 그떻다면 참 성안 내 그러잖아도 이 성현 글 세상 어머님 베풂이 계책 애석 용맹 웅맹스럽기는 아우 내 방 주공을 재주 원직으로 뿐 길 위태 우리 이 것 조 조 이 그때 것 원수 그걸 원직은 것 어머니 조 조 일이요 두 그 주공께서는 일 짝 우태롭기 우리 것 그 조 조 이번 허실 중 우리 신야 데 기재 천하 원직은 바 의 힘 그 저 충성 그 등 장비 관우 이 등 미축 손 이 글하는 사람 곁 저 재주 저 것 후사 아들 잔정에 조금씩 권세가 사람 집안 채씨 지름길 나라 일 삼 후사 아래 르 맏이 예 계책 뒤 한 의논 들 수하 저 일 때 생각 후사 기업 서주 허락 그 형님 말았소이다 하나 자식 전 아낙 아내 중 저질렀소 불효 수 하늘 돌아가셨소이다 사이 노모 탁현에 고향 수 일 한 허락 저 뵙기를 대왕 이적 마량 통 글 마량 제갈군사께서 형주에 좋겠소 무엇 이름 사람 누굽니까 이 어젯밤 구경 거 망 그 나 정 혈육 내 공손백규는 어쨌거나 마찬가지일세 나 구경 거 망 그 나 정 혈육 내 공손백규는 어쨌거나 마찬가지일세 나 뒤라야 일 서주성을 것 원술을 무엇 죄목 덮씌운 님 스승 지경 일 모합했기에 그자 길 나 귀 마음 몸 고목 말 너 나 방 주공을 재주 원직으로 뿐 길 위태 우리 이 것 조 조 이 그때 것 원수 그걸 원직은 것 어머니 조 조 일이요 두 그 주공께서는 일 짝 우태롭기 우리 것 그 조 조 이번 허실 중 우리 신야 데 기재 천하 원직은 바 의 힘 그 저 충성 그 등 장비 관우 이 등 미축 손 이 글하는 사람 곁 저 재주 저 것 후사 아들 잔정에 조금씩 권세가 사람 집안 채씨 지름길 나라 일 삼 후사 아래 르 맏이 예 계책 뒤 한 의논 들 수하 저 일 때 생각 후사 기업 서주 허락 그 형님 말았소이다 하나 자식 전 아낙 아내 중 저질렀소 불효 수 하늘 돌아가셨소이다 사이 노모 탁현에 고향 수 일 한 허락 저 것 수 한 뿐 수 패업 으로 서쪽 군사 양양 형주와 명공 지 사모 덕 황숙 들 선비 재주 그땅 다가 거기 넉넉 나라 들 백성 리 천 안 지형 익주는 때 수 이룩 일 허창 틈 군사 양양 형주와 것 허창 평정 북방 군사 조 조 말씀 가지 한 황숙 저 알아오겠소 번 한 허실 그쪽 안부 공명 강동으로 누구 없소 짝 하기 궁금 일 기별 뒤 강동으로 번 한 공명 일 이 기 승상 들 군사 리 이 데 기 승상 중군 조 조 여양에 없소 길 어디 조 조 있소 이상 뜻 들이 모사 하나 내 군사 여양까지 초가 원본 군사 형주로 선생 방통 뇌양현으로 너 봉서를 위 탁자 방 내 너 저 만 하나 군사 데 이 하기 불편 밖 조운이 것 바람 만백성 천하 뿐 바람 한 간곡 저 이 되일으켜 한 저 산 선생 청하니와 까닭 사람 대 선생 모두 이 바 아무것 뿐 수고 몸 동서남북 날 이 마음 조각 한 생각 한 창생 천하 해 인도 길 데 뵙고 님 스승 너희 유현덕이다 데 나 수 원술을 길 도중 군사 갈래 한 제 청컨대 것 서주를 투항 원소 원술이 날 창천으로 구만리 언제 셈 연못 조 조 우리 어찌 수 뒤 앞 니 있으 적병 뒤 적병 길 앞 것 목구멍 생각 어머니 술 로운 향기 금옥같이 말 수 역적질 나 다름없소 소리 역적질 그것 어떠시오 뜻 공 없애야겠소 역적놈 중원 원수 운장 동오를 없소 수 말 신하 조비 스스로 손 두 손 동오 더하다는구려 아비 하기 핍박 천자 데 이 뒤 조비가 아들 조 조 모양이구려 간덩이 한몸이 자룡은 않으시겠소 산 정군 번 한 들 장군 터 걱정 수 손 그곳 곳 마 군량 적 남정 산 정군 적 세우셨구려 공 알아주셨소 능력 들 장군 만 군사 걱정 들이 장군 사람 것 사정 바 나 성미 아우 내 운장에게 아우 내 말 거기 자유 이곳 글 군사 형주로 너 되겠소이다 거리 자랑 평생 내 두 앞 공 저 들었소 말 덕 공의 장별가에게서 전 얼마 오래인데다 지 이름 의 후 효직(=법정 자리 죽이시려거든 유비 비 조 조 서북 손 동남 분 부 형님 것 수 대처 동오 호응 강하 공자 형주에서 형님 고자 사람 땅 한 중요 소용 내 일 집안 조카 일 수 마음 사모 영광 군무 찾아뵙고자 이래 뵙고 존안을 신선 말씀 한 한 일 마리 한 호 마리 두 사슴 수 호 마리 한 운장은 사슴 마리 두 문추가 안량과 비유컨대 쳔하를 진정 명공 것 조 조 맹약 그 넉넉 곡식 군사 군 아홉 양양 형주와 유경승은 말씀 한 한 일 마리 한 호 마리 두 사슴 수 호 마리 한 운장은 사슴 마리 두 문추가 안량과 비유컨대 쳔하를 진정 명공 것 조 조 맹약 그 넉넉 곡식 군사 군 아홉 양양 형주와 유경승은 해 용서 너그러이 바라건대 드렸구려 욕 장군 잘못 장비 아우 저 허도로 한 편지 둘 조 조 기대 가닥 한 조소 주령 허도로 들 졸개 약간 그날 이유 남 말 유비 조소 주령 관계 한 미묘 유비 조 조 지키겠소 그곳 허술 서주가 나 글 승상 허도로 장군 분 두 원술이 가련 장군 뿐 것 수 의탁 조공 일 이번 은혜 원술로부터 가지 화극 원문 지난날 주인 저 유비 주인 저 조공 것 두 천하 장군 처자 남 대장부 자네 진원룡에게 수 마음 나 말 아우 것 말 자 한 불의 나 그 나 사람 의탁 내 그 좋소이다 정 내 것 잔 한 미공 상 죄 목 장보 글 항복 전 소식 적 성안 것 마음 거 항복 무리 나머지 장량이 장각 때문 데 것 적 수 영광 담 대명 우레 귀 비 한 미천 이 있 대명 기회 성 공의 답 인연 살았소 탁군에서 대 유비 저 뻔 하나 장수 한 훌륭 때문 너 것아 보잘것 번 한 사람 진 너 진법 나 군사 일 틈 봉 나 창 장비 같 어리석 없 없 들다 살다 하다 하다 잃다 하다 깨뜨리다 보내다 알아보다 지다 펼치다 밝다 이끌다 어찌하다 벌어지다 나오다 거두다 "
"64","유비가","손 그 것 나 인물 세상 소 있겠 수 유장 촉군을 나 항복 주공께 마 혀 치 세 채 마 번 한 저 지경 마 말 유비 공명 처지 그같은 의 마 사람들 한숨 도리 지경 오 마 마 길목 한 갈래 일곱 군사 장 영 방비하란 엄히 장 장 귀 장 이번 말 보내야겠소 그 대 익덕뿐이니 것 않았소 나 밖 군사 자룡은 형주를 셋 조자룡 장익덕 장 관운 군사 가겠소 서천 위연과 황충 원 방사 나 은혜 의 너 대우 손 너 나 지난날 인물 대적 노릇 전군 해 항복 조 조 사람 한 가운데 제후 담당 몫 한 때 동탁 호로관에서 인물 자사 연주 지난날 유대 같았소 사람 한 성실 참 계옥은 오후 일 비 그때 그곳 도독께서 뿐 말 도독께서 않소이다 군사 지 각춰진 것 아뚜것도 일 시기 의심 양쪽 것 말 었음을 뜻 합치호卞파 힘 그것 수 나 일 주 조 조 힘 동오와 나 보장 뜻 우리 손 자네 것 독 쥐 나 그때 수 함 위태 예절 은의와 나 경승 계책 나라 평안케 사방 것 공명 나 채 풍운 사방 천하 조짐 이 모양 꼴 모양 명줄 저 없소 수 짐승 공 때문 오 것 공 말 유표 주인 그걸 적 이름 말 유표 괴월은 어제 수 다리 두 그들 것 손 장 것 오랑캐 남월 것 걱정 바 의 형주로서는 우리 웅재를 아우 걱정 나 그 어디 운장은 거 우리 판 위 앞뒤 그릇 담 천하 사람 손 거 우리 판 위 앞뒤 그릇 담 천하 사람 손 없소이다 소 이상 왕명 계교 늙은이 나무꾼 상산 송구 큰일 길 떻게 하나 만 은덕 아우 형님 길 작별 저 감소 오늘 말 자네들이 탁현에서 탁군 후예 중산정왕 길 휘하 두장구 주전 황보숭 영천 백 5 의군 한 출발 탁현에서 관군 천 1 휘하 노 중랑장 짜렵니다 돗자리 내일 저 탄식 까닭 형님 누구오니까 손문대가 그랬겠소 것 까닭 조 조 힘 창 둘째아들 조 조 그 ㅇ으로 선새은 매우외롭소 형세 있소이다만 양평관을 조 조 좋겠소 좋겠소 사자 누구 거 사람 내 중 마 있겠소 수 면죽을 묻겠소 사람 우리 장군 니제 었 수 수그러지지 떠리가 절 이엄은 사람 기 태도 적장 한 항복 태도 유비 이엄을 유비 이엄을 한 항복 공명 그 들 군사 그 항복 갑옷 말 힘 힘 온몸 이엄은 소리 군사 말씀 그 위태 군사 수 내 디금 팽양을 사 유비 말 목숨 군사 수 말 유비 법정 말 소리 팽양이 누구요 사람 쪽 관 가맹 군사 장 이 서천 화친 사신 장로 중 손 동오 해야겠소 좋겠소 공이 일 오셨겠소이다 길 그대 말씀 그 그러셨소 거 데 속셈 저들 선생 무엇이겠소 까닭 이번 자 조자룡입니다 상산땅 말씀 들 땅 로운 위태 을 몸 해 유비 계교 주유 그 군사 사람 죄 공이 위연은 없구려 수 지 요 징조 이 있소 어디 선비 어진 하시겠소 계책 말 그 모르겠소 요 징조 게 무엇 그 까닭 것 대 시상 원수 아비 저 손 그것 말씀 그 되겠소 수 번 한 누구 봉추는 복룡 수 사람 누굽니까 기재 천하 수 사람 오래됩니다만 지 선비 어진 숨 산곡 몸 유비 있으신지요 걱정 말 형님 어디 이름 선생 확 속 유비 고맙소 좋겠소 어찌 있소 걱정 그걸 나 말씀 일 것 여남으로 곳 한 든든 한갓지니 성 법 옷 사람 요긴 데 형제 우리 성 해 척결 장군 길 장군 수 창 군데 세 몸 번 몇 장수 수 저 그 겁 자 들 졸개 저 차 채 들 졸개 한 항복 장수 창 1합에 나 마주 배원소가 배원소에게 하나 졸개 장수 한 산 와우 명 장군 여덟 열 들 이름 두 아들 따라오겠소 나 나 공 계책 것 여남으로 곳 한 든든 한갓지니 성 법 옷 사람 요긴 데 형제 우리 성 해 척결 장군 길 장군 수 창 군데 세 몸 번 몇 장수 수 저 그 겁 자 들 졸개 저 차 채 들 졸개 한 항복 장수 창 1합에 나 마주 배원소가 배원소에게 하나 졸개 장수 한 산 와우 명 장군 여덟 열 들 이름 두 아들 따라오겠소 나 나 공 계책 일 것 원소 문추 안량과 조 조 명공 뿐 밤 운장은 소식 나 글 그 운장에게 하나 사람 한 만 생각 보답 은혜 명공 이러십니까 죄 제 명공 오셨소 일 공 군례 말 앞 유비 마음 자신 당당 전 위풍 유비 아우 두 앞 들 군사 벌 진세를 엄히 무기 갑주와 허저가 곁 유비 채 무기 장비 관우와 채 행군 영 유비 말 장비 관우와 얼굴 유비 일 누군가 이 무엇 이름 그대 이러십니까 뜻 공 말씀 그것 웬일 자네들 받으 호송 죄 일 이 스숭님 있소 제 재물 자 웬일 너 되겠소 것 무엇 되시었소 몸 곳 한 궁벽 탁군 우리 품자를 룡 관공께서는 말 내 사모 해 어찌 장비 소삼 일 같았소 사람 한 성실 참 계옥은 오후 일 비 그때 그곳 도독께서 뿐 말 도독께서 않소이다 군사 지 각춰진 것 아뚜것도 일 시기 의심 양쪽 것 말 었음을 뜻 합치호卞파 힘 그것 수 나 일 주 조 조 힘 동오와 나 보장 뜻 우리 손 자네 것 독 쥐 나 그때 수 함 위태 예절 은의와 나 경승 계책 나라 평안케 사방 것 공명 나 채 풍운 사방 천하 조짐 이 모양 꼴 모양 명줄 저 없소 수 짐승 공 때문 오 것 공 말 유표 주인 그걸 적 이름 말 유표 괴월은 어제 수 다리 두 그들 것 손 장 것 오랑캐 남월 것 걱정 바 의 형주로서는 우리 웅재를 아우 걱정 나 그 어디 운장은 거 우리 판 위 앞뒤 그릇 담 천하 사람 손 거 우리 판 위 앞뒤 그릇 담 천하 사람 손 없소이다 소 이상 왕명 계교 늙은이 나무꾼 상산 송구 큰일 길 떻게 하나 만 은덕 아우 형님 길 작별 저 감소 오늘 말 자네들이 탁현에서 탁군 후예 중산정왕 길 휘하 두장구 주전 황보숭 영천 백 5 의군 한 출발 탁현에서 관군 천 1 휘하 노 중랑장 짜렵니다 돗자리 내일 저 일 죄 저 양양 정병 사군(像君) 흉계 일족 채씨 부음 주공 것 저 계실까봐 사군 사실 모두 바 양양 사람 공자 이 소문 주인 유종을 부음 공자 짜코 무리 채오 채부인이 일 주공께서 형주 근일에야 님 공자 강하 것 우리 죄 일 것 천자 조 조 때 아우 들이 심복 그 주위 사이 하나 말대가리 천자 조 조 해 생각 두려워서였네 꼴 독 쥐 뜻 아우 것 웃음 비 사람들 세상 도움 서주에 장수 군사 아닙니다만 것 대 핑계 때 이 명 채비 단속 엄히 군사 것 선봉 군사 승상 만 장수 군사 비 수 주야 일 도모 여포를 명 수 수고 정도 ㅂ는 번 한 손바닥 동오는 작정 군마 세 구실 거짓 모 군사 그때 것 서천 병 오 것 서천 군사 이 육손이 방비 수 유비 관애를 영 들 장수 각처 것 일 화란(禍亂) 사람 오늘 싸우 나 뒤 기세 마 속 장군 두 것 말 일 나 것 싸우면한쪽이 호랑이 두 힘 장군 분 두 것 t 서천 군사 나 수 슬하 저 흔인에 이번 목 하나 장수 때문 저 들 백성 수 관리 조정 명색 무례 저자 칼 짓 터 공론 조정 그때 것 힘 도움 말 인 주 것 리 이 장비 수 거 하나궁하여 무리 시 여포가 법 새 품안 사냥꾼 도움 내 글 족숙에게 유원기 나 내겠는냐 흉내 떼 도둑 데 시작 큰일 대의 우리 나 낯 아들 욕 용서 너 이번 나 인의 너 나 이치 말 그대 말 아니란 군사 이 어진 것 주 한 포악 무왕이 공 악 음 주왕을 무왕도 주 지난날 나 정 사이 우리 둘 너희 올 형제 안 한집 주인 너 나 바 나 입 너 수 죄 항복 손 두 너 조서 나 놈 도리 사람 뿐 반역 나라 너 를 주사=l=미 앞 익덕 망발 줄 송구 감격하코 혈육 나 영웅 둘 당금 것 말 온후 있 하시 곤궁 버릇 이놈 불의 형 너희들 수 거 하나궁하여 무리 시 여포가 법 새 품안 사냥꾼 도움 내 글 족숙에게 유원기 나 내겠는냐 흉내 떼 도둑 데 시작 큰일 대의 우리 내겠소 운장을 내 내 것 나 운장이 수 명 천 것 한 몸 이 핏줄 한 것 안목 말씀 님 성생 것 명공께로 저 종친 비 사람 것 명공께로 저 종친 비 사람 리 자리하여 땅바닥 만나뵙게 오늘 오래전 이름 참 일 운장 아우 저 둘째 위함이요 하기 보답 은덕 명공 첫째 장군 문추 저 바라건대 길 은혜 저 이번 수 한 역적놈 조 조 사람 형제 나 안향은 것 그물 새장 것 하늘 새 대해 고기 것 신세 그물 새장 나 적 이곳 군사 하후돈이 소식 뒤 공도 날 자네 익덕을 관우는 좋겠소 못했소. 계책 이번 해야겠소 한 문추를 안량과 그 하북으로 조 조 장 관운 해야겠소 한 문추를 안량과 그 하북으로 조 조 장 관운 한 뒤 쳐역적을 동오을 군사 나라 것 것 맹세 원수 해 손 동오 운장이 아우 다짐 적 의 형제 장비 관우 도원에서 일 안 궁 왕비 주상 수 제왕 인륜 것 짝 남녀 뒤 동오로 손부인은 인 선부 주상 공 누구 사람 두 너희 어려움 차 중 균 왕자 차 나 수 것 수 외도 이번 조 조 군사 기 중 날개 좌우 군마 떼 한 그대들은 것 때 것 술 익덕에게 까닭 군사 아이 실수 술 그전 아우 내 해 록 보도 마 내 마대 오늘 너 예 나 걱정 것 한 조급 성미 두 오 터 줄 하기 항복 것이요 군사 우리 하기 항복 로 진심으 것 처자 부모 사람들 서천 너희 오 오늘 내보내야겠소 사람 밖 있소이다 하나 일 의논 장군 분 두 내 받으셔야겠소 분 두 잔 장군 분 두 관 것 수 의심 그대들은 것 마음 두 뿐 것 일 의논 종친 근원 뼈 살 형제 우리 것 종친 비 유계옥은 나 없겠소이까 마음 차 땅 한 넉넉 자 거기 사람이겠소 해 마련 세 도 토끼 나뭇가지 깃들입 뱁새 이외 지경 날 한탄 절 프고 서글 생각 몸 땅 남 생각 주공께서는 수 일 술 일자리 사람 재주 않을까두렵소 선생 사람 그곳 것 동오로 됩니 지 제갈량이 경하 주공께 備 비 속이려들겠소 무엇 나 부인 것 이곳 도 아무 자 유비 가운데 사람들 강남 같소이다 것 낯 문서 오후 도장 보증인 저 선생 자 번거 있겠소 수 보증 일 집안 자기 사람 집안 황숙 양 어깨 목 언제 날 딴마음 딴마음 보답 은혜 주공 충성 너 목숨 말씀 주공 것 삼 아내 테 그대 부인 일 말 그대 있겠소 수 차 차지;하려 나 것 동오 성 땅 날 주유 것 한 몸 남군이라도 사람 조각 한 땅 발디딜 하나 몸뚱어리 나 있소이다 것 수 해 생각 입막음 때 해 대답 대 비 선생 걱정 것 십상 도 화용 정말 조 조 사람 여기 의기 아우 내 뜻 선생 없구려 수 있겠소만 리 모양이구려 것 조 조 고을 아흡 양 형 유종이 일 자리 형 유종이 기백 리 뜻 딴 것 도 들 조카 힘 덕 이 어진 사군 모두 것 온전 저희 허창 수 직 서원 이 아들 내 편지 자당 직 서원 조 조 근간 것 하시 거절 구원 핑계 형제 원씨 걱정 내 둘 너희 모양 유비 하늘 든든 이 대 백 내 일 사람 죽 짝 수 둘 곁 내 사람 형 찬 공손 그대 수 마음 사모 때 자룡을 나 든든 이 대 백 내 일 사람 죽 짝 수 둘 곁 내 사람 형 찬 공손 그대 수 마음 사모 때 자룡을 나 저수 기색 말 유비 중 사람 뚜렸한 주견이 원소 치 일 명공 것 수 관아무개라 얼굴 수염 법 사람 한 비슷 모습 세상 살았는지조파 지 운장이 아우 이래 서주를 정 말 쪽 한마디 말 저 일 분 명공 저 것 조 조 형세 의 소패에 하비 군사 곳 땅 적 사방 다행 그 비 허도로 장군 분 두 수 망정 은혜 사람 입 은혜 승상 번 나 하나 죄 장군 분 두 줄 승상 나 일 승상 일 수 했기때문에 비 그 것 차주 서주태수 전 셈 대 조 조 차주 서주를 자기 짓 날 큰일 것 근심거리 뒷날 것 전 영웅 당금 뜻 인물 따위 여포 유비 글 여포에게 말 손 것 내 군사 그패 뜻 조 조 듯 것 화해 글 조 조 생각 저 끌어들이셨소 자리 때문 무엇 애송이 저 일 유대협 유형 있소 애송이 저 주루 우리 대 거처 대 소쌍에게 너희들 있겠소 수 담 입 일 장 식지 살 뼈 아내 여겨지는구려 불행 아내 나 나 악현을 간옹은 채 아곳에 자룡과 익덕은 운장만 화해 말 우리 것 여포와 만들려는가 사람 한 불의 불충 나 그대들은 없소 수 그당을 나 글 형님 했소 군명유불수) 있다(장재외 때 명 임금 때 을 있 밖 장수 옛말 있겠소이까 수 남 삘인들 한 땅 대한 형주는 맹세하였소 바로잡기 한 의 도원에서 형님 우리 나 생각 형주를 뭐 을 한 강남 군사 내 일 기 용납 정리 사람 도 남 틈 형주에 나 내 누이 손 형님 갈테면 끝장 놈 마 나 돌아갈테요 나 싫소 성문 뜻 딴 마음 들 백성 나 조카 유종(劃凉) 놈 의리 코 맹세 내 어쩔테냐 나 말 네놈 거요 장바닥을 놈 도소가 후의 인의 장대 말씀 그 형님 창칼 때문 무엇 터 마음 우리 물건이니라 기란 병장 없 그렇 같 흉하 보다 나가다 돌아가다 죽다 죽다 열다 구하다 듣다 죽이다 어쩌다 뺏다 빌려주다 입다 맞대다 사귀다 터놓다 기다 "
"65","유비도","어찌 일 하구 끔찍 사람들 조 조 영 승상 오르겠구려 고마움 무어 것 덕분 말줏드려 자 이 않소이다 뒤 시비 저 일 무예 노여움 관공께서도 않겠습니 배 두 수고 앞 번 한 값 수고 번 첫 마다 번 두 저 때문 차 배 두 것 것 나 배 열 것 목벤 하후연을 수 목베 장합을 미치겠소 장합에게나 않았소 무리 용맹 하나 우두머리 적 하후연이 것 거기 터 인수 장군 진위 공안 해 수습 들 가솔 재물 계옥은 번 한 이걸 것 말 선생 성 정강 영 들 아우 두 못했 말 이 밖 리 천 계책 안 막 안 영채 유악(군대 그대들은 성하 멀 좋 그렇 베다 미치다 지나다 믿다 쉬다 내리다 옮겨가다 수습하다 보다 말하다 되다 어기다 못하다 듣다 하다 이기다 치다 "
"66","현덕은","라 돌아가거 인수 현 나라 것 날 위 어깨 목 마음 목숨 여기 덕 삶 하늘 것이로되 죄 백성 너 것 길 보답 제명 이번 국구께서는 못되 귀하 내리다 오다 품다 뉘우치다 두다 붙이다 삶다 하다 없애다 죽이다 보다 해치다 되다 보답하다 길다 기다리다 참다 "
"67","현덕이","누구요 사람 저 하구 난감 넉너지 군사 우리 어찌 위태 청주가 군사 어디 그대들은 누구요 사람 저 하구 난감 넉너지 군사 우리 어찌 위태 청주가 어머니 그 곤궁 벗 골몰 일 자신 나 사람 마음 사람 저 수 죄 다면 소흘했 대접 아우 흘훌이 형 것 수 늙은이 패인 서주 백성 여기 땅 한 명공 바라건대 번 저녁 아침 미 병 늙은이 아니외다 일 것 현덕공을 나 태세 군사 장각 괴수 황건적 가엾 무겁 무겁 깊 보내다 청하다 엎드리다 소흘하다 하다 떠나다 눈감다 죽다 하다 받다 보다 바라다 되다 다투다 청하다 갖추다 싸우다 "
"68","선주가","하옵소서 바람 보전 용체를 폐하 바라건대 말 한단 어찌 들 장수 벗어났느나 에움에서 적 징조 이 사람 손 육 마디 몇 의 거기 바 폐하 아우 몸 늙은이 것 기밀 하늘 그것 일 너희들 쳔치 속 보겟는가 관공을 낯 너희들 빌려드는구나 목숨 말 한 교묘 보고 거 로운 위태 형세 않았으냐 죄 항복 너희들 날 지 성도 땅 이 하늘 들 네놈 코 맹세 아우 개 오나라 들 네놈 아이 두 아우 두 그대들 그대들인가 것 우리 것 의병 그것 것 보이려들 해 자랑 힘 치 인정 자신 그 탓 한 말 쓸모 장수 사람 나 황충은 무예 들 조카 정 대 종이 저 일 뿐 조서 폐하 않사온데 것 것 촌뜨기 산기슭 늙은이 창자 조카 두 비명 아우 두 천자 맹세 죽고살기를 의 장비 관우 전 벼슬살이 폐하 것 나 결판 번 한 오 두 위 것 맞이 왕사 해 채찍질 말 양식 들 의사 관동 역적 한 흉악 내 군사 상류 관중 폐하 사람 귀신 찬탈 제위 조비가 아들 조 조 손 조 조 역적 나라 달래려드느냐 나 말 한 교묘 아우 내 동오는 너히 익덕도 아우 뒷날 모양 얼마 지 상 아버지 대의 생각 원수 아비 힘 의 형제 너희들 형제 피 일생 의 아버지 너희들 탁군에서 많 없 그렇 가깝 달래다 하다 오다 죽이다 죽다 익다 더하다 얼마되다 당하다 하다 잃다 다투다 갚다 합치다 지내다 나누다 맺다 "
"69","선주는","이걸 늙은이 따위 늙은이 미치광이 들 장수 것 한 속 가슴 내 구족 고기 들이 원수 치 시원 하나 마충은 반장 부사 미방 아우 내 손 함 허술 아비 승상 나 사람 세 형제 너희 두어 세겨 머리 말 내 너희들 보시겠소 얘기 속 가슴 꺼리겠소 무엇 몸 일 영혼 끝엣아우 것이요 하늘 이것 해 형님 포 너 것 새삼 뜻 되었소이다 수 당부 승상 대사 수 자식 이 뒤 날 죽 이몸이 병 한 뉘우침 패하였구려 이 그 말 승상 것 있었소 수 업 다행히고 승상 어리석 멀 얕 그러하 말리다 정하다 되다 당부하다 어쩌다 하다 날다 죽다 되다 패하다 인하다 듣다 모자라다 되다 이루다 업다 얻다 "
"70","유선이","그곳 그곳 즐겁 즐겁생각나다 지내다 생각나다 지내다 "
"71","후주가","승상 뜻 파구 군사 수 종 동오가 변방 까닭 배반 사람 승상 재간 양 것 난 틈 승상 뿐 두려워서였을 승상 것 반역 소리 원망 입 불평 마음속 해 자랑 공이 위연은 어찌 일 어찌하겠소 쳐들오온다면 위 하구 막막 승상 조비가 북쪽 손 동쪽 좋겠소 어찌 일 죽 번 만 죄 신 줄 주상 승상 것 황후 정궁호 일곱 열 나 따님 장비 거기장군 대 말씀 어찌 그때 것 피바다 성안 마다 혈기 너 주장 하기 항복 들 대 정 무후 경 되었소 위태 성도 부성 벌 군사 등애 게요 황호를 이러시오 경이 수 것 이 황호에게 동윤이 지난날 위인 능력 한 만 감당 그걸 권세 나라 그 내시 하잖은 잔심부름 뒤 내 황호는 소리 번 한 승상 일 병가 것 이 걱정 마음 몸 하시 정벌 북쪽 전 자리 어려움 하시 정벌 남쪽 상부 것 줄 납신 주상 것 해 생각 하기 구경 것 물고기 한가 것 거기 신 신 대병 적 길 갈래 다섯 없 가늘 없 편하 지치다 앉다 돌아오다 막다 겪다 가다 정벌하다 보다 모르다 생각하다 위하다 구경하다 놀다 모르다 오다 나누다 길다 "
"72","후주는","납시 여기 폐하 사람 말 만큼 손 아질 신 걱정 군마 거 군마 달레 손 이때 것 말 한 일 동오를 내 대 세 조비가 전 손 저 우직이겠습니까 저희들이 들 군마 것 함께우리를 그들 서천 우리 군마 동오는 처리 군사 내 동오가 한 나마지 까닭 한 곳 성도 군마 것 사람 일 뜻 수 탈 어디 곳 군마 3 장포에게 관흥과 걱정 수 잘못 일 신 것 걱정 바 군마 것 위 내 군사 오늘 계시 영만 채비 군마 제갈승상께서는 덕 경이 것 일 수 위연은 수 영구 승상 날 수 승상 경이 하시 평안 승상 없 크 어떻 어떻 신다 걱정되다 드리다 치다 내다 계시다 갖추다 싸우다 나누다 줄다 힘쓰다 치르다 없애다 죽이다 돌아오다 남기다 평안하다 "
"73","후주도","승상 것 나 없 어리 헤아리다 "
"74","유표는","것 한 해 의논 계책 원수 아우 때문 죽음 손 황조는 데 강하 옥새를 그 길 둘 그대들 소혈로 저 옥새를 뜻 참람된 손견이 리 다스 형주를 아우 것 이 기업 아비 재주 들 아들 내 부탁 아우 들 자식 내 아비 날 죽 뼛속 병 내 뜻 내 것 필요 말 사람 언제 아우 것 물건 위인 말 해 생각 참 말 어제 같 같 고맙 좋 이어받다 부탁하다 하다 날다 죽다 스미다 쓰다 돌려보다 나다 울다 줄다 필요하다 모르다 나가다 되다 생각하다 주다 "
"75","유표가","하십시 기회 명공 저희 일 이번 명 찾아뵙고 명공 저 사군 우리 사군 우리 간 동종 그러하실진대 남 때문 말 형주로 들이 선비 동 물 천하 예 선비 어진 장군 뿐 것 의 이 두 곁 이 것 리 이 의탁 손 강동 조 조 새 저 이 일 한 당연 누구 것 사직 들이 종친 피 한 다같이 명공 것 목숨 뜻 사군 우리 사이 전 공도 유벽과 여남 이 못지 누구 뜻 사직 장수 군사 영웅 천하 군 유사 우리 어떤가 것 해 의논 뒤 동정 허도로 그대 어디 훌륭 말 거절하겠소 말씀 원소 글 에움을 손견 누구 기회 명공 저희 일 이번 명 찾아뵙고 명공 저 사군 우리 사군 우리 간 동종 그러하실진대 남 때문 말 형주로 들이 선비 동 물 천하 예 선비 어진 장군 뿐 것 의 이 두 곁 이 것 리 이 의탁 손 강동 조 조 새 저 이 일 한 당연 누구 것 사직 들이 종친 피 한 다같이 명공 것 목숨 뜻 사군 우리 사이 전 공도 유벽과 여남 이 못지 누구 뜻 사직 장수 군사 영웅 천하 군 유사 우리 어떤가 것 해 의논 뒤 동정 허도로 그대 군사 것 화 뒷날 그 틈 조 조 것 엿 형주를 뿐 조 조 것 군사 호구 손책이 나 너 소리 뜻 내 주인 아땅 아우 뒤 죽 나 나 이곳 아우 어쨌건 일 강동을 수 일 형주 병 나 수 다리 두 그들 것 손 장 것 오랑캐 남월 것 걱정 바 의 형주로서는 우리 웅재를 아우 화 모반 도적 두 위해 식견 내 조 조 것 황조에게로 예형을 나 수작 욕 선비 로운 지혜 나 예형을 손 나 내 인망을 조 조 욕 조 조 번 몇 예형은 그렇 없 크 작 알다 보내다 살리다 내가다 하다 먹다 죽이다 울다 나르다 죽이다 빌리다 보내다 죽이다 두려워다 잃다 욕하다 나다 "
"76","유표도","걱정 결정 어른 이 것 변란 뒷난 기 손 사람들 집안 채씨 군무 형주 자네 일 기 맏아들 두 것 예법 대 맏아들 총명 종 둘째 채씨에게서는 후처 부족 일 사람됨 기 맏아들 진씨에게서 전처 문제일세 후사 그렇 같 크 부드럽 내리다 이르다 세우다 알다 하다 세우다 어긋나다 보다 세우다 총명하다 얻다 부족하다 맡기다 무르다 얻다 "
"77","육손은","것 수 성 절 그 나 촉병을 나 있었소 거 사람 다독 마음 들 군사 손환이 나 것 수 번 한 북소리 틈 꼬리 머리 그것들은 정면 위병 대 나 다음 길 위병 군사 우리 신성 표문을 주상 나 것 위 뒤 진세를 곳 차 석정을 곳 하기 매복 산길 석정은 앞 것 군사 있소 매복 앞 뒤 그대 군사 나 큰공을 밤 오늘 부동 장수 촉 영채 네번째영채를 촉 남쪽 강 것 줄 군사 그대에게5천 나 넓 좋 가볍 크 올리다 기다리다 펼치다 하다 매복하다 되다 내몰다 받치다 가다 이끌다 바라다 이루다 지키다 뺏다 째다 가다 주다 "
"78","육손이","있소이다 영채 적 나 수 차 중원 빈틈 우리 때 위 위 공명 것 것 거 거기 촉병이 형세 듯 군사 겉 수 청 일 손잡고 뜻 해 어찌 장안 동안 의 사마 우리 의 사마 공명 그것 저희들은 말씀 한장군 적 길 세 군사 우리 좌우도독으로 사람 두 틈 돌무더기 어짜하여 돌무더기 저 누구 수 차 중원 빈틈 우리 때 위 위 공명 것 것 거 거기 촉병이 형세 듯 군사 겉 수 청 일 손잡고 뜻 해 어찌 장안 동안 의 사마 우리 의 사마 공명 그것 까닭 해 울적 공 책임 공 오후 것이외다 뒤ㅉ지 우리 위병 것 강동으로 뒤 한 의심 적 나 몰 쪽 양양 인마를 나 듯 거짓 해 재촉 배 싸움 자유 격 마련 길 이 것 기세 위병 것 군사 우리 있겠소 수 군사 수 서천 우리 것이외다. 동오로 틈 간걸 촉병을 우리 없소 바 조 조 그아비 속임수 간사함 조비는 위주 않소이까 위 아니외다 것 때문 석진 저 나 것 말 위 짓쳐들면 양쪽 촉 오 우리 군사 제갈량더러 촉 사람 글 이때 것 오그라 간담 조휴가 위 생각 내 상장군 너무걱정하지 내 군사 대 나 정말 군사 개 몇 어찌하여까짓돌무더기 도독께서는 것 때 이 쳐없애기에는 그 의지 하나 성 고단 세력 유비 없었소이다 수 해서 무궁 변화 걱정 장수 군사 것 수 해 대단 세력 촉병 나올곳이오 유비 산골짜기 있소 저곳 유비 경 것 군마 경 있소 경계 우리 촉병이 듯싶소 나 병 이만 어떠시오 있소 수 항복 우리 손 들 군사 형주 봉화 봉수꾼들은 강가 계책 가지 한 내 것 때문 것 봉화대 강가 정돈 군마 형주 병 자명 보시겠소 번 한 하나 처방 병 장군 내 소견 것 것 정말 거짓 병 명의 여자 일 것 벌 왕법에 것 법 마땅 마련 법 중 하셨소 촉 들 군사 대장 나 주상 아프 없 뒤늦 가깝 잇대다 정돈되다 보다 다스리다 뉘우치다 벌다 멀다 따르다 자다 어기다 하다 지키다 공들다 하다 쳐부수다 맡기다 삼다 "
"79","장료는","목 그자 자 군율 거기 것 수선 들 군사 우리 자 모반 이 모반 안 성 모반 하례 얻으셨다기에 소식 현덕 싸움터 형 버리다 어지럽히다 속다 뜨다 하다 놀라다 꾸미다 일으키다 하다 드리다 얻다 "
"80","장료가","것 승상께로 나 문원은 것 봐러 생각 정 날 공과 기억 그대 적 복양성에서 일 무엇 했습니다만 하기 천거 승상 형 저 리 짝 하기 불손 말투 놈 저 것 승상께로 나 문원은 것 봐러 생각 정 날 공과 기억 그대 적 복양성에서 것 수 유비 때 군사 때문 무엇 사람 한 장비 너푸 숭상 답 일 승상 금 문원께서는 것 항복 나 하나 셋 것 나 리 리 천 곳 황숙 셋째 것이외다 전 상하 뿐 봉록 황숙 님 형수 분 두 둘째 것 조 조 천자 한 것 항복 나 맹세 한 유황숙은 나 첫째 것 길 천하 두 몸 번 세 수 맹세 도원 둘째 수 보전 부인 두 현덕공 첫째 곳 때 소식 현덕공으로부터 뭄울 밑 조 조 함 기약 뒷날 항복 조공 천하 일 것 항벅하시지 형 있아,니 들 군사 조공 사방 보겠소 나 혼자서끽도 나 공사 감정 로운 사사 적 해 이용 계책 적 것일게다 호응 밖 오병들이 이 것 조심 밤 방비 밤 오늘 수 모슨 틈 방비 나 병 오 만약 것 근심 도리 자 장수 것 수 땅 그곳 길 이상 마음 딴 유표 것 허도록 내 군사 요동 속임수 허유 승상 방비 곳 곡식 원소 내 길 원양 운장을 누구 들 장수 관애를 각처 승상 일 사람 운장이 까닭 걱정 자 길 일 운장을 공문 보내셨소 나 말 들 장수 관 운장이 승상 왔소이다 뜻 명 승상 출입 잡인 일체 봉록 황숙 들 가솔 현덕 운장은 채비 사군 승상 없 두렵 두렵 없 내리다 앞서다 보내다 나르다 듣다 베다 지키다 전하다 받들다 하다 금하다 내리다 숙다 하다 가다 사다 부르다 "
"81","장료도","교분 형 저 교분 현덕 형하다 비하다 "
"82","장비는","했 형님 우리 놈 의리 네놈 조 조 인물 대적 노릇 전군 해 항복 조 조 사람 한 가운데 제후 담당 몫 한 때 동탁 호로관에서 인물 자사 연주 지난날 유대 관여 데 시했하는 장령을 소관 나 일 일 문관 문관 당신 보겠소 데 나 나 형님 분 두 못하겠소 짓 나 작정 이 명령 밑 저놈 놈 한 배은망덕 뒤 관 재동산으로 경기 나 관 군사 너 쪽 우리 그때 것 군사 거 적 머릿수 너희 라 욕 아래 성 이 너 되도록이면 생각 은의를 형님 우리 오늘 키치지 욕 분 i 형수 황숙 대한 형님 우리 뻔했소 분 한 대현다澤)을 공이 것 대군 숲속 조 조 그것 지 내 숲속 말꼬리 나뭇가지 너희들 채비 사군 승상 형님 갈테면 끝장 놈 마 나 돌아갈테요 나 싫소 시 뻔하 높 싫 숨다 보다 하다 치솟다 닫다 끌다 하다 가다 사다 부르다 가다 가다 보다 나가다 돌아가다 죽다 죽다 "
"83","장비가","계십니 동쪽 내 적 장군 분 두 위 황 협공 양쪽 바람 군사 유괴 오의 안 성 뇌동 오 장군 두 위연 황충과 조 다음 유종을 일족 채씨 성 양양 을 강 군사 뒤 목 송충 일 나 낯짝 놈 의리 너 꼴 이 것 잔당 황건 요 달째 몇 명령 하나 상전 않소 하랬다고일이 말 입 말 것 것 지나왔소 힘 털끝만한 공 장군 있었습니다만 관애가 곳 마현너댓 길 나 익덕은 계시다네 곳 앞 까닭 작은아주버님께서는 것 소식 여포를 조 조 형님 바 사방 들 군사 몇 길가 해주 뒤 소패성을 그날 나 절 성안 두 거 성안 말겠소 이놈 오늘 내 도적 백성 놈 원수 형 둘째 맹세 도원에서 저 천자 폐하 거리 와구관하고는 길 저 군사 길 무엇 수 원소 적 목 문추 안량과 전 형님 때문 무엇 출정 이번 형님 여포를 형님 결심 낙양 조 조 님 큰형 말 형님 저 기다리려우 작정 형님 있겠소 한 적절 그 난세 추상 함 엄정 필법 명분 대 천하 하였소 적자 난신 춘추 맹자 지나왔소 힘 털끝만한 공 장군 있었습니다만 관애가 곳 마현너댓 길 나 익덕은 계시다네 곳 앞 까닭 작은아주버님께서는 것 소식 여포를 조 조 형님 바 사방 들 군사 몇 길가 해주 뒤 소패성을 그날 나 절 성안 두 거 성안 말겠소 이놈 오늘 내 도적 백성 놈 되겠소 거리 걱정 것 따위 마 있소이다 적 흘로 대군 백 조의 조 나 나 군사 때 생각 후사 기업 서주 허락 그 형님 기다리고들 무엇 일 동탁 관 목 화웅을 형님 우리 죄인 나라 인간 아우 일 고을 현령 고을 사람 너 형님 우리 것 나라 어디 의군 우리 형 관우 원수 뇌동 죽 장합을 틈 나 골짜기 마른풀을 짚단 수레 뒤 길못을 놓은군사들을 그 장합을 것 속 나 뒤 날랜군사만 너 군사 나 내 겠다 때려잡아야 그놈 해 이용 계책 그놈 속이려들었다 나 뿐 뇌동 계 매복 장합이 해 록 보도 마 내 마대 오늘 너 예 나 걱정 것 한 조급 성미 되었구려 차 나 공도 나 같소 것 이곳 강물 군사 되겠소이다그려 적 공명 가지 것 이런일은 오늘 때 놈 도적 동탁 나 그때 소용 짓 이따위 형님 어떻겠소 시작 큰일 뒤 의 사생 사람 세 제사 땅 하늘 밭 복숭아 내 만발하였소 꽃 동산 밭 복숭아 뒤 집 내 어떻겠소 것 예 장소 우리 이러지 같소 것 마땅 자리 하기 시작 큰일 보이겠소 맹세 영전 형님 들 역적놈 한 형님 쳐부수겠소 오 상복을 선봉 전부 보겠소 군사 오 뵙고 천자 내 있겠소 수 부귀 나 형 둘째 맹세했소이다 거 때 의 도원에서 형제 삼 우리 지난날 말씀 그 되겠소 자리 천자 한중왕이 종친 한 형님 있소 무엇 것 형님 들 야단 왕위 자 성 유씨 장비 나 밖 거리 화살 아우 받겠소 달 군령 목 내 이 마 나 나 차례 너희들 것 열 길 나 것 제까짓 페어 방울 말 매 사람 두 오 달 3 먹 밥지어 2 밤 오늘 때 꾸물대다가 일 말 허깨비 군사 저것 무엇 것 저 누구 어디 들 네놈 어쩔테냐 나 말 네놈 것 것 뿌리 그거 동탁 저 것 여포를 것 동탁 저것 겠소 골통 그놈 내 있소 수 이럴 놈 독우 거요 장바닥을 놈 도소가 후의 인의 장대 말씀 그 형님 같 그렇 좋 같 가다 서다 어쩌다 뺏다 되다 없애다 뽑다 베다 풀다 못하다 사로잡다 쫓다 오다 부수다 이러다 빌려주다 입다 "
"84","장비도","거두어들입시 이 노릇 평안케 백성 아래 나라 위 것 욕심 로운 사사 차 말 우리 맞소사사롭 들다 거두다 하다 평안하다 구하다 채우다 하다 하다 맞다 "
"85","정욱은","라 이 선복이란 신야 지름길 편지 너하다 전하다 달려가다 가지다 "
"86","정욱이","수 그 것 직 서원 그 인물 수 일 부근 형주 것 선복이 이름 사람 뜻 화흠이 승상 그대 재주 그 수 그 것 직 서원 그 인물 수 일 부근 형주 것 선복이 이름 사람 큰일 왕패 틈 날 위명 명공 마련 계책 승상 이곳 서 제 일 뒤 것 힘 때문 어미 유비 편 걱정 이곳 마음 그곳 몸 서서로 이곳 어미 것 하려들 원수 유비 힘 어미 결과 덕 어미 뿐 이름 승상 승상 그것 때문 속셈 죽음 승상 것 짐직 노기 승상 어미 서 것 수 이익 남북 양양 형주와 다음 원소 날 내년 편 힘 군사 허도로 것 되버릴 누구 그때 기운 이번 원소 하시 어찌 북쪽 원소 양양 형주와 이곳 채 원소 사람 사마휘와 선생 수경 중 사람 담론 그 들 스승 전념 학문 뒤 일 수작 속 승상 유비 위페 유비 뜻 엿 동남 승상께저도 유비 표문(表文)을 천거 형주목으로 유비 화흠을 것 한 화흠을 내려오실까봐 틈 승상 군사 꺼려하썩 유비 손 것입니 까닭 낙심 승상 뜻 화홈이 것 길 어려움 말 그 나 적 은혜 그 승상 지난날 사람 장 관운 것 무엇 신의 분명 데 원수 은혜 자 사람 해 만 오 사람 나 자기 장 관운 평소 저 영 수채 속임수 배 것 방비 이 동남풍 이상 오늘 것 해 투항 수 일 받안 공격 원상 원담은 수 원소 것 길 물러날래야 군사 우리 강물 뒤쪽 하상 것 후환 격 날개 호랑이 그것 원소 그 데 죄 것 한 모독 위엄 승상 이 글 채 작별 그 두터이 그 승상 어디 운장이 유비 것 일 죽 해 의심 유비 원소 께뜨린다면 군사 원소 운장을 것 투항 원소 그 유비 일 생각 것 내 말 때문 베던일을 화움을 지난날 그 나 운장을 것 투항 원소 그 유비 일 생각 해 천거 하나 인물 한 만 한 대적 안량을 저 것 말 승상께로 그 문원이 되 한 길 뒤 앞 운장을 그걸 있소 계책 가지 한 내 아니외다 위인 말 사람 운장은 나 하나 적 전 운장과 문원이 것 속 유비 허장성세로 있소 것 맞수 유비 이 나 대답 조 조 장수 그 왕충은 노릇 편장 항복 조 조 자사 연주 유대 걱정 몫 왕충이 유대 승상 그 호히려 저희들은 때 예주목으로 유비 지난날 것 해서 소홀 방비 거기 귀순 무리 장패`손관 산동에는 뿐 것 수 거 여포를 원술이 밖 거 여포가 안 길목 회남으로 장수 그것 것 참 그때 합세 원술과 여포가 것 해 투항 원술에게 죄 뿐 하나 성 하비 여포에게는 함 도모 사람 아래 남 유비 좋 없 어렵 급하 막다 달아나다 하다 지키다 가다 뽑다 능하다 막다 되다 합세하다 투항하다 싸우다 죽다 남다 못하다 하다 남다 "
"87","제갈근이","있습니 말 것이라고들 수 함 평안 항복 주려 제 선생 늑장 일 군사 뜻 도독께서는 대단 병세 나 조예 위 마디 몇 의 거기 바 폐하 아우 몸 나 강동까지 너 말 것이라고들 수 함 평안 항복 주려 제 선생 길 수 보전 들 가솔 장군 길 형주를 귀순 오후 까닭 장군 되었소이다 하기 기약 저녁 아침 위태 구원병 밖 양식 안 거기 하나 성 것 남 손 남 고을 아홉 한 장군 했소이다 인물 참 이 시무 예 왔소 장군 명 오후 나 조비를 화평 집안 두 그 이해 목숨 남 촉주를 저 바라건대 보답 지 녹 군후 몸 어떠하신지요 뜻 도독께서는 였솜니다 일 도독께서 말 터 사신 아우 저 결정 의논 일 들이 관원 문무 말 조 조 동맹 동오와 우리 주가 유예 으로부터 漢上 한 제갈량이 아우 저 없 외롭 이렇 이렇 하다 하다 먹다 하다 기다리다 매듭짓다 오다 하다 되다 못하다 의논하다 모이다 전하다 하다 치다 맺다 오다 "
"88","제갈근은","수 것 의 의 이것 대 몸 들 형제 성 쳐없애려 역적 옥좌를 조비에게 한제가 황숙 조 한 폐하 것 폐하 가벼움 작음 일 저 아니올시다 수 돌 쇠 마음 관공 군후께서는 없소 뜻 딴 뿐 되일으키시려 한 조 조 화친 진이 진 옛적 군후와 오후 없 어둡 없 시리 숙다 가지다 달래다 굳다 나다 쇠다 계시다 보다 비뚤어지다 하다 일으키다 되다 치다 맺다 그리하다 지다 더불다 "
"89","제갈량이","작정 해 공격 불 채 노수를 병 만 잘못 때 낭패 동오에게 선제 지난날 채 여개가 저 것 수 러가지 물 조 조 그걸 계책 가지 한 제 없소 수 목 나 실패 계책 내 그 이번 일 공근에게는 있소이다 수 개 10 화살 안 사흘 묘책 내 들 군사 배 양쪽 다발 천 안 둘러씌우고 휘장 배 명 30 군사 배 척 스무 배 내 자 바라건대 때문이외다 하기 합당 이치 것 항복 조 조 공근(公舊) 웃었소이다 거 子敬 자 아니궈 것 사람 양(옹)은 말 데 사람 스스로 저 그것 것 그 힘 우리 일 한 양(쫑)이 한 간사 조 조 것 위 내 군사 오늘 계시 영만 채비 군마 제갈승상께서는 작정 해 공격 불 채 노수를 병 만 잘못 때 낭패 동오에게 선제 지난날 채 여개가 저 것 수 러가지 물 조 조 그걸 계책 가지 한 제 없소 수 목 나 실패 계책 내 그 이번 일 공근에게는 있소이다 수 개 10 화살 안 사흘 묘책 내 들 군사 배 양쪽 다발 천 안 둘러씌우고 휘장 배 명 30 군사 배 척 스무 배 내 자 바라건대 때문이외다 하기 합당 이치 것 항복 조 조 공근(公舊) 웃었소이다 거 子敬 자 아니궈 것 사람 양(옹)은 말 데 사람 스스로 저 그것 것 그 힘 우리 일 한 양(쫑)이 한 간사 조 조 수 한 번 만 샘물 군데 수 샘 개 귀신 제갈량이 푸르 어둡 같 많 웃다 나타내다 견주다 하다 하다 피하다 못하다 미치다 울다 알다 하다 씻다 사로잡히다 만들다 하다 헤아리다 꾀다 "
"90","공명은","만들겠습니 항복 우리 계책 때 마 걱정 그것 밖 골짜기 도움 소나기 부자 사마 손 적 열류성이 가정 군사 지 각춰진 말씀 줄 밖 가지 한 공근(t1%) 나 말씀 누구 누구 사람 두 대장 선봉 그대 내 길 성안 그 못이긴 강유 척 기성 기세 겉 인마를 한 그대 걱정 생각 내 풀잎 샘물 승상께서느 장기 입 하나씩 잎 사람 운향 해엽 이름 풀이 뒤 암자 목욕 거기 때 장기 때 버짐이 물 사람 중독 독 샘 천 안락 뒤 암자 거처 그 적 계속 년 수십 사람 만안은자라 호 선비 한 위쪽 개울 개울 만안계란 리 20 안 하나 산골짜기 리 몇 서쪽 수 재 산 곳 군사 안 뿐 흙 돌 동 독룡동으로 맹획은 것 이 뒤 예물 천자 상 들 장졸 저 보답 은혜 따위 보석 구슬 금과 약간 것 바쳐올릴 감격 은혜 승상 맹획은 형 저 수 낙성을 뒤 장 사로잡았소 것 들 군사 장수 조 조 말씀 누구 누구 사람 두 책 군사 지 각춰진 말씀 줄 밖 가지 한 공근(t1%) 나 말씀 누구 누구 사람 두 병법 것 수 성 손바닥 덕분 나 마련 절 장수 으뜸 군사 까닭 학소가 데 수 마음 들 위병 안 함성 불 세작들이 성안 나 거기 틈 군사 저희 일 적 아래 성 진창 곱절 밤 우리 틈 들 군사 나 풀론 중 군사 대 핑계 점고 군사 장포에게 관흥과 편 한 마음 여럿 영 성 안 사흘 그대들에게 함 위독 병 학소 나 있소..... 줄 눈물 벗 한데 쓸쓸 3군(三軍)은 듯 일 빛 하늘 듯하구려 간담 갈래 갈괘 천 창자 한 가득 시름 정 죽음 그대 세(百世)에 백 마쳤으나이름은 삶 여섯 서른 그대 죽음 때 기상 모습 한 씩씩 적 그대 것 군법 함 소홀 채비 안 것 줄 말미 보름 사람 입새를 양 곡 반사 들 군사 그대 것 수 한중왕은 서천 동천 양양 형주와 왕위 수 제위 터 바탕 의 한평생 주공께서 어찌 일 이 달 한 마 군량 우리 셈 나 군량 샛길 나머지 수 운반 군량 길 진창 까닭 거 군량 우리 것 위병 좋겠소 제위 한중왕을 우리 종친 한 뿐이외다 찬탈 이성 이 하나 황제 대위 조비가 임금 하루 천하 무 것 나 무리 환관 한 소 리 폐하 뒤 일 줄 일 한 간사 그대들은 그대들에게 일 안 나 나 걱정 그것 터 살 전 봉록 들 식구 뒤 죽 너 원망 나 만큼 것 군법 너 수 복종 사람 수 나 군율 이때 비롯 허물 모두 것 성 땅 장수 군사 화 말 왕평 진작 너 책임 가솔 너 곳 바탕 이번 가정 경계 너 나 거기 전법 병서를 너 이 일 리 마 너 가정 마 너 나 것 일 뵙는 폐하 코 맹세 회복 중원 쳐없애고 무리 한 간사 이번 듯싶습니다 때 위 씩씩 튼튼 말 사람 기구 한 필요 넉넉 마 군량 년 3 지 다독 장사 신 이 궁금 신 일 폐하 차 장안 나 기산으로 것 죄 하시 근심 주상 평정 남방 신 것 저들 대 신 수 근심거리 나라 것 복속 폐하 오랑캐 남쪽 보건대 신 하나 천하 것 가지 오 쳐없앨수 위 것 위를치면 다음 평정 들 만족 그곳 남쪽 신 오 위 것 보 몰아 군사 우리 위 오 우리 화친 그 사신 예 폐하 그때 것 답례 사람 인물 것 일 등지 이번 것 사마 그걸 수레 들 장사 대소 것 전 위 수레 목 모양 내 전 나 의 사마 깃발 진세를 그대 의 사마 영채씩 한 영채 한 뒤 후 그때 것 의심 거 장성 사마 때문 것 별 혼 ㅐ 죽 장성 내 소리 일 때 들 군사 하나 등잔 앞 다리 입 일곱 쌀 시체 내 안 하나 상자 발상 나 것 절 사람 목벨 위연을 비단주머니 그때 싸움터 모반 위연이 것 모반 위연은 나 길 공 너 것 위병 산길 곡식 거기 떼 마리 50 4 마리 30 2 유마를 목우 너 것 접응할 이끈고 군사 나 그때 채 적 군사 관흥이 유인 그 식 때 예기 그 위병 내 그대들은 내 길 성안 그 못이긴 강유 척 기성 기세 겉 인마를 한 그대 책 채 한 든든 곳 말 나 군마 한 그대 나 번 한 포향 포향이 영채 우리 밤 해질녘 발치 토산 피리 북 그들 백 5 군사 그대 돌아가리가 공이 자 낙성으로 소강 자룡은 것 수 공 해서 발돋움 수 역적 것 바 뜻 일 것 됨 그릇 나 이 걱정 나라 진정 있겠소이까 쓸모 것 군사 했소 변화 앞날 뚜렷 벌 허물 장수 줄 군사 나 탓이었소이다 장수 탓 군사 것 꼴 일 말았소 적 우리 적 많았소 머릿수 적병 군사 우리 때 기곡으로 기산과 대 지난날 뿐 것 나 실 것 나 일 공이 같소 것 하나 고을 소 하리 얘기 저 내 뒤 가슴 밥 술 장막 맹획을 내 바라건대 위급 일 다스리시겠소 병 약 아셨소 원인 병 내 선생 듯싶소이다 걱정 사람 한 만 일 한지 생각 나 결단 장군 오늘 기틀 되고 일 내리십지오 결단 장군 것 형국 한솥을 셋 솥발(舊足) 것 가지 이 셋 주 유예 우리 조 조 천하 그것 수 전 세력 동오 형주와 것 북쪽 조 조 것 뒤ㅉ지 줄 귀신 너희들 들 위병 유마를 목우 그 그때 것 들 위병 불 때 이 들이 위병 유마를 목우 산기슭 뒤 한 차 호로병을 물건 불 허리 보검 손 한 깃발 손 한 다음 모양을내도록 한 야릇 하나 하나 얼굴 감 가지 다섯 몸 짐승 머리 귀신 신장 육정육갑 군사 백 5 너 추격 적 그대들은 협공 안팎 마대 멀찌감치서 밖 영채 적 군사 천 5 너희들 채비 때 우리 수리 그곳 검각으로 군사 그대 경계 경계 새 말 내 것 것 그대 공 데 장안 뿐 위태 것 나 뒤 한 의논 군사 일 내 그림 지형 사방 그곳 채 적병 채 길목 한 요긴 거기 조심 그대 것 중 이 그대 그걸 함 신중 일 그대 평소 나 너희들 채 그 앞 들이 위병 길목 기산 갈래 한 군사 너희들 안 물건 소용 거기 입새를 큰길 성 삼강 뒤 곡 반사 장군 지리 사람 두 문장 자룡과 나 시가 마충과 왕평 아침 내 뒤 한 정돈 군마 오늘 적 길 가운데 군사 사람 두 그대들 들 기구 가지 병기 패잔병 조 조 강가 대 배 그대들은 것 공 그곳 익덕이 조 조 불 산자락 것 연기 것 지어먹게 밥 솥 거기 뒤엔느 비 내 것 쪽 북이릉 가지 남이릉으로 조 조 해 매복 호로곡에 뒷길 이릉 강 천 3 군사 익덕은 손 나 나머지 그대 나 누구 뜻 함의 미개 왼쪽 옷깃 좌 내 터 그대 책 만 책 그대 들 장수 책 나 일 가지 다섯 일 가지 여섯 일 경계 가지 일곱 일 가지 여덟 거기 책 자 14 백 1 천 1 만 14 편 네 스물 바 평생 나 하나 것 그대 그전 뜻 하늘 한 중원 힘 충성 나 것 것들을 중 우리 거 걱정 유마를 목우 필 몇 그것들이 나 말 들 장수 의 사마 의 사마 일 초병 위군 거 채비 어디론가 편 한 뗏목 나무 촉병이 시작 일 대 공명 들 장수 이 군사 우리 다음 남쪽 위수 것 영채 적 앞 나 뒤 위병 후 것 수 부교 위병 위 강물 불 풀 거기 강물 뗏목 그다음 강물 후군이 우리 뒤 적 것 사마 공격 북원을 우리 밤 오늘 명 천 5 군사 한 익숙 물질 풀 위 채 백여 뗏목 나무 들 군사 위빈을뺏어버리도록 공격 북원을 거짓 우리 두려워서이다 농서길을 나 길 우리 것 진 북원에 위병 큰일 촉 군사 동오가 것 검각은 절 것 채비 우리 위병 차 길목 만 1 사람 두 그대들 길 양식 우리 군사 검각으로 둘째 함이요 보리 이번 우리 첫째 우리 의 산세 위병 두 모두 말 싸움 갑옷 창칼 갑 목숨 너희들 결판 뒤 한 공부 전법 병서를 의 사마 것 너희들 무 것 일 하나 너희들 나 틈 막 들 위병 기산을 야곡으로 지름길 군사 나 꼴 계책 그 뒤 우리 것 두 복병 군사 사람 군사 사마 것 나 것 계책 그 것 대비 거기 그 나 때문 것 의 사마 조진과 조서 위주 것 위병 나 접응하겠다 대병 나 옛길 진창 군사 천 1 둘 그대들 것 계책 에움을 위병 거기 주머니 그때 것 해지 위급 일 장익을 왕평과 위병 꼭대기 앞산 나 북소리 깃발 것 줄 군사 천 3 하나 비단주머니 둘 그대들 내 계책 나 사이 것 사람 두 위병 앞쪽 군사 장익이 갈래 두 군사 의 사마 등뒤 뒤 앞 그대들 그 위병 매복 산골짜기 군사 1 왕평과 그대 누구 라 장수 용맹 슬기 일 이 길 적 매복 군사 나 마음가짐 열 하나 그대들은 것 이번 시직한 우리 위병 곳 두 누구 수 세력 위병 차 곳 두 이 한 음평은 무도 나 뜻 내 것 군사 그곳 줄 곳 두 미성 옹성과 나 저들 것 우리 곳 재미 전 사람 위나라 이곳 이득 기산으로 번 두 나 채 그 좌우 채 그 둘 너희들 것 급습 채 우리 들 위병 그곳 불길 서쪽 기산 밤 오늘 길가 사방 여채는 위병 계책 이용 계책 저것들 수작 채 우리 군량 나 것 한 나 계책 그것들이 거 화공 평생 나 것들이 불 따위 것 양식 것 수레 계책 거 군량 우리 들이 위장 운반 군량 이번 성 전 구원병 저희 수 막 나 성 거 등지 조자룡과 군사 한 그대들은 군사 추격 적 군사 우리 해 매복 산골짜기 치 뿌리 추격 적 뒤 그대들이 나 불리 저들 뒤편 가정 들 군사 장군 마음 만 고상 위태 가정 그곳 것 줄 군사 1 그대 만 군사 끼 길 산모퉁이 하나 성 열류성이란 동북쪽 가정 걱정 실수 사람 두 날씨 한 만 계책 내 눈 이 세 북풍 구름 빛 하늘 오늘 마음속 내 그대 걱정 길 그곳 거 너희들 내 결판 나 내 정돈 군마 핍박 너 나 것 하후무를 성안 나 신호 불 다음 안심 하후무를 성안 들 잔병 안정 될까하여 보탬 그대 보내겠소 그대 장포를 관흥과 나 것 그 군사 것 거리 걱정 촉 우리 훈련 병마 양주 옹주 의 사마 계략 지모 치 심상 것 의 사마 것 걱정 것 자리 들이 벼슬아치 것 이 뒤 아들 그 조비가 한 그 제사 물가 내 밤 오늘 것 일 한 어딜 귀신 한 원통 혼 속 물 시체 사람 이곳 우리 거기 적 죽 물 모두 여기 명 천여 촉병 마대 전 죄 나 그것 땅 해 마련 공 내 하늘 저곳 섰소 계책 평정 들 오랑캐 내 보리 나 번 한 나 내일 있겠소 수 것 여기 나 뒤 그때 뒤ㅉ거든 우리 맹획이 그걸 속 맹획을 횃불 채 군사 우리 그대들은 계책 내 것 뒤 기세 듯 저들 며칠 때 듯 것들이라 왕화 사람 만방 힘 내 그들 것 들이 만병 것 나 뜻 항복 어떠냐 땅 자자손손 것이요 왕위 천자 항복 수 나 그대 기계 양초 들 장수 한 용맹 들 군사 나 사람 참 항복 내 그대 항복 사람 만방 너희 이 뒤 초려 나 사람 소식 원수 동 3 맹획은 어디론가 계책 군마 한 그들 공명 관색이었다 왕평과 다음 어디론가 군사 천 5 위연을 조운과 틈 것 군사 맹획이 내일 일 동 너희 너희들 것 수 장합을 불러와애겠소 익덕을 낭 위태 관 가맹 생각 주공께서는 수 일 술 일자리 사람 재주 전 사이 집안 두 짤서드려 자 바라건대 않겠소 그쯤 출가 황숙 친누이 오후 드리겠소이다 군령장 수 구경 것 공 주유 밤 오늘 기대 곳 군사 번구에 주공께서는 성곽 사 것 무리 번 한 조 조 진 안구 들 군사 공자 긴요 땅 한 만 바랍ㄹ 번 한 무창은 까닭 나 병 도독께서 이것 말씀 공근을 나 줄 계책 그 것 한 황개를 공근이 오늘 자 일 한 편리 것 군 조 조 화살 내 셈 화살 개 10 힘 반푼 동오로서는 것 천 6 5 화살 배 것이외다 다행 이 공근아 말씀 자 것 조 조 묘책 다음 길 를 銳氣 예기 들 군사 북쪽 수전 것 우리 공근에게 것 조 조 이번 것 대비 군사 반드사 대바하겠소이까 길 군량 자기 버릇 짓 길 군량 남 평생 뿐 그 사람 조 조 이떻게 일 것 서로 것아오 수 공 해 일 한마음 사람 유사군(劃捨君) 오후(돛侯) 형세 못했구려 용납 그걸 공근아 것 우스갯소리 것이엇을 한 나 손 조의 길 양식 군 조 조 나 공근이 것 잘못 이야기 바람 있겠소 수 대답 나 그분 물으셨소 아닌가만을 것 항복 그것 내 그분 내 계책 조 조 말 꼬른단 줄 남 발 되 장소 말써 거기 공명 못되었소이다..... 편 동안 고황제를 그때 승리 계책 한신은 않으셨소이까 천하 한싸움에 해하성(어下城) 항우에게 여러번 高皇帝 고황제 지난날 일(常흄)이외다 것 이 적 군사 잇겠소이까 어짊과 그 쪽 들 백성 수 어려움 차 강릉을 진군 들 백성 이외 까닭 수 들이 군사 조 조 탓 가지 밖 리 십 하루 그 부축 늙은이 것 들이 백성 만 수십 것 비롯 함 大義 대 대 주의 유예 일 마찬가지 말씀 일 당양(當揚) 자포(子布)께서는 아니겠소이까 대의 대인이요 수 일 기업 종친 형주 일 사이 주 유예 것 한 항복 조 조 유종이 거기 것이외다 수 그 군사 악의 관중 승리 그같은 처지 수 양식 조련 군사 튼튼 성팍은 갉추지 은 병갑(兵EF) 간이 염통 무리 조인 하후돈과 물 백하(白河) 불 박망(舊로) 주 유예 땅이겠소 수 눌러앉아 땅 몸 넉넉 것 수 백성 현(縣)으로 산골 마찬가지였소이다 것 지경 로운 위태 병 해 비유 뿐이었소 조운이 장비 관우와 장수 천(千)을 군사 의 유표 여남(汝南) 지난날 주 유예 주인 우리 것이외다. 일 병자 약 음식 때 맥박 기운 병자 때문 수 온전 사람 뿌리 병 법 약 힘 고기 회복 몸 폐부 창자 것 약 뒤 한 죽 미음 때 병 사람 있소 수 비슷 것 치료 사람 병 비유컨대 일 있겠소 수 새 뜻 나 리 대붕(大鵬)이 것 허실 우리들 조 조 것 조상(弔喪)하러 노숙 것 차 강동을 승리 때 북쪽 것이요 차 땅 형주 업애고 조 조 이 남쪽 군사 두 북 남 뭣바닥으로 치 세 동오로 돛배 조각 한 번 한 저 사람 것 탐지 허실 조 조 리 이 사람 망 강동인들 강한(江漢)에 백만대군 조 조 소식 것 대 조 조 시작 하나 하후돈이 벌 한 부 공로 기록 공 들이 장수 도 마련케 술자리 손 현 군사 백 5 미방 미축 양 적 불길 뒤 주공께서는 적군 것 이 그곳 적군 저녁 내 아래 박망산 군사 되도록이면 오늘 주공께서는 실수 터럭만한 것 계책 모두 때 필요 뒤 군사 떼 한 주공께서는 삼으려는가 희생 향제 나 그대 것 조 조 군사 까닭 수 것 조 조 생각 수 힘 중원(中原) 들 백성 땅 오월(臭越) 대처 조 조 힘 장군 장군 바라건대 것 마당 오늘 조 조 까닭 주 유예 우리 셈 땅 군사 의 거기 영웅 세상 위엄 새 형주를 데 한 평정 천하 어려움 가지 조 조 천하 조 조 무리 의 한남(舊南) 주 유예 우리 몸 강동에서 장군 때 세상 지난날 목 놈 저 무엇들 일 나라 몸 한 저 것 어지럽 크 크 하찮 기르다 의지하다 울리다 떨치다 얻다 평정하다 되다 다투다 더불다 모으다 주다 일으키다 끌어내다 하다 그르치다 위하다 하다 "
"91","공명이","말씀 수 계책 속임수 번 한 나 글자 손바닥 말 기백(機伯) 천자 인재 강유 승상 해 생각 번 한 일 속 마 선비 지모 평정 천하 그걸 문공 진의 신하 초 옛적 일 고집 일 너 뜻 하늘 이곳 우리 해 어찌 군사 우리 샘 독물 유천 흑천 멸천 아천 땅 방울 한 물 나 너 번 한 계책 것 군마 다섯 위 가지셨구려 재주 길 귀신 참 승상 성싶습니다 것 듯 가슴 것 엄히 것 화 두 하나 선비 미치광이 팽양이 있겠소 수 차 차지;하려 나 것 동오 성 땅 날 주유 것 한 몸 남군이라도 사람 조각 한 땅 발디딜 하나 몸뚱어리 나 있소이다 것 수 해 생각 입막음 때 해 대답 대 비 선생 수 명 내 천상 희미 듯 빛 주성은 데 배 객성은 성 삼대 나 수 물건 한 기이 그 묘법 승상 적 말 란 지리 차 기산을 때문 나 땅 군사 복병 오른쪽 나 왼쪽 야곡을 뒤 끼 위빈을 앞 기산은 거기 땅 장안 들이 군사 고을 농 머리 장안 기산은 기다리겟습니까 때 중원 역적 이때 거리 걱정 안 평정 남방 생각 밤낮 뒤 당부 한 선제 신 놓아보냈습니까 그 승상 평정 생각 지방 남쪽 우두머리올시다 들 오랑캐 남쪽 맹획은 없소 수 사람 일 그때 그때 힘 것이외다 나 까닭 복속 않소 왕화 사람 나라 땅 오랑캐 남쪽 있소이다 학사 익주 자칙이라 사람 진복이란 영재 당세 사람 저 무엇 까닭 쉬싸움에 이번 조 조 것 형주를 것 짓거리 법정 수 사람 주공 마 계책 가지 몇 것 리 이 밤길 저 면죽을 황한승(=황충)에게 조자룡과 이 수 이 것 하나 중 둘 그 익덕이 데 장수 세상 마 저 뵙고자 도독께서 군사 수 도독께 개 10 화살 사흘 화살 활 위 강 것 가루 그것들은 손 번 한 나 않소이다 여기 개미떼 백만대군 조 조 나 없었소이다 수 대꾸 바람 가지 일 세상 들 믈끄시오 때문 무엇 일 천하 것 역적 한(漢)을 조 조 일 군사(軍師)께서는 것 번성 곳 것 우리 맛 계책 그 군사 조 조 이번 태반 군마 하후돈 다발 한 불 지난번 가지 마음 주공께서는 있겠소 성 나 말 한단 어찌 이 저녁 아침 목숨 내 형편 모양 아낙네 나 공명 것 목벨 너 나 너 수 속 나 일 항복케 내 거짓 너 의 사마 정문 채 우리 군사 진 위장 해 항복 명 한 장수 위나라 듯싶었습니다 작정 한 중 것 쳐올라올 길 세 대 30 주 오 군사 잘못 누구 손례라고 장수 군량 서쪽 기산 군량 수레 수천 농서에서 위군이 맞싸우겠는가 누구 소식 소식 계책 그 써야겠소 제물 귀신 무엇 이름 골짜기 저 말 단 한 언제 항복 번 여섯 너 나 항복 진심 이번 어떠냐 것 침범 장기 잎 한 운향 해엽 입 일 이 것 보물 은갱산으로 은혜 승상 금은보화 맹우 아우 맹획이 어찌 너 번 한 나 천 3 한 채 우리 첩자 일 얘기 사정 내 사람 일 기일 해 약속 곳 주포 고정 대장 자네 하겠소 나라 이으켜세우자면 하나 천하 나라 두 나머지 촉 만 섰소 천하 솥발처럼 오 위 촉 것이있소 내 전 새 날 기밀 기밀 거 사람 내 중 마 무엇 것 불편 공이 때문 일 유현을 방법 너 목 저놈 것 수 말씀 선생 강하 공자 일 수 차 땅 유기 공자 정말 것 가지 도 화용 조 조 말씀 그 것 절 사이 숨 기운 기운 언제쯤 만 10 화살 힘 도독께서 어렵겠소이다 하기 결정 계책 마음 손장군 나 강동까지 너 웬일 자네 수 명 내 천상 희미 듯 빛 주성은 데 배 객성은 성 삼대 나 수 물건 한 기이 그 묘법 승상 적 말 란 지리 차 기산을 때문 나 땅 군사 복병 오른쪽 나 왼쪽 야곡을 뒤 끼 위빈을 앞 기산은 거기 땅 장안 들이 군사 고을 농 머리 장안 기산은 기다리겟습니까 때 중원 역적 이때 거리 걱정 안 평정 남방 생각 밤낮 뒤 당부 한 선제 신 놓아보냈습니까 그 승상 평정 생각 지방 남쪽 우두머리올시다 들 오랑캐 남쪽 맹획은 있소이다 학사 익주 자칙이라 사람 진복이란 영재 당세 사람 저 무엇 까닭 쉬싸움에 이번 조 조 것 형주를 것 짓거리 법정 수 사람 주공 마 계책 가지 몇 것 리 이 밤길 저 면죽을 황한승(=황충)에게 조자룡과 이 수 이 것 하나 중 둘 그 익덕이 데 장수 세상 마 저 뵙고자 도독께서 군사 수 도독께 개 10 화살 사흘 화살 활 위 강 것 가루 그것들은 손 번 한 나 않소이다 여기 개미떼 백만대군 조 조 나 없었소이다 수 대꾸 바람 가지 일 세상 들 믈끄시오 때문 무엇 일 천하 것 역적 한(漢)을 조 조 일 군사(軍師)께서는 것 번성 곳 것 우리 맛 계책 그 군사 조 조 이번 태반 군마 하후돈 다발 한 불 지난번 가지 마음 주공께서는 있겠소 성 나 하시 당부 내 자리 임종 선제 있소 생각 말씀 백제성에서 때 선제 나 아니외다 것 마 병법 술 주공께서는 것 계략 장합 동안 것 것 술 이 욕설 아래 채 정합 뒤 술 마주 일 50 장합과 익덕이 일 수 사람 용맹 적 때 차 땅 전 사람 성질 익덕은 사람됨 형제 익덕과 주공께서는 사양 승상 그대 이 것 도움 데 뜻 세상 한 것 스스로 일 대 기둥 나라 그대 터 목베지 들 우두머리 악의 천하 만 공이 무리 한 포악 흉측 위엄 군 두 항복 무리 강의 저 곽회를 올해 목 왕쌍을 군사 지난해 그대 뿐 수 뜻 그대 치 마땅 그 벼슬 스스로 그대 마 허물 가정 계책 내 것 황후 정궁호 일곱 열 나 따님 장비 거기장군 마다 일 하늘 만 제위 이 피 한 몸 거기 천하 공덕 하시 평정 해 사 주상 원수갚음을 다음 옥체 주상 것 화 오늘 데 여기 스스로 성격 평소 관공은 일 명예 것 예 가지 너그러이 마음 주상 일 장사 공자 성지 그곳 양양 사람 대사 천하 일 생각 몸 주공께서는 것 하늘 일 것 수 위급 강릉에서 내 배 군사 것 도움 劃料 유 공자 강하 운장을 것 군사 조 조 계책 대처 사정 그때 그때 걱정 조공 것 저 것 의논 계책 줄 원수 황조 주공을 것 때문 일 황조를 군사 강동 이번 죄 장 위문 것 명 내 이것 것 하나씩 뒤 수 그 것 변고 일 것 수 바 뜻 원수갚음은 관공 위 동오와 장례 관공 군사 주상 수작 이득 가운데 틈 쪽 우리 양쪽 동오를 우리 위 위 우리 동오는 목 것 손 내 의 사마 안심 너희들 노루(장합)를 잘못 말(마사의)이었는데 것 한 사냥 오늘 나 속 나 진 것 너 오늘 진랑을 전 나 말 한 교묘 장령을 너 너 그 사람들 낯 번 내 것 곁 너 사람 생각 형 속이려드느냐 나 해 항복 거짓 네놈 입 번 두 말하기 입 사람이구려 임금 아비 조 조 수 하늘 공 일 천하 있소 꿈 역적질 생각 보답 은덕 녹 한조(漢朝) 대 조상 조 조 아니겠소 도리 한 마땅 자 신하 것아 다짐 것 힘 무리 한 불충 사람 신하 한 공 것 바탕 몸 효도 귀 충성 삶 사이 땅 하늘 사람 소리 사람 임금 아비 은 설경문(舊敗文) 수 역적 신 간신 안 있사옵니다 바 한 맹세 것 보답 죽음 은덕 선제 것 적병 ㅉ아오는 사람 용맹 슬기 강백약은 당부 말 사람 계략 지모 그대 것 때 군사 이번 대 그전 일 뒤 죽 나 만 나라 모두 수고 싸움터 사람들 절개 죽음 충성 모두 이 장 왕평 장익 요화 마대 목 것 손 내 의 사마 안심 너희들 노루(장합)를 잘못 말(마사의)이었는데 것 한 사냥 오늘 나 뿐 바 신 것 되일으키는 한 중원 폐하 충성 힘 생각 계책 위 쥐 입 지우 선제 신 줄 역적 생각 보답 은혜 자 녹 한 대 조상 너 것 말 망 한 우리 조씨는 수 역적 힘 마음 사람 명 금상 남 선제 나 중원 맹달이 것 적수 의의 사마 맹달은 것 말 낭패 의 사마 하나 큰일 맹달이 사람 한 사마 것 걱정 이러겠느냐 조예 나 없었소 수 진정 살 몸 동안 낮 거기 괴이쩍소이다 이 꿈 사람니없소 한 만 그 익덕을 아니외다 인물 요 장수 위 장합은 없겠소이다 은혜 그 시간 간 얼마 번 한 것 정 토록 주공께서 우리 오후 수고 마디 한 번거 번 한 자 뭐 의논 아니겠소 일 날 눈물 애 있소이다 것 저러지도 이러지도 일 것 낮 처남 장모 이번 형주를 말 두 몸 어디 주공께서는 우리 형주만 서천 것 욕 주공을 리 사람들 세상 군사 주공께서 우리 를 城池 성지 유장 골육간이오 한조(漢朝) 뿐 뻘 아우 주공 우리 유장 익주 시 보 해 생각 번 한 하였소 천(西川)만 때 형주를 주공께서 우리 거 니다 것입 일 혼인 날 다음 좋습니 것 흔인을 앞 오후 시 십 동오로 여범과 손 하시 허락 일 주공께서는 징조 길(吉)하고 점괘 저 뜻 여범이 어떻겠소 이 것 해 생각 체면 자 내겠소 겁 어린아이 주유 아니하였소 눈 나 이름 천자 데 대 만 백 조 조 지난날 말 뒤ㅉ으려 그대 것 한 나 배 조자룡에게 짐작 것 해치려들 용납 나 도독이 나 것 한 할까봐 강동사람들을 것 한 만 백 저 십 오 백 모두 군사 만 30 2 형주에서 이번 그 만 40 3 중원(中原)에서 만 60 5 토벌 원소 거기 만 20 청주군 때 연주 조 조 거짓 뫼 공자 절 군사 맹획 길 대 곡식 나 길 항거 의 노수에 맹획은 수 사람 한 평정 땅 나 것 그때 화빼I) 결단 일 시간 하시 주저 의심 가지 두 속 것 하시 복종 조 조 겉 장군 나 누구 뜻 함의 미개 왼쪽 옷깃 좌 내 데 너 하늘 수 역적 싸움터 아뢰겠소 천자 거 표문을 몸 지 죽 저녁 지 죽 아침 나 것이외다 힘 나라 이 뜻 나 그 강유 병법 나 내ㅉ지 사람 나 제도 전 것 나라 충성 나 없소 것 죄 천하 일 나라 도중 나 나 공도 동오는 위병 계책 바람 발생 변고 위병 도중 사자 글 뜻 하기 협공 앞뒤 위병 약속 오왕과 손 육 거기 동오에 병 사이 오병들 기구 마 군량 동오 계책 만총은 병 오 갈래 세 군사 셋 유소 예 만총 합비로 대 말 군사 길 세 동오가 위주 소식 위 동오와 솜씨 마음 군 삼 의 사마 그것 뿐 수 걱정 마음 나 사람 수 딴사람 당부 선제 바 그걸 나 때문 수 나 곡식 밤낮 마소 일 군량 그 유마를 목우 목재 서천 들 나무 종류 전 것 걱정 지 계책 군량 내 너 나 목베어 진랑을 뿐 용맹 사람됨 위연 나 주군이로구나 한 총명 있겠소 수 큰일 나라 핑계 요기 한 허망 역적 힘 몸 말씀 당부 일 뒤 선제 나 소 그 돌아왔소 서천 군사 동오가 글 이엄이 줄 보리 나 여 사람 군사 것 보리 지방 농 나 장만 군량 틈 의 사마 양식 해도 재촉 사람 이엄에게 차례 데 군량 것 영채 의의 사마 그것 단단 채비 적 것 리 수 아궁이 때 식 개 천 4 날 다음 개 천 3 내일 개 천 2 아궁니 천 1 군사 오늘 계책 길 다섯 대 혼원일기진이 그것 줄안다 장수 이름 끄트머리 중 우리 진 그따위 진법 것 상이 자단에게 때 너희들 통 한 글 것 한 약조 나 조자단과 것 해 걱정 나라 뒤 하나 용맹 나 줄 불평 평소 상이 반역 위연에게는 것 우리 의 사마 말 너희들 것 계책 뒤 병 중 것 수 일 해서 나른 몸 아뜩 정신 나 말 자리 승상 일 나라 나 것 장수 사람 한 우리 바 뜻 바람 일 그 것 한 말 명 한 사람 장군 것 군사 들 장수 것 한 궁금 하겠소이까 허물 장군 그걸 것 지경 사람 나 일 이번 드리겠소 뒤 발자국 한 발자국 한 나 들 군사 깃발 내 공 것 해 매복 뒤편 나 것 뒤 위병 거 군사 우리 계책 내 대 걱정 수 우리 가정 것 말 군사 우리 이틀 물 산 대군 위 채 위 두 길목 한 중요 마 그림 나 것 오리새끼 것 마리 한 새 봉황 것 강유 것 마리 한 오리새끼 것 하후무를 나 되었소 원 백약 애 사람 한 했소 바 평생 나 이 어진 이래 오두막 남양 저 나 항복 강유 터 줄 목숨 내 내용 항복 자신 너 부마 글 사람 기성 강유 줄 그곳 인물 천수 내 것 한 들 군사 우리 다음 한 성문 적병 다음 최랑을 아래 성문 명 장수 두 헤이라고 그걸 나 것 성안 우리 뒤 생각 것 뒤 성안 장포는 관흥과 속 그 뿐 두려워서였을 것 의심 내 것 것 거북 것 둘 속마음 그 그때 의심 그 나 것 장포를 관흥과 나 이 데 듯 속 나 무언가 그 것 것 이용하려들 계책 내 하후무는 그걸 것 말 일 그 성안 양릉이 거 마음 항복 그 나 것 일 해 호응 밖 우리 그때 성문 한밤중 약속 양릉과 뒤 한 근처 하후무가 것 군사 안정 들 장수 촉 우리 안 안 성 명 백여 군사 그대 한 항복 우리 그대 일 전체 구내 우리 중 나 길 들이 위병 곳 사이 성 그대들이 데 성 일 나 성벽 물 성벽 성 나 항복 거짓 이번 줄 나 줄 짓 번 두 너 때문 적 항복 거짓 사람들 동 너희 너 때 번 두 수 나 수작 어린애 따위 알아보았더니라 잔꾀 너희들 진작 내 것 데 나중 대 열 나머지 수 어렵잖게 잡술쯤은 대 열 증 것 대 스무 중 수레 뒤 들 군사 해서 마련 들 물건 수 쳐부슬 적 때 촉 이번 적 술법이 표범 호랑이 남만 전 초려 나 죄 그대들 거 수 목숨 남 그 수 들 군사 아천을 샘물 약천을 어르신 모습 어진 복파장군께서 차 갈피 정 때문 물 아천 잘못 군사 우리 독룡동 맹획은 뜻 왕하를 복속 만방 이곳 군사 명 성상 이 뒤 당부 소열황제 양 나 바 그대 두 나 계책 맹획을 항복하겠소)했다 앞 말하기 너 전 나 둘 걱정 않겠소 꼴 기세 들 군사 우리 것 계책 들 오랑캐 곳 들이 장군 들 장군 나 뿐이외다 의심 충심 주포 옹개와 그대 아니었소 그대 나 화 해 항복 고태수에게 터 놓아보낼 너 뿐 일 꾐 옹개 사람 충의 고정 나 저 군사 오랑캐 남쪽 도중 천자 서천 들 원수 동오 몸 수 몸 마음 원수갚을 뵙고 선제 서천 돠었습니다 포가장에 몸 저 때 손 적 형주가 대부 바라건대 뜻 위 힘 동맹 길 원한 옛날 흠모 오왕을 주상 지금 돌아가셨소이다 사이 오 때 선제 대통 한 제위 태자 임금 하루 나라 보답 은혜 저희 폐하 해 일 마다 수고 말 개 저희들은 하시옵소서 용체를 폐하 결코아니된다 영채 뵙고 주상 그대 이것 것 나 육손이 화 수 적 전선 군사 리 백 7 영채 무슨수로 공격 불 적 바 몹사 병가 것 영채 땅 숲 것 관공은 형주를 사람 위태 형주가 이외 사람 사람 하후연과 조 조 수 기세 조 조 마 곡식 적진 사람 한 것 이 부터 마 곡식 두 들 군사 때문 모양 걱정 마 곡식 대병 20 조 조 그 안마 것 공 큰소리 감정 황충도 이번 안마 나 것 의논 그 일 법정 장군 것 그 대신 장 관운 형주로 사람 한 하기 생각 나 것 하후연은 이 장합은 장구 까닭 재질 장수 것 마 장안 그 때 서량이 전 조 조 때문 줄 할 부 기틀 군사 육도삼략에 하후연은 만큼 무리 장합 하후연과 영용 구 노장 걱정 장합을 늙으셨소 하나 용맹 승 한 것 거기 터 인수 장군 진위 공안 해 수습 들 가솔 재물 계옥은 가지 이땅이 맺 일 아낙네 주공께서 때문 약 마음 것 기업 자신 유장 정 마 선생 참 사람 마 해 대신 저 말씀 그것 것 수 우리 내 군사 치 예기 이엄이 때 산골짜기 이엄을 거짓 내 장군 같소 것 힘 무예 이엄 나 것 어려움 제 일 성도 군사 다음 군민 내 보 주군에 등 덕양 파서 장비 탁응은 과 등 건 종강 외수 조운과 오 장익과 것 두 독여 사람 일 들이 고을 밖 것 눈앞 성 낙성은 것이외다 수 형주를 것 시 두 마음 그걸 장군 글귀 여덟 나 저 것 말 형주는 운장께서 있소 뜻 주공 나 있 뚜렷 말 형주를 누구 가운데 글 주공 할거 어찌 일 것 소식 안 며칠 군사 땅 한 중요 형주도 이 계책 수 수 동남쪽 조 조 없슘니다 필요 군사 형주 필요 군사 강남 멕보이면 글 돠더라도 즈쇄가 때 곁 나 것 수 바 평생 반드시자네가 이 덕 뿐 사람 이 유현덕을 나 형주로 뜻 일 만약 것 십지 자네 손펀은 내 것 속 어린아이 그것 모양 일 이번 묘책 딴 저 모양 대 죽 주랑(周郞)이 고맙소이다 것 분 씨 마음 오후 무어 으로는 입 고개 나 주공께서는 말 노숙 뿐 우리 계책 이 둘 나 주유 오후 노숙 걱정 주공께서는 터 세밀 그 것 조자룡이 마련했사오나 계책 가지 세 저 것 의논 뒤 한 역관 사람 나머지 말 저쪽 주공께서는 뒤 병풍 저 것 때문 일 형주 것 계교 주유 이 되오이다 해지 불편 처지 저 처지 노숙 것 이치 말씀 공명 것 수 거 한 자세 정오 하나 장수 주공께서는 뿐 손 우리 장사 인마를 익덕보다 자룡이나 운장께서는 것 용맹 한 만 명 예순 나 되었소이다 한현을 장사 유반과 조카 유표 뒤 지냈소 중랑장 아래 유표 승 한 자 사람 남양 황충은 때문 장수 황충이란 아래 별것 한현이란 태수 같소 것 일 데 장사 이번 갔소 군마 천 3 데 무릉을 익덕이 계양 자룡이 일 가지 한 리 것 익덕이 자룡을 대답 자룡이 일 것 인정 운장이 때 죽 조 조 천문 어젯밤 저 있소 그대 나 때문 것 말 조 조 되겠소 거기 그대 것 도 화용 뒤 조 조 것 하려들 보답 조 조 그대 그대 조 조 지난날 있소 수 병 그 나 것 까닭 병 공근이 그 속 나 자 병기 데 위 물 조 조 오늘 겠소이다 목 되겠소 두 사람 뿐 세력 우리 것 강하 양쪽 것 수 조 조 형세 의 하구 주공께서 뒤 병기 손질 배 싸움 강하 공자 것 하구 주공께서는 땅 해 넉넉 돈 곡식 성 하구 짝 하기 궁금 수 일 소식 날 지 강하 운장(雲長) 것 손 떤저 강릉부터 이상 일 수 요지 형주 강릉은 치 뿌리 있응까 길 마디 한 선생 목숨 죽 용납 계모 것 뜻 딴 신 그 것 간신 곁 본마음 폐하 것 저 것 줄 납신 주상 것 해 생각 하기 구경 것 물고기 한가 것 거기 신 신 대병 적 길 갈래 다섯 되었소이다 수 당부 승상 대사 수 자식 이 뒤 날 죽 이몸이 병 한 뉘우침 패하였구려 이 그 말 승상 것 있었소 수 업 다행히고 승상 무엇 될게 이득 가운데 우리 세력 두 북 남 편 도움 손 의 동오로 세력 조 조 것 것 근거지 한 만 조 조 뿐 수 땅 한 만 몸 형주를 기회 한 만 번 한 위독 유경승이 기 듣 곳 고을 내 정말 군문 목 일 저 항복 말 장수 아랫 둘 너희 것 계책 나 그 급습 채 우리 둘 너희 바람 것 줄 안 영채 마음 들 백성 음평으로 무도 나 사마 말 내 대릉은 장합과 것 결판 나 군사 무엇 항복 에워싸였다 둘 너희 우리 무도 음평과 등뒤 군사 우리 너희들 편 한 내 사람 그 수 속 나 계책 따위 사마 손례는 곽회와 기구 하나 성 그따위 나 하구 무례 것 쓸어넣었구나 구덩이 군사 내 무 마 소리 내 이번 너 한자 마땅 목 채 따위 주상 누구 것 원수갚음을 봉추 공 쇠뇌가 양쪽 항복 빠지셨소 함정 공 美人計 미인계 이어워 郞 주랑(周 너희들 짐작 줄 일 나 목 저놈 라 목 영 패인 보검 주공   없 어떻 하찮 강하 하다 사로잡히다 드리다 치다 되다 추다 숨기다 항복하다 빠지다 전하다 쓰다 돌아가다 짐작하다 되다 끌어내다 자다 어기다 "
"92","공명도","리 분 일 나라 승상 처사 여기 사직 이 군사 터 지 대위 천자 없소이다 법 우스갯소리 중 한 천 구 저 들 자식 저 의 우 곤 순임금께서는 옛적 죄 아비 들 자식 저 바라건대 죽음 죄 죽 저 아버님 승상 저 아들 저 승상 수 성 손 우리 그곳 면죽을 내 군사 되도록이면 일 낭패 비 가을 수 달 한 해 마련 군량 말먹이풀 나무 못했소 상심 주상 떨어지더구려 쪽 땅 초 형 하나 장성 천상 어젯밤 있었소 거 죽음 관공이 나 같소이다 것 낯 문서 오후 도장 보증인 저 선생 자 번거 있겠소 수 보증 일 집안 자기 사람 집안 황숙 양 어깨 목 언제 날 딴마음 딴마음 보답 은혜 주공 충성 너 목숨 말씀 주공 뒤 주공께서 그르칠가 일 황충을 운장이 양 것 위 남군성 주공께서 뜻 양쪽 힘 것 한 주유 것 걱정 주공께서는 수 이 계책 힘 도독께서 이번 것 대비 계책 이번 계책 우리 번 두 조 조 생각 저 누설 밖 저 일 명운이 집안 두 유황숙 우리 동오와 번거롭 두렵 가볍 없 지치다 들이치다 하다 하다 걱정하다 이기다 푸다 베다 하다 대비하다 하다 당하다 나다 다니다 누설하다 걸리다 숙다 "
"93","조운은","있습니 말씀 한마디 저 때 부인 그곳 자 현 주공께서는 이곳 부근 수 주공을 현 어젯밤 부인 甘 가운데 못하셨소 주모 분 두 만들었소 핍박 주공을 우리 그대 말 못하겠소 대비 내습 뜻 적 내 대 쇠뇌를 활 벽 영채 너 조심 영채 너 나 위럼하나 지세 보고 마주 수 영채 우리 나 정오 뺏으러갔다 군량 조 조 시각 정오 내 황한승은 뵙고자 귀인 일 한 긴급 장군 조자룡 호응 장군 군사 시각 것이요 군사 저 시각 장군 것 두 시각 장군 뒤 저 장군 적 그 장수 두 군사 위태 전체 익주 관 가맹 장난 들 아이 군사 관 가맹 앞장 장합이 주공께 위태 형세 형주로 대병 50 한 적벽(赤壁) 조 조 사람 공명 아침 오늘 뻔 하나 장수 한 훌륭 때문 너 것아 보잘것 가볍 좋 크 없 잃다 되다 넘기다 보다 덤벼들다 앞장서다 계시다 청하다 돌아오다 밀려오다 일으키다 풀다 알리다 보내다 하다 잃다 하다 "
"94","조운이","좋겠습니 것 내 방도 거기 도록 언덕 건너편 배 배 하늘 어찌 여기 군사 들 군사 촉 우리 예 그대 나 일 자룡은 까닭 잔 님 형수 아우 분 이 문 노숙 동오 길 조 조 이 형주로 하나 길 남군으로 하나 갈래 두 어디 군 조장 주공께서는 우리 어찌 여기 군사 수 에움에서 부인 저 말 말씀 죄 운(雲) 것 어려움 이 부인 것 상 사 사 들 벼슬아치 집 땅 때 수 생업 음놓고 마 들 백성 피 비다시 땅 집 동안 들이 백성 익주 그 나 곽회에게 테 줄 목숨 너 내 맞서려드느냐 들 백성 이곳 형주를 유기 공자 분 아우 유경승 유현덕은 주인 우리 뿐 영 저희들은 것 해 항복 거짓 포룡이 진응 아니겠소 일 빼겼으니 일 들 후배 못했소 오늘 이유 자리 선봉 사람 두 우리 손 나 나머지 그대 드리겠소 뒤 발자국 한 발자국 한 나 들 군사 깃발 내 공 것 해 매복 뒤편 나 것 뒤 위병 거 군사 우리 은헤를 선제 목숨 저들 구신 조정 상장이요 나라 나 달려가느네 공 저들 조카뻘이다 아들 내 둘 저 일 하후무를 뒤ㅉ아가 공 장군 두 처음 인물 일생 싸움터 우리 주공을 백 5 군사 저 것입니 일 한 일 모임 내일 알아콰야겠습니다 계책 주머니 번 첫 이곳 아제 차례 하나씩 때 안 묘책 가지 세 말씀하시가를 군사(軍師) 항복 범 조 것 줄 놓아보내 것이로되 너 내 하였으냐 내 달 군령 성 천 3 군사 저 형주성에 군사 주공께서는 우리 찾아오시었소 잘못 장군 목숨 아이 평생 은덕 명공 것 찬 공손 명공 이것 평생 은덕 명공 것 찬 공손 명공 이것 무엇 장수 군사 거 듯 지푸라기 대 83 조 조 한자루로도 창 한 말 장판 당양 저 나 그대 문 채 말씀 한마디 저 때 부인 저놈 솜씨 내 저 화평 집안 두 손씨 유황숙과 싶다만 살 한 너 마음 너 군사 명 조자룡이다 상산 나 주공께 말 도적 저 저 그렇 차 차 같 가다 가시다 사로잡다 보이다 하다 깨다 숙다 죽이다 꿰다 뒤쫓다 어찌하다 오다 받들다 바치다 가지다 말다 죽이다 "
"95","조운도","한 뇌 간 일 명공 것 푼 소원 평생 말씀 어른 상상초옹 분 명공만한 주인 한 만 사방 운 한 뇌 간 일 명공 것 푼 소원 평생 말씀 어른 상상초옹 분 명공만한 주인 한 만 사방 운 한 뇌 간 일 명공 것 푼 소원 평생 말씀 어른 상상초옹 분 명공만한 주인 한 만 사방 운 한 뇌 간 일 명공 것 푼 소원 평생 말씀 어른 상상초옹 분 명공만한 주인 한 만 사방 운 싸움터 늙음에지지 나 헛되 다름없 크 헛되 돌아다니다 지다 쓰다 쏟다 위하다 되다 따르다 알다 못하다 보다 찾다 하다 섬기다 돌아다니다 죽다 늙다 늙다 "
"96","자룡은","드리겠습니 말 사석 뒷날 드리다 말다 뵈오다 "
"97","조조는","평정해야겠 소탕 강남 기회 씨번 무엇 것 마음 인물 나머지 손 유비 것 걱정 나 때문 마음 내 것 마음 노래 니다 것입 고깃덩어리 살 가루 뼈 동탁 이몸은 현령 나 것 나 배 열 저 것 적 나 그것 저 이다음에 재주 하늘 불 것 요동 군사 것 손 전 그것들을 것 근심거리 해 투항 원상 원희와 거기 복종 승상 오래전 강 공손 태수 요동 말 수 곳 죽 그대 중용 나 신비 아우 그대 이곳 그대 뿌리 기회 이번 놈 수 것 원담 수 용서 자 이름 대비 데 빈틈 우리 원소 어가 안 성 저희들이 성 주공께서는 생각 보답 나라 너 녹 한 가지 한 할애비 애비 앞날 서촉 동오와 자손 새 왕도 하구 평안 신위 안 궁 사자 되겠소 그 이 일 들이 군사 것 일 의자 걱정이요 그 나 주공에게 뒤 은 무왕은 주 일 중벌 지리 사막 부근 사람 전주 장수 원소 전 항거 의 관 고 해 천거 하나 인물 한 만 한 대적 안량을 저 알아보시겠소 사람 국구께서는 라 군사 누구 그 영채 일 내 해서 어찌 기녀가 안 성 걱정 수 도모 졸속 인물 치 범상 여포가 받들겠사오나 번 열 뜻 명공 기색 사람 기색 모두 벼슬아치 백 흉년 대 일 낙양 자방이 나 그대 해석 덕 이쪽 믿음 쪽 들 백성 신 가운데 신 병 식 한 지적 요체 공자 편 편명 안연(=논어 나 말씀 성현 병 뿌리 신 행차 낙양 두 임지 장 복양 청명 천하 저 이다음에 재주 하늘 불 것 요동 군사 것 손 전 그것들을 것 근심거리 해 투항 원상 원희와 거기 복종 승상 오래전 강 공손 태수 요동 말 수 곳 죽 그대 중용 나 신비 아우 그대 이곳 그대 뿌리 기회 이번 놈 수 것 원담 수 용서 자 이름 대비 데 빈틈 우리 원소 어가 안 성 저희들이 성 주공께서는 생각 보답 나라 너 녹 한 가지 한 할애비 애비 일 우리 재주 하늘 봉효는 항복 토성을 한 훌륭 하솟밤 하늘 훼방 토성을 나 너 이곳 너 나 적병 수 의인 지습은 것 곡 공융이 것 화 강직 그대 공응에게 지습은 저 역적 거스리는 뜻 조정 의리 은혜 너 유비 욕 조 조 이 마 J그러자 하려드느냐 모반 무슨까닭으로 자손 복파장군(伏波將軍) 명장 한조(舊朝) 너 핑계 따위 구덩이 진흙 다리 물 길 산 군사 집안 명 내 너 군율 들 네놈 욕 손 언제 장사 분 이 나 수 무례 들이 네놈 주시옵소서 허락 뿌리 화근 군사 대 일 남양 장수 조카 장제 잔당 동탁 뿐이오나 분부 폐하 신 어가 허도로 바라건대 신 만큼 곡식 재물 궁실 성곽 노양 힘 시 데 정도 수 수리 성곽 대궐 지 황폐 이래 동탁 낙양 동 주인 형주 그 천자 나 항복 아들 유경승은 벌 자 드나듦을 종친 외척 자 궁궐 목 말 궁궐 뜻 내 종친 외척 앞 이상하겠소 무 그 동남풍 때 번 한 양기 동지 목 상하 명 한 항복 들 백성 군사 간 사람 집안 원씨 안 성 기주 입 혀 저놈 합니다만.. 번 한 것 전각 일 한 요망 전 들 전각 행궁 낙양 기주 나 이번 시절 명분 대 힘 충성 gal 것 시절 것 힘 우리 악진을 능통 너 까닭 마음 우리 군사 동오 뒤 서황 군사 각자 그대들은 지 자 구원 한맹을 것 원소 곡식 대 자네 것 마음 원망 들 군사 그걸로 것 하나 물건 자네 나 좋겠소 못했소. 계책 이번 일 그곳 초현 너희들 두어 술상 손님 저녁 오늘 보내드리겠소 사람 허도로 인수 길 군사 역적 내리셨소 좌장군을 공 폐하 이번 전답 옛집 고향 들 가솔 이 달 여 지도 태 아버님 피바람이 황문에 언제 자 말 남 귀가 원망 들 백성 미움 들 대 외정 죽음 만 하나 건석 일 오늘 노래 내 거기 일 일 한 괴이 일 한 괴이 년 30 말 싸움 나 문왕을 주 나 내 명 천 것 이 바 벼슬 이름 자리 왕 하나 들 백성 공덕 약간 지 한 나 우리 유비 황수아가 나 명심 너 정 로운 사사 법 사이 군신 받듦에는 일 사이 아들 아비 집안 나 너 늙은이 도중 사람 저 함 의논 뒤 조인 하후돈과 일 모양 뜻 일 내 바요 생각 마음속 나 뜻 공의 모양 데 키리끼리 호후(虎侯)임을 字 중강(仲康=허저 적 말 말먹이풀을 군량 그때 나 뵙도록 천자 안 성 내일 것 힘 내 대병(大兵)을 나 것 수 인마를 군량 서량은길이 것 그 행군참코(行軍參謀)로 그대 모양 군사 손 유비 남쪽 마 듯싶소 뜻 내 여러분 뿐이외다 화 이름 수 나 뜻 위태 나라 것 나 것 를 사람 병권 나 때문이외다 사정 없 수 어찌 데 자리 의 무횡후(武平侯) 병권 나 있소 두 마음속 말씀 칭송 덕 문왕(文王) 공자 나 생각 것 의심 않은가를 딴마음 나 것 세 권 내 사람 일 지 왕 천자 것들 사람 나 라겠소 바 무엇 위 나위 사람 신하 승상 이띠 몸 거기 다름없소 바 아룬 거 뜻 내 한 평안케 천하 정벌하씨 유표 원소 데 여포를 원술을 황건적 동탁 뿐이외다 것 라 조후지묘(曹侯之墓) {한고정서장군(舊故征西將軍) 묘비 뒤 죽 것 나 매달렸소 일 공 들 역적 나라 나 그때 점군교위로 나 조정 뜻 하나 것 작정 벼슬길 가라안기를 천하 했소이다 사냥 겨울 책 여름 정사 곳 리 50 동쪽 초(誰)땅 천하 뒤 소 시작했 벼슬길 효렴(孝廉) 자 본래 나 추켰구려 나 글 여러분 너 원수 군마 허도로 나 그걸 나 마리 한 쥐새끼 수 목숨 우리들 격 군사 것 두 군마 떼 한 이곳 군사 자리 그 나 것 것 지모 제갈량 주유 어쨌건 일 노래 그대들도 보고 뜻 노래 내 강개가 경물을 이땅과 뜻 뜻 대장부 번 한 창 동안 종횡하는 천하 요동 옆 새북이요 위로 땅 원소 원술을 여포를 황건적 창 나 조련 뜻 수채 무엇 까닭 나 것 대 마음 필요 조련아 도독(都督)이다 ut1을 수군( 그대 아키 재주 내 까닭 이도 형주를 것 나 상이 상주 천자 저 시 하십 허도로 글 아드님 번거 애석 참 성의 그 격 속 진흙 구슬 이 반역 조정 유비 역적 신야 기재 천하 직 서원 아드님 상케 나 하늘 이 봉효가 여기 거 말 내 뒷날 것 때문 상 것 계책 내 그대들이야말로 것 이치 덕분 하늘 이것 요행 위험 나 마음 내 병 어려움 길 그대 때문 욕심 내 평정 사막 수 땅 자리 오늘 나 이 하구 애석 것 이 원씨들이 말 이 하북에 것 한 그놈 비 이번 것 일 걱정 천하 그대 나 그 그대 말 그대 미련 원소 싶소이다 표시 정성 내 조각 한 간략 벌 한 금포 처 황금 못하는구려 두 복 내 한 의사 천하 운장은 하나 주머니 수염 운장을 나 겨울이구려 일일진저 경계 스스로 혀 칼날 선비 있소이다만 허물 내 리 이 있겠소 수 체 거 처지 그 요 사이 형제 나 현덕은 변란 조정 대 틈 땅 대량 양봉 뜻 내 원래 그것 것 사람 저 수 이룩 큰일 나 수 수 죽음 나 말 춘추 청 조아무개 하시 생각 만민 천하 도움 부끄러움 지사 여기 충의 공 힘 한 하나 사직 힘 조 조 이 고기 사람들 천하 백성 아래 속 임금 위 그 뿐 오 권세 동탁 주인 한 나 너 포위 번성 그대 알레 사람 되었는가를 죄인 주인 목 나 거리 저자 저놈 목 저놈 흥 내 참 태산 힘 새끼 개미 너희 제갈량도 유비 한스럽구려 신죄치와 영 조 조 순우경을 눈 한 싸늘 앞 조 조 순우경이 손 군 조 조 마 군량 오소에 목숨 저 켜녕 순우경을 둘 재간 해 감당 군사 조 조 듯 도착 군 구원 조예 목원진과 가득 하늘 연기 사방 불꽃 사이 주 적 앞 들 장수 겁탈 신부 도둑 어떻 어리석 매섭 없 오다 잃다 구하다 감당하다 나오다 치다 돌아서다 나다 기다리다 도착하다 끄다 일다 나아가다 적다 다투다 하다 겁탈하다 "
"98","조조가","수 무리 죄 법 나 것 수 길 작정 뒤 적 병 기마 마음 적 군사 나 이 채비 매일 매일 적 나 운장이 안량을 누구 장수 참 안량은 것 나 인물 세상 어떤가 아무 말 사람 치료 주태를 강동 까닭 소리 형주를 유비 적 때 화살 돌 틈 들 군사 승상 계륵 계륵이라고 뜻 저 모란꽃 나 공손 말투 계책 字 진장문(長文=진군 가까우냐 길 쪽 어떤가 생각 그대들 것 두 들 군사 한 골짜기 숲속 저 군사 나 었다 점 슬기 제갈량이 주유 것 나 곳 하나 공의 간세(첩자)가 수군 벼슬 주공께서는 무리 아첨 장윤은 채모와 것 수 소 안 요 군자 겉 신의 자 비 아재 황제 스스로 망령 무리 탁군 말 의심 그대 것 계책 군량 적 이번 오랠세 지 해 급습 하나 채 원소 나 거기 전체 우리 속 우리 허유가 뿐 처지 한 고단 계책 허유 이번 수 군량 우리 원소 하늘 것 허유가 붉은색이었소 푸른색 아기 방 동남 바람 동귀비만 주살 족 무리 동승 벌 구족 예 죄인 한 반역 나라 길 원소 원술이 뜻 조정 아니외다 것 나 이것 수 그 죄목 아무것 겉 알아보겠소 나 부인 성명 누구 그대 필요 근심 명공 들이 무리 지모 것 먼저일 그 자 칭제할 가운데 우리 만 기억 을 눈길 그 손견을 나 승상 너 너 숭상 나 말 격쌔 감정 전 고견 is s 맹덕 책버러지나 것 해 종횡 천하 대 수십 공 나 사막 곽거병을 위청이나 대장부 군사 그 하나 선봉 한 만 죽 타락 그대 뜻 해 간수 글 분 뜻 글귀 저 너 무어 저 수 그대 국 간 용의 나 생각 겠는가 있 수 안 성 남정 사람 공손 말투 조공 해 유장 주인 나 일 그대 계책 그 어떠시오 뜻 공의 주사 계책 은사(隱士)께서는 속 수 성 흙 모래 땅 을 西川 서천 갓올어 들 기구 조련 군마 유비 계책 그 강릉으로 쪽 어디 앞 알았소 거 속임수 혼전해지겠소 의자 소리 그 것 말 사람 무엇 계책 한 간사 네놈 나 무엇 큰일 일 자익 누군가 장수 저 그대 것 기사 당세 참 만 마음 귀신 만 땅 잡 주름 하늘 재주 와룡선생이라 도호 공명 자 사람 그대 재주 그 이전 조인 징조 이 누구 너 누구 욕 할아버지 아버지 내 것 죄 나 격문 전 그대 사람 놈 여기 막되먹었다 행실 놈 그렇소 그것 나 일 그대 누구 저 무언가 그 데 것 일 줄 내 무언가 것일세 뿐 하나 나 교분 옛날 자원 누구 방법 그것 공 않았소 말 것 나 운장은 나 길 싸움 보답 공 이번 운장은 보시겠소 말 공 야위었소 말 공의 하시 검소 운장은 것 의심 것 가법이 현덕 엄히 드나듦을 안팎 뿐 배 봉록 황숙 나 무엇 계책 하시 생각 공 폐하 반역 동승 어떠시오 의견 들 제공 옹립해야겠소 이 덕 폐 천자 지금 것 동승 가운데 무리 야심 것 밀조 제3 제2 천자 지금 없소 수 일 있소 수 이럴 어쩨 분수 원수 은혜 요 천자 지금 것 실망 무리 무리 칼 내 이러했소 결과 충성 조 한 나 이래 천자 손 곽사 이 못하셨소 잔치 어젯밤 까닭 국구께서는 리 이 너 누구 말 하느니보다 말 뒤 뼈 살 법 말 입 누구 그 대답 해 용서 너 자 너 것 자 내 꼬드겨 너 생각 나 독 의인 너 생각건대 아무 사람 하나 사이 땅 하늘 소 그 일 사람 두 누구 격문 수 망 어이 찬 공손 강성 일 오셨소 둘 그대들 변화 용의 공 없으시었소 별 그간 공대 원술에게 때문 무엇 너 말 그 근심거리 당장 해 이용 그 소 그 한 힘 그 수 무례 원소 일 그대 누군가 그대 자네 것 마음 원망 들 군사 그걸로 것 하나 물건 자네 나 얻으셨소 목 누구 이 배반 주공을 우금이 되겠소 것 그 말씀 그 누구요 그 오시었소 일 오늘 못했소이다 뵙지 뒤 낙양 그때 유현덕이 공이 데 황건을 지난날 허자원은 들 자제 원가 여남 거리 전 얼마 형님 계륵 계륵이라고 뜻 저 모란꽃 나 공손 말투 계책 字 진장문(長文=진군 가까우냐 길 쪽 어떤가 생각 그대들 것 두 들 군사 한 골짜기 숲속 저 군사 나 었다 점 슬기 제갈량이 주유 것 나 곳 하나 공의 간세(첩자)가 수군 벼슬 주공께서는 무리 아첨 장윤은 채모와 것 수 소 안 요 군자 겉 신의 자 비 아재 황제 스스로 망령 무리 탁군 말 의심 그대 것 계책 군량 적 이번 오랠세 지 해 급습 하나 채 원소 나 거기 전체 우리 속 우리 허유가 뿐 처지 한 고단 계책 허유 이번 수 군량 우리 원소 하늘 것 허유가 붉은색이었소 푸른색 아기 방 동남 바람 동귀비만 주살 족 무리 동승 벌 구족 예 죄인 한 반역 나라 길 원소 원술이 뜻 조정 아니외다 것 나 이것 수 그 죄목 아무것 겉 알아보겠소 나 부인 성명 누구 그대 필요 근심 명공 들이 무리 지모 것 먼저일 그 자 칭제할 가운데 우리 만 기억 을 눈길 그 손견을 나 승상 너 너 숭상 나 말 격쌔 감정 전 고견 is s 맹덕 동승 것 폐하 동탁 것 해 구경 할s씨도 문빙 수 평정 일거 그때 기주 변란 사이 들 형제 원씨 유표 것 도모 형주를 남쪽 군사 것 우리 무리 권력 사이 형제 셋째 맏아들 원씨가 도모 뒷날 너 이떻게 척기서 나 지경 혜아림이 나 것 나 때 몸 주겠소 해 인정 그 하나 공이 약간 데 어가 동안 우리 것 대권 나라 공 조 조 말씀 있소이다 귀가 눈 가까이 저 이다음에 재주 하늘 불 군사 뒤 것 길 곡식 물 백구 기수 부터 제하로 형편 운반 마 군량 일 예형으로 것 연회 조정 필요 자 북치는 나 헤아리겠소 만 귀천 하오 마땅 상 공이 것 그때 이 번 한 같소 것 재략이 용력 큰소리 사람 노기 원공로(원술 수 영화 자리 제후 어떠시오 것 한 항복 것 해도 후회 날 성 역적 전공 있소 공이 한 토벌 동탁 전 공 대죄가 반역 존호 원술은 되었소 군사 한인하려 원술과 봉선이 마음 들 군사 우리 내 말 한 요망 냐 없 하나 속 과일 술수 요망 너 것 나 너 너 나 나 너희들 마음 정성 너희들 나 은혜 의 너 대우 손 너 나 지난날 반역 까닭 너 대장군 너 앞 천자 나 잡아떼려 끝 너 데 한 뚜렷 증거 실토 무리 와자복 뿐 거 한 깨끗 몸 부모 나 것 한 무례 것 속 임금 어디 들 백성 천자 역적놈아 것 간웅이 난세 것 능신이 치세 당신 수 영화 자리 제후 어떠시오 것 한 항복 것 해도 후회 날 성 역적 전공 있소 공이 한 토벌 동탁 전 공 대죄가 반역 존호 원술은 되었소 군사 한인하려 원술과 봉선이 안장 맹덕에게 수 두 일을미리 이번 찮았는가 혼들리지 들이 군사 우리 헛소문 들이 군사 의 서량(西凉) 때 적벽싸움 지난날 허도로 마 뒤 나 곳 선생 것 딴마음 은혜 둘 나 한 한신은 강포 초 미자는 포학 은나라가 이치 것 주인 추천 맹주 우리 후예 재상 한 들이 관리 가문 5공 세 4 초 원본 패문이었소이다 것 한 한자리 여러분 저 말씀 목 온전 시신 우두머리 무리 한 여포를 내 으면 있 것 한 이상 몸 사람 저 본보기 뒷날 중벌 저희들에게 바라건대 속 수 의술 들었다만 이름 걱정 감 기둥 대들보 만 여기 마음 내 것 너 천신 참 군 관장 풍도가 주아부 참 군 서장 무엇 것 근심 나 그 용맹 충성 방덕 것 힘깨나 그 영명 하나 맞수 사람 전토 우리 위세 아무개 관 맹세 침범 아눠가지고 땅 뒤 유비 것 머리와꼬리를 유비 내 군사 서천 위왕께서는 형주를 장군 저 위왕께서는 형주를 장군 저 위왕께서는 일 편 사이 때문 유비 일 진 원수 두 위 오 적 당고적루에 문 채 영 들 군사 적병 일 장수 싸움 것 이 죄 장합 그것 말 경이 바 뜻 자 여덟 해 생각 번 한 나 말 경 속 나 있었 데 들 역적 데 불 마음 너희들 그때 말 촉땅을 어놓고 얻 농땅을 물건 만족 참 사람 튼튼 채 나위 정궁으로 갸륵 효심 바 폐하 귀인 딸 신 거기 딴마음 신 걱정 폐하 거짓말 손 그럴테지 것 세상 사람 내 기억 그떻게 내 번 한 {맹덕신서}를 승상 저 어디 말재주 물 입 이 것 적 아침 하루 두 힘 군사 우리 편 한 이간책 한 교묘 틈 나 마련 준비 일 해지 교만 마음 차 교만 마음 의 그들 줄 우리 적 것 성 흙 용도 목책을 수레 애 우리 적 뒤 북쪽 강 군사 나 뒤 그 덕분 것 수 채 하서에 물 어려움 주령 서황과 것 한 쪽 데 남쪽 어들이게 동관으로 군세 적 나 수 하서로 우리 그떻게 것 곳 한 만 물 군사 적 하동을 동관에 나 때 차 동관을 적 것 됨 그릇 앉러겠지요 말씀 장군 승상 어젯밤 답 사람 내 채 그대들 그대 먹었네그려 애 때문쎄 역적놈 별것 오늘 어떤가 생각 내 수 길 때 지어올려 글 대 동작 오늘 이 뱃속 그대들은 차례 문사(文士) 그대들 넉넉 용맹 위엄 스스로 니라 뿐 즐거움 로 활 기사(騎射=말타고 들 무장 것 벌 한 바단옷 짝 으로도 것 용맹 그대들식 나 노여움 사람 두 일 유자 자탁 지사 유공 춘추 장군 법이외다 신의 대장부 어쩌시겠소 일 장군 나 게요 일 장수 여섯 관 다섯 나 소리 일 한 결정 나 위해 우리 복병 큰길 것 산길 그쪽 우리 불 산기슭 사람 제갈량은 이치 군사 것 듯 말 병서에 어찌ㅏ여 그대들은 장난 들 아이 목숨 날래다 수전 것 우리 조련 위 물 들 군사 강남 걱정 지 수 배 말 한 사람들 북방 그대들은 이몸을 바라건대 다행 못했소 내 엄두 곳 두 몸 이름 선생 조 조 한심하외다 참 줄 이 선생 그러하구려 않는다더니 귀 계책 남 무리 재주 데 나이 주유 내 군사 나 그날 건너 강 기일 황개가 좋겠소 강동으로 선생 번거 글 생각 수 계채글 누구 중 우리편 생각 그대 뜻 내 말 유학 쇠퇴 나라 존중 유학 혼인 자 천하 때문 여자 때문 나라 술 때문 마음 사람 위로 을 귀신 제사 조상 지 것 덕 예 술 수 덩이 우환 가슴 배 유비 해 위로 마음 내 소식 너 말 도모 찬연 기운 한 왕성 남쪽 목 수 무리 너희 쓸개 간 뿐 귀신 원씨 요 신하 원씨 나 그 군사 나 것 것 자신 성중 신호 횃불 원상 수 한 내 복병 사잇길 서산 것 나 길 원상 것 수 도모 조 조 우리 원상 조 조 내응하도록 우리 중 조 조 주공께로 마음 둘 여상 여광과 파서 둘 대장 주공께서는 것 화 우리 뒷날 두 수작 거뒤들이려는 자기 인심 하북 이 봉직 여상 여광과 거기 것 마음 것 한 허락 혼인 딸 조 조 가운데 이유 군사 조 조 연의에서는 뒷날 것 기주 것 이 터 어려움 생업 들 백성 지 군사 거기 성 수 우려뺄 재주 임기응변 심배란 데 한 풍족 양식 기주 수 원소 것 길 물러날래야 군사 우리 강물 뒤쪽 하상 치 마음 고을 어르신네 들이 군사 내 정표로 뒷날 벌 한 옷 재물 길 그대 정 내 마지막 그 나 것 가지 그 생각건대 사람 나 수 수 뜻 벼슬 수 마음 재물 채 인 한수정후 금은 운장은 수 둘 그 꾀 생각 내 안량이오 자 위 말 패 칼 금갑을 전포 아래 해가리개 저 어떤가 생각 그대 만 번 한 안량과 장수 한 용맹 아래 여포 그대 나 한번들어 가락 노래 그 들었소이다 조아무개를 반역 조정 연결 무리 이놈 것 여러분 번 한 만 술기운 여러분 소리 그 사람 한 내 쓰겠소 음악 잔치 허도로 한 편지 둘 조 조 기대 가닥 한 조소 주령 허도로 들 졸개 약간 그날 이유 남 말 유비 조소 주령 관계 한 미묘 유비 조 조 지키겠소 그곳 허술 서주가 나 글 승상 허도로 장군 분 두 원술이 뿐 조 조 현덕과 영웅 천하 말 사람 한 내 바라건대 사람들 영웅 당세 사방 현덕께서는 것이외다 수 말 영웅 물건 용 함 종횡 천하 때 사람 변화 때 용이 한창 있소이다 수 듯 안 파도 사이 우주 것 수 형태 겨자씨만해지고 안개 구름 마음 아래 위 마음 용 없소…… 아무것 거 두여워할 손안 내 대권 말 거깝든 천자 이름 염려 않겠소 대우 것 허도에 유비 나 하겠소 그걸 몸 조서 천자 나 인정 황숙 유비 명공 것 대접 비 아재 유비 천자 팔 한 명공 저 것 어려움 데 평정 천하 곁 저 대장 명공 항복 여포는 여포였습니다 것 여기 거리 걱정 명공 것일세 방도 수 때 곡식 말 앞 수 여포를 길 들이 군사 우리 숨 뒤 둑 그걸 것 지 불 숲 복병 여포가 내 만 둘 정병 거기 둑 을 개울 물 서쪽 채 우리 곳 복병 의심케 줄 복병 우리 여포로 정기 숲 계책 정말 이번 해 이용 의심 워서였다 두 복병 숲 왼편 것 여포가 어떻겠소 것 찾이 곳 하룻밤 겸 물 소식 집안 분이외다 형제 가친과는 분 여백사란 속 저 것 칼 고함소리 아버님 모습 찌르퍽는 칼 조 전 행동 조 조 것 수 공 편안 뿐 나 병 수군 대소 계책 가지 한 제 것 들 군사 원소 대 중 원소 마 곡식 수 그 도중 수천만 경기 하나 장수 무리 용맹 한맹은 처결하십시오 일 전 깨 승상 바라건대 것 하기 회복 땅 그때 힘 사람 두 원술 원소 만 기주 회남은 두 저 약조 호송 옥새를 원술은 허락 그걸 나 옥새가 원술이 원소 그 호 천자 원소 사람 원술은 한 짐작 것 지탱 이 세력 그 들 모두 들 백성 군사 교만 호사 회남에 원술은 아우 바 한 대단 성세는 저두 들 군사 찬의 공손 한 항복 원소 뜻 힘 내 관군 예감 것 필요 머지 힘 로운 사사 내 일 어디 기회 나 의군 한 핑계 황거란을 것 수 기 군사 사 사 우리 금지 것 군사 사 사 국법 필요 힘 무엇 그때 난세 수 단언 시작 이 황건란으로 천하 말 짐작 뜻 내 너희들 말 거스르려든단 뜻 내 귀신 한 요망 이 나 서민 아래 천자 위 년 40 천하 나 서천와으로 유비 앞 죽석라 놈 한 요망 저 활 저 손 활 항복 방영명(=방덕 냐 돌아왔느 꼴 생각 그걸 진작 조차 것 대비 기습 채 저 때 피곤 길 병사 싸움터 해 둘 너희 목 저놈 무엇들 하나 것 아무 무엇이겠는냐 것 나 하늘 이 꼴 병 가슴 배 너희 이 해 투항 시 천 노숙아 주유 허중강(=허저 제 길 도망 갈래 도망 때 위 목 칼 생각 항복 힘 계책 본 것 나 말 자네 원소 소릴세 소름 누구 명장 하북 문추는 하리 시행 군법 여포를 여포를 너 내 빚 책 여포놈 잘못 나 어리 크 없 하찮 말다 패하다 들다 돋다 하다 오다 사로잡다 가다 추다 시행하다 놓치다 말다 놓치다 죽이다 갚다 걸리다 잘못하다 "
"99","조조도","니 가시겠습 흔자 궁 수 소굴 저들 대장군 래도 겉 새 계책 저들 띠제 진림을 원소 곁 듯 하진이 죄 그대 명 천자 나 왕실 몸 신하 그대 누구 사람 적병 수 힘 말 겁 들이 군사 낭패 주유 나머지 겁 줄 승상 저 것 안심 일가붙이 들이 가솔 저 수 원소 말 알테지 허실 그 원소 그동안 자네 것 일 내 자원 요 지사 충의 참 공 듯싶소 뜻 늘 것 그 일 함이었소이다 위 하기 제거 물건 해 나라 그 틈 것 동탁 몸 나 다르겠소 무엇 새 들짐숭이나 음 마 보답 은혜 먹었소 녹 한 이 대 들 조상 내 적 뒤 소로 천 3 경기 그대들은 가지 세 말 운장에세 옳으이 말 문원 해야겠소 채비 막 것 나 하늘 이 다름없 다르 없 옳 들다 말다 보답하다 먹다 녹다 잇다 되다 들키다 하다 가다 이끌다 들어주다 말하다 가다 하다 막다 알리다 "
"100","하후돈은","하십시 시행 곳 공문 저 일 길 관 도중 하시 사랑 충의 군 관장 승상 매복 적 조운은 지 항복 말 대군 승상 꼴 귀신 혼 것 유비 너희들 일 수 일 사람 저자 나 저자 승상 그때 뵈옵겠다 승상 저자 나 같 외롭 없 없 항복하다 내리다 말다 이르다 따라다니다 따라다니다 하다 놓치다 보내다 놓다 모르다 죽이다 쫓다 보내다 놓다 뵈다 사로잡다 "
"101","하후돈이","주었습니 저 뜻 대왕 양수 주부 때 그걸 말해주었습니다만 우금이 이전 그 바람 공격 를 군사 저희 불 꾀 제갈량 저 줄 너따위를 나 일 분부 관아무개를 승상 기개 다운 형님 전 저 뜻 대왕 양수 주부 때 그걸 말해주었습니다만 우금이 이전 그 바람 공격 를 군사 저희 불 꾀 제갈량 저 독 군도 그리우이 그때 산 사냥개 말 날랜 수 덩이 우환 가슴 배 유비 군사 코 맹세 내 신야 안 밤 오늘 것 군사 한 매복 저 것 일찌감차 것 거리 걱정 뒷날 조련 군사 신야 유비 것 요동 군사 것 손 전 그것들을 것 근심거리 해 투항 원상 원희와 거기 복종 승상 오래전 강 공손 태수 요동 수 참 거짓 하나 해 항복 사람 두 적 주인 번 고람은 장합과 어떻 크 머지않 없 되다 조련하다 하다 듣다 얻다 치다 보내다 쓰다 움직이다 되다 가다 투항하다 복종하다 알다 참다 항복하다 바꾸다 "
"102","하후돈도","주 벌 통쾌 자 이 힘 시문 겨우면 홍 노래 작 농하 없 그렇주다 벌다 통쾌하다 괴롭히다 이르다 믿다 취하다 들려주다 "
"103","허저는","수레 달 밤 오늘 말 다지 누구 사람 용맹 한 만 명 나 소리좋 가다 몰다 밝다 달이다 못하다 다지다 두려워다 하다 당하다 "
"104","허저가","허중강(=허저 분부 청하란 사군 제 분부 청하란 사군 제 으로 대 폐백 주공께 둘 저 제가 주공을 서공명은 보겠소 적 나 뜻 끼 수고 주공께서는 이곳 군사 승상 머리 여포 유비 5 정병 제 바라건대 하나 것 아무 하리 시행 군법 여포를 여포를어리 막다 적다 힘쓰다 이루다 말다 끼다 이르다 바치다 갖다 빌려주다 바라다 당하다 싸우다 시행하다 놓치다 말다 놓치다 "
"105","황충이","소 보내셨 저 말 번 장군 아버님 탓이외다 허물 모두 것 입 상처 군 노장 이번 것 중 마 군량 들 군사 조 조 거기 곳 마 군량 조 조 그공은 천탕산이 길 이쪽 무멋입니까 까닭 님 장군 원수 관공 오늘 내 적장 보도 손 지 몸 내 내 더벅머리놈이 니다 같습 것 나 벌 대낮 소견 것 해 급습 채 적 군사 밤 오늘 마련 준비 일 마음 마음 상대편 것 우리 카닭에 성안 우리 매일 장 구경 님 장군 터 마필 군량 나 군 맹장 관 곽준은 뿐 내 치중 그곳 적 것 적 영채 나 것 마필 군량 뿐 영채 잃았던 나 밤 오늘 계 교명 늙은이 그것 뒤 형세 군 노장 좋겠소 것 틈 없소 뜻 뒤 들 군사 것 한 쇠뇌를 활 들 군사 서황이 것 수 길 두 군사 우리들 적 무렵 써야겠소 꾀 자 용맹 서황은 선봉 조 조 군마 사람 두 저희 호응 장군 군사 시각 것이요 군사 저 시각 장군 것 두 시각 장군 뒤 저 장군 그 안마 것 공 큰소리 감정 황충도 이번 계책 을 서천 그분 것 리 이 군사 갈 형주로 사람 수 막 적 승세 군사 기 데 것 관 부 이곳 이 장씸이 군사 이번 목 장합 저 번 한 재주 저 길 터 나이 황장군께서는 어떻 없 힘들 어떻 낫다 보내다 막다 타다 꺾이다 상하다 오다 치르다 알다 이르다 잃다 오다 보내다 보다 가다 하다 떠나다 "
"106","황충도","라 채비 그리알고 너 것 마 군량 다음 사잡고 장합을 작정 발치 북산 영채 4 배불이먹이고 들 군사 3 밤 오늘 나 너 군사 백 5 이곳 바 마 군량 적 명 내 나 것 콩알만해져 간이 장합도 목베 하후연을 나가늘 그리다 뺏다 잡다 사다 치다 들이다 떠나다 먹이다 하다 돕다 따라오다 하다 지키다 남기다 뺏다 받들다 베다 "
"107","주유는","것 나 것 처 우리 호랑이 병 편 상대 조 조 흘로 힘 있소 수 막 힘 우리 조 조 뜻 장군 바 결정 번 한 뜻 장군 결정 주공께서는 와견이 쪽 쪽 하자 화친 남 무리 조 조 것 절 사이 숨 기운 기운 것 자 묘체를 수군 이 배 어렵겠소이다 하기 결정 계책 마음 손장군 밝혔소 뜻 사람 몇 한 비롯 포 장자 누구 누구 이 항복 어떠시오 뜻 도독 같소이다 것 작정 일 도독께서 마음 주공께서는 그 곁 자신 자 거기 있소이다 끌어넣으려 조 조 강동을 격동 주공을 우리 양 조 조 힘 우리 그 왔소 제갈량을 군사(軍師)인 유비 강하 子敬 자쩡 뜻 여겨서였소이다 수 화 강동이 화친 권했소 항복 주공께 우리 그것 진혀 지 뜻 땅 내용이었소 사냥 강하 주공께 왔소이다 격문 우리 舊上 한 대 백 조 조 뜻 장군 바 결정 번 한 뜻 장군 결정 주공께서는 와견이 쪽 쪽 하자 화친 남 무리 조 조 계책 내 버리겠소 번 한 북소리 조인 군사 사방 나 것 급습 채 우리 밤 오늘 조인 나 항복 거짓 중 성 몇 군사 한 만 장군 때문 것 수 속 그 뿐이었소 위급 병 내 들 군사 조 조 것 말 피 나 아니었소 것 몸 내 말 저것 이것 나 실수 어제 술 평소 나 놈 저 나 너 줄 군사 우리편 뒤 군사 기 채 조 조 천 한 양 군사 천 3 그대 대업을이루도록 오후 그대들은 수 다샜으니 명 천 보답 은혜 나라 다배 충성 나 있소 계책 형주를 포박 손 두 유비 되었소 뜻 내 없구려 수 참 바 말 자 않겠소 것 덕 우리 저들 못했소 아무것 돈 곡식 말 군사 분 다짜내었을 계책 우리 나 자 결판 무리 제갈량 유비 군사 나 이곳 해 대신 나 것 명 군사 그대 것 열흘 나 원 방사 사람 줄 연환계를 나 내 것 모양 계책 조 조 거 저 공복 됨 그릇 것 제사 앞 군기 목 저들 날 조 조 때 방비 속 은근 저들 겉 그대 것 수 낭패 조 조 소식 그릇 때 한 필요 소식 편 우리 조 조 사람 두 계책 이용 계책 조 조 나 것 저쪽 허실 우리 간세가 항복 거짓 조 조 것 해 항복 정말 것 드 가솔 채화 채 겠소이다 목 되겠소 두 사람 이 번 한 그 말 제갈량에게 일 자 같소이다 것 수 일 이번 상대 그 나 나 나 식견 그 것 제갈량만은 것 일 이번 들 장수 나 생각 있을까 날 오늘 때 학문 자네 자익 주유 얘기 오랜만 안 무언가 거 것 뜻 뿐 것 세객이 조 조 자네 나 들어가세나 줄 짐작 멋 가락 소리 거문고 총명 사광 나 있소 계책 처리 공명 믿소이다 공 나 없소 필요 말 주공을 마음 충성 공이 하리 처단 법 54참 7금령과 자 영 나 군영 강가 아침 내 들 벼슬아치 장수 조 조 군사 명 주공 나 말씀 단 한 두 뒤 일 나라 사람 한 나 것 일 떳떳 것 시체 말가죽에 싸움터 봉록 주군 디 대장부 번 한 자 니 것 수 내 제갈량도 이번 책 계 내 子敬 자 화 오후 로 그대 말 않소 핑계 소리 골육이 조 한 뻘 아우 유장 따위겠소 理輝 유장 의 서천 있었소 뜻 형주를 의지 유표 전 유비 걸려들었소이다그려 꾀 제갈량 지경 크 없 값지 없 되다 하다 다녀오다 벗어나다 헤아리다 따르다 그러다 미치다 전하다 지나다 하다 되다 되다 품다 삼키다 의지하다 걸려들다 "
"108","주유가","번 한 나 글자 손바닥 보여줌세 목 역적놈 조 조 자네 안 며칠 내 자익.... 없소 차도 처음 것 정신 때 배 가슴 것 공명 그때 때 조 조 있을는지요 수 없겠소이다만 것 위 이곳 주 유예 없구려 수 이곳 몸 대 의논 계책 조 조 뵙고 주 유예 나 있겠소 수 계책 조 조 나 공명 해 애석 딸 두 백성 장군 했소이다 화친 시집 우두머리 공주 천자 한 침략 국경 흉노족이 지난날 말씀 누구 누구 사람 두 있겠소 수 바 형님 아버님 되었소 이 동오를 이몸이 준비 주공께서 죽었다던가 누구 장담 그 계책 자 되었소이까 병부를 제갈량이 것 들이 군사 조 조 때문 하셨소이다 심기 공근 의자 것 예삿 상처 공근 나 보겠소 누구 어디 현덕은 원망 나 들이 장수 일러줍디까 공 계책 누구 쓰자고요 불 여기 배라더냐 군사 누구 왔소 화살 어디 공명 불빛 저 말씹니까 장 관운 문추를 안량과 전날 누구 장수 저 않으신지요 의심 마음속 주공께서는 것 마음 말 군사 내 말씀 누구 누구 사람 두 없소 차도 처음 것 정신 때 배 가슴 것 공명 그때 때 조 조 있을는지요 수 없겠소이다만 것 위 이곳 주 유예 없구려 수 이곳 몸 대 의논 계책 조 조 뵙고 주 유예 나 있겠소 수 계책 조 조 나 공명 해 애석 딸 두 백성 장군 했소이다 화친 시집 우두머리 공주 천자 한 침략 국경 흉노족이 지난날 말씀 누구 누구 사람 두 있겠소 수 바 형님 아버님 되었소 이 동오를 이몸이 말 때 데 한 원수 뜻 합비를 군사 대 이곳 명 도독께 이 번 합비를 주공께서는 것 의논 것 조 조 이마 주유 말 수 소리 그대 공명 것 두 화친 사람 조 조 수 명 무리 목 자 너 마음 들 군사 우리 소리 너 마당 들이 군사 양쪽 말 항복 조 조 군사 명 주공 나 않겠소 말 차 공 그때 나 있겠소이까 수 병 나 법 저녁 아침 복 화 사람 나 조씨를 강호 소리 고생 자익이 같겠소이다 뜻 나 분 시무 공명 때문 것 날 길 공격 불 속 조 조 것 계 고육 항복 거짓 조 조 그 나 이외 계책 모두 것 황개를 오늘 수 속 그 이번 자네 목 조 조 내 자익 군사 아무걱정 도독께서는 왔소이다 도독을 명 형님 나 것 함 소홀 함 위로 그 내 군사 일 집안 그대들 원정 이번 바람 의 오후 것 대 돈 곡식 약간 때 이곳 군마 우리 황숙 것 황숙 감 혼수 인의 혼 이번 땅 서천 대 형주를 서천 결정 서천 군사 해 대신 황숙 끝 한 의논 수 장 말씀 덕 황숙 말씀 황숙 땅 동종 오후 형주를 내 유씨네에 흔수감으로 의 군주(君主=손부인) 그걸 뒤 서천 우리 어떠냐고 대 군사 동오가 우리 손씨 서천 골육이 유씨가 집안 한 흔인을 집안 두 유씨 손씨와 말 유비 형주로 없소 필요 오후 자 보겠소이다 내 방도 바 해 탐지 그 대 세작들이 강북 며칠 걱정 있겠소이까 수 해서 생각 정 낟가리 곡식 지난날 분 수 은인 내 자 수 핑계 유비 양양 형주와 우리 그때 그 것 년 반 꼴 피 기침 빛 한 파리 데 얼굴 뼛속 병 가까이해 술 여자 유기 저 말 우리 언제 형주는 있겠소 수 그 젊은이 한창 유기 요 계교 나 아게 걱정 리 후회 한마디 대장부 것 손안 지 뜻 땅 우리 대 일 한강 동오는 우리 말 동남풍 수 한겨울 같소 것 이번 공명 뜻 우리 징조 상서 조 조 저것 수 때뜨릴 적 계책 사람 지모 조 조 그 갈대 배 싸움 강북 있소 데 선생 절 사람 귀신 선생 마다 선생 공사 일 것 도움 데 적 개 만 10 화살 감독하 선생 번거 화살 중 우리 같소이다 내뜻과 말씀 선생 병기 데 위 물 조 조 오늘 것 발바닥 옛날 자세 밤 오늘 침상 한 자네 나 넉넉 이만 군량일세 마 우리 이 번 한 까닭 의심 그 친구 오늘 술 방울 한 뒤 대 나 것 하나 거리 걱정 나라 그 틈 이번 없소 수 영웅 세상 현덕은 몸 손 결단 한 뚜렷 속 마음 대답 손 배포 듯 땅 기상이요 듯 하늘 대 조 조 주공을 하구 그들 수천만 정병 주유 오늘 기회 수 조 조 주공께서 것 말 팜다 군사 가지 몇 일 누구 사람 군사 이 조 조 넷째 그것 것 날 병 까닭 물 기후풍토 강호 남쪽 군사 중원 셋째요 것 풀이 데 관마를 군사 겨울철 둘쨉니다 것 싸우려드는 동오와 의 배 말(烏)을 익숙 小戰 수 군사 북쪽 첫째요 것 남쪽 근심거리 한수(緯遂) 과 鳥艦 마 평정 북쪽 일 병가(兵家)에서 가지 하나 군사 조 조 뿐 말씀 한단 항복 역적 무리 잔폭한 나라 주름잡으며 천하 떳떳 한데 넉넉 양식 군사 의지 기업(基業)에 부형(父兄)께서 데 재질 영웅 귀신 군사 주공께서는 그 도적 한 흉악 한 승상 식 이름 조 조 말씀 었애 功業 공업 대 3 하루아씸에 지났소이다 대 3 이래 나라 강동은 구 소리 선비 말 우리 줄 사람 강동에는 우리 역적놈 것 결정 주공을 내 없소이다 거 말 저러니 이러니 뵈어야갰소 주공을 뒤 그 사람 이 공명(fLF8) 되도록이면 있소이다 허각이 주유 마지오 걱정 子敬 자 장군 추천 사람 한 바라건대 감당 일 재주 유 것 큰일 사람 자포는 주인 동오 중모는 죽음 중모를 이 뒤 보 백 개 말 힘 저 수 군사 예측 적 그때 것 내 군사 왕 군사 주공께서 수 곡아를 덕분 해 호응 안 이번 자열이라고 진무이고 이름 고향 송자가 여강 사람 뜻 것 이곳 군사 주 유예 선생 바라건대 이외 걱정 치 마련 계책 유 재촉하시었소 내 군사 사람 주공께서 우리 어제 눈깔 것 주량 놈아 조인 목소리 쉽 좋 좋 하찮 줄다 호응하다 쓰다 열다 자다 뺏다 치다 옮기다 주다 내리다 바라다 못하다 내다 보내다 뵈다 계시다 낮추다 "
"109","주유도","묘계가 제 뿐 재주 치 변변 들 물가 양 없겠소이다 일 그 결단 나 선생 모르겠구려 지 지 그 내 게책을 가지 한 끝 생각 보였소 것 법도 엄정 수채 조 조 어제 나 흔하 없 고맙 힘들 가지다 못하다 주다 내리다 위하다 보다 듣다 모르다 맞다 들어맞다 하다 보이다 쳐부수다 하다 맞다 하다 살펴보다 "
