,me,V2,V3
1,유비,촉군이었다 것 어가 선주 ㄷ버리고 아래 언덕 바위 개골창 짓두들겨 병 오 주연 앞 형세 선주 가운데 산골짜기 대 손 육 등뒹에는 거기 그때 것 장포가 관흥을 명 선주 어려움 에워싸여 병 오 선주 뜻 바 사람 걱정 마음속 불길 동남쪽 조자룡이었다 상산 장수 그쪽 갑추지 선주 군마 한 함성 앞쪽 때 거듭 식 선주 한탄 선주 대군 육소늬 함성 아래 선주 위 언결에 불길 오른쪽 어영 선주 듯 바람 소리 감탄 자신 선주 광경 치료 상처 본영 선주 황충을 장포는 관흥과 마음 내 군사 동오로 말 자신 선주 공명 사방 눈길 한 암담 선주 넋 반 선주 앞뒤 정봉이 서성 선주 듸쫓자 대 서성 마음 한 불길 선주 조바심 마오지 군 오 선주 욕설 군사 선주 이때 관흥을 사방 들 장수 한 비롯 장포를 선주 차 효정을 병 오 선주 잘못 등 곳 황충이 선주 소문 뭍 물 대 다음 한 어가 곁 장포는 관흥과 선봉 반 오 선주 뒤 성도 들 장졸 날 선주 그때 수습 낭 장비 그 장비 장 아문 그 선주 선주 형주에서 채 현덕 우이 다음날 장비 밤새 들 장졸 얼마 아래 서주성 어렵잖게 병마 천 1 현덕 틈 생각 막 들 군사 조 조 물결 병마 천 1 현덕 뒤 창 길 뒤 장비 배 쌍고검이 현덕 찔러오 유성 장팔사모가 장비 뒤 후 태풍 도 청룡 관우 마음 층 한 기상 한 씩씩 이름 현덕 전 말 몸 비명 한마디 손 목줄기 손주 화살 호통 한 나지막 현덕 무사 전 엄명 현덕 살상 인명 무 그들 자 애걸 목숨 무기 들 군사 현덕 들이 황건적 놓칠세라 때 해 유인 들 군사 현덕 골짜기 전날 들 졸개 장보 왔 앞 진문 현덕 기치 개 한낮 이튿날 장보 기세 컷 한 승리 전날 무너 눈사태 들이 군사 현덕 반대 이번 들 군사 덕 등 들 도적 들 군사 현덕 승세 빴다 바 본진 저희 산골짜기 들 황건적 인마가 현덕 그걸 고승 부장 장보 장수 황건적 선봉 유현덕 그 주전 고심 군사 바람 황보숭과 의군 현덕 생각 현덕 듯 만 몇 들 군사 현덕 그때껏 뿐 만 수십 복병 장비 해 역습 말머리 현덕도 함성 복병 장비 만우와 좌우 나 징소리 중 현덕 시작 숭세를 것 들이 자기 들 황건적 리 계 매복 현덕 글 유현덕이 지체 가운데 일 부친 분노 조 조 마 맹세했던동지라 업애기로 조 조 벗이요 부친 죽 유현덕은 전갈 글 사람 유현덕이 형주에서 그때 훤출했다 시원 사람됨 사람 한 곁 유필 현덕이 중 잔치 열엇다 잔치 집 자기 그 유필은 마음 들 백성 성안 현덕이 부근 유현덕이 뒤 문추 때 들 군사 원소 좌충우돌 장 관운 수 남짓 천 5 군사 현덕이 관 유현덕이 리 살려보낼 그 현덕이 관 유현덕이 술법이 한 신통 것 것 장보 현덕이 것 말 들 주민 그곳 나중 리 놓아보낼 현덕이를 주위 군사 현덕이 한 기이 들 장졸 수하 광경 현덕이 응했따 선봉 관군 현덕이 진 의 산기슭 만 9 8 무리 한 수습 동안 장보 대패 군 한 곳 나 소리 말 곳 뒤 정돈사킨 들 군사 현덕이 정도 수 수 자 항복 용사 백 5 그때 현덕이 당부 자식 백제성에서 만 년 삼 유현덕은 신세 떠돌이 졸개 장수 데 땅 근거 동서 천자 의 장비 관우 황손 원래 현덕은 촌 누상 글 유현덕이 지체 가운데 일 부친 분노 조 조 마 맹세했던동지라 업애기로 조 조 벗이요 부친 죽 유현덕은 번성 군사 현덕은 뒤 허창 조인 싸움터 말 물가 유현덕은 말 수 수 난군을 뒤 군사 리 10 유현덕은 주전 말 그 적도 그걸 현덕은 장보 괴수 적 가운데 전 현덕은 영 계획 현덕은 들 도적 체 꺼림칙 현덕은 매복 산기슭 약정 동이 피 개 양 돼지 구헤온 전날 군 천 1 장비 관우와 현덕은 이튿날 영 군사 현덕은 시작 를 군사 현덕은 부딪자 양군 관 현덕은 명 오양 푸근 마음 뒤 황건적 경내 유주 않았 현덕은 적세 배 백 군사 곳 몰려오 황건적 선봉 의군 백 5 현덕은 이 성 들 장수 유비 태도 사람 두 태도 유비 뒤 들 문서 인수 그 이엄을 말 군사 유비 비관 장수 유장 면죽을 성문으트 그 들 장졸 유비 속단 유비 은 들 군사 유비 하루 데 일 것 소식 들 군사 유비 기 몰살시키 강물 냉포가 오 낙성을 채 유비 냉포를 로잡은 때 리 5 한 들이 군사 유비 위연이 었다 업 기색 경계 긴장 중 유비 이르렀 앞 채 유비 백 2 군사 고패가 양회 반대 신중 유비 공명 성 중요 적 전략 형주 수 단념 주유 말 수레 유비 저만치 로웠으나 위태 곳 형주가 뿐 것 배 유비 장수 화살 저 가운데 강 배 앞길 유비 꼬나들고 기 병장 장수 두 그들 소식 유비 때문 능력 경력 관우가 거기 필요 장악 군권 유비 포부 자신 역할 유비 번 다섯 것 수 중 유비 에움에서 조자룡이 들 백성 신야 번성 것 탓 들이 군사 유비 하기 감당 군마 천 2 유비 머릿수 군사들빈데다 조 조 돌아갔 채 적 날 들 군사 유비 셈 배 두 군사력 유비 동안 달 몇 공명 가르침씨었 바람 한 시원 한 가슴 유비 답답 때문 방패 전 생사 유비 매복 성안 수 찰을 유비의흑적을 쪽 계곡 계곡 행방 유비 것 의심 가운데 거기 자취 유비 군사 사방 조 조 이 장비 말 유비 그 마찬가지 관우도 걱정 채 산비탈 지경 로운 위태 들 군사 유비 산어귀를 지경 로운 위태 들 군사 유비 산어귀를 병목 것 길 여남으로부터 들 가솔 유비 명 천여 것 계기 군량 이번 거 생각 세력 유비 조 조 급보였다 공도 것 뒤통수 유비 박차 말 꼬놔들고 창 조운이 등뒤 유비 말 허저가 명 도중 군사 유비 그곳 허도를 때문 안 들이 가솔 유비 자기 나 신중 절 터 보호 노소 일가 유비 관공은 머리씀이었다 장비 다짐 충동질 유비 귀 유비 소식 원술이 군사 좌우 채 유비 대군 원술 리 그걸 시 놀라움 힘 한 이상 유비 들 백성 서주 기간 탓 덕 때문 무능 여포 것 때문 공분 사람 천하 그것 때 감안 심지 유비 만큼 음험 때 셈 판 함정 밑 발 여포 합세 진규와 가족 유비 미축과 호의 여포가 서주성에서는 마지막 때문 가담 데 파멸 그 호의 여포 적 파격 유비 것 서주를 배신 은덕 유비 여포가 길 관우에게 장료는 대비 채 유비 이때 뒤 곳 그 뒤 들이 군사 유비 질풍 채 유비 길목 그 성 틈 손 들이 군사 조 조 일 뜻밖 길 들 군사 유비 조 조 해 근심 결속 유비 여포와 내 뜻 유비 투항 그 말 경위 그간 손 조 조 아무 집 유비 백 2 군사 뒤 한 안심 들 백성 여포는 서주성을 도망 틈 그들 부중 들이 가족 유비 즈음 대치 지루 들이 군사 유비 원술과 길 옹위하고 명 한 장수 마보군이 한 북소리 군마 천 1 유비 흔란을 평원 히 누구 후원자 한 강력 찬 공손 뒤 유비 런 거기 셈이였다 허초였던 몸 것 얼굴 유비 방천화극을 기세 얼굴 유비 중 셋 여포가 한 작정 몸 때문 공 유비 공 유우 곳 근거 자기 유비 찬 공손 군벌 한 만 수 무시 조정 등 항복 들 족속 왕 탐지 오환 평정 변방 사이 표 공 유비 첩보 그걸 유우도 무력 유비 뒤 것 한 가능 것 사실 공 유우 겉 고개 뜻 유비 장비 관우와 것 군사 유비 요행 리 백여 한싸움에 숭전보에 조 조 한 유비 주전은뜻 황보숭과 태반 도적 들 군사 유비 나 밖 성문 유언 목 유주 이 첫 때문 려 깨뜨 적 배 백 들이 군사 유비 다행 기세 적 선봉 진압 그 천 3 기마대 유주 도독이 적 양주 적 뒤 유비 현령 탁현 찬 공손 뒤 격 대표 이 평 장세 환심 유비 재물 권 이 탁군에 군 뿐 보호 들 비적 유비 들 토호 인근 관군 조정 손안 유비 들이 이권 저잣거리 그 용케 위연과 밑 제갈량 적 ㅉ겨난 홍농태수로 이 유파 때 유비 양 그것 얘기 강물 통곡 서쪽 간변으로 손부인이 소문 잘못된 효정에서 유비 지 수 조 조 원인 뒤 관공 유비 때문 것 공명 마음 유비 세밀 구석 의심 데 방관 몰락 관공 무력 유비 소식 방비 형주 봉화대 이 조 조 관공이 않소이다 신자 천자 위 하나 종친 한 유비 대답 얼굴 깜작 유비 하십시오」 제위 날 수 일 했따 내 말 유봉으로 유비 가운데 원 보 마주 조 조 군사 조운이 오른쪽 황충이 왼쪽 짓쳐들고 쪽 조 조 중군 깃발 유비 채비 지세 곳 공명 유비 졸개 조운 유비 한수가로 한달은에 공명 일러받쳤다 유비 그꼴을 사자 음식 유비 날 영 엄히 유비 아래 당 려와 들 벼슬아치 촉 당 공청 유비 뿌리 꽃 향 성문 들이 백성 안 성 성 유비 장비 북 징 유비 것 힘 둘 합 백 가운데 유비 소리 감탄 자신 마 유비 박차 말 끼 을 창 아레서 그늘 문기 마 가운데 위 관 유비 장 장비 때 상 탁응에게 한 항복 유비 군사 한 왼쪽 유비 오른쪽 함성 까닭 마다 그걸 유비 었다 부르짖 하늘 유비 군사 장 때 산모퉁이 군데 한 유비 해 채찍질 말 틈 뒤 장 말 천방지축 유비 길 산비탈 수 유비 무장 단련 장 칼 유비 김 들 장졸 말 쪽 서문 유비 냉정 양 유비 성안 장 이때 뿐 다고 성문 유비 뒤 아간 안 부관 것 것 방통 유비 대단 전 기세 촉군 소리 유비 수 몸 어려움 유비 용케 판 리 얼굴 유비 냉포를 말 그들 유비 항복 냉포를 유비 마찬가지 장막 유비 월 10 그해 겨울철로 것 서천 들 장졸 유비 한 층 한 형주를 군마 한 요화 때 떠니려 서천 대 유비 대꾸 유비 지 것 해 생각 짐작 속 공명 유비 황개 왼쪽 주유 아래 기 자(帥字) 수 배 유비 대비 한 철저 만큼 길 한 만 유비 올려보내 곳 군사 마음 말 맣게 형주를 마음 손부인에게 생활 로운 호화 유비 주유 되었 흔인날이 며칠 유비 말 의 직썰 국태부인에게 몸 유비 그걸 뒤 전 舊津 한진 유비 조 조 강 밤 그날 장졸 적 군마 천 2 자신 말 유비 탄식 유비 신야 군사 몸 유비 것 서문 듯 나 유비 대답 사방 군사 단계 유비 불구 흔적 조운은 탄식 얼굴 유비 순배 몇 술 군사 거 유비 조 조 말 아우 두 유비 유비 장비 관우를 유비 한숨 조운이었다 장수 눈길 중 유비 듯 나뭇가지 낭떠러지 길 천 허저가 길 편 한 편 한 유비 조운과 수 나 시작 유비 목소리 감격 유비 한참 장수 리 산 와우 형제 말 뒤 유비 관우가 목소리 감격 유비 한참 장수 리 산 와우 형제 말 뒤 유비 관우가 말 유비 재간 유비 그때 큰소리 유비 거 아래 문기 원술이 저만치 행동 뒤 허도로 두러워했는지는 사람됨 조 조 유비 수 사람됨 조 조 사람됨 여포 것 유비 점 그 유비 것 석연치 가지 한 유비 시립 장비 관우와 곁 장비 관우와 군사 한 유비 그때 집 거처 유비 여포는 우려 소패성을 한마디 말 조 조 일 양봉 한섬 유비 서주에 사람 두 낭야를 양봉 기도 한섬 양봉 곳 예주로 유비 작별 여포를 관우는 다음날 것 손안 자기 유비 것 거기 뒤 것 유비 여포는 뒤 장비 성 중군 유비 틈 북문 달 3 밤 그날 들 군사 안 성 준비 채 대오 대 유비 한 치열 여포는 장비 틈 리 유비 일 보답 은혜 그 유비 지난날 양심 가닥 한 들 장졸 시 일 유비 것 아래 말 시체 묵 순정 목 순정 한칼에 말 순정 생각 기령이라 혼 번 한 들 장졸 시 일 유비 것 아래 말 시체 묵 순정 목 순정 한칼에 말 순정 돌진 시 일 군마 천 1 한 주춤 빼들고 쌍고검을 유비 것 본진 들 자기 승세 대군 조 조 유비 잘못 곳 군데 에움에 사람 세 몸 유비 줄 말 유비 독우는 줄 바람 나 관우까지 유감 시작 공격 완성 다음날 힘 적 야성 맹렬 손견에게서 유비 글발 상아 유비 얼굴 군막 동탁 번 한 유비 인사 장비 유비 지 일 일 지 솟았 노기 자신 들 용사 그 유비 그대 추정 들 군사 유비 짐작 들 장정 시골 때문 고함소리 듯 천지 장비 것 정신 유비 대 그곳 말 유비 일 우려 유비 시장 말 탁군 자 소쌍이란 호 국 중산 전 달 몇 때문 정예 오 끝 식 위 등 칭신하는 조비에 강화 유비 손 여력 촉에두고 들 맹장 마 제갈량과 유비 걱정 관공 뿐 허비 내정 식 왕비 왕위 그간 유비 셈 여유 달 다섯 차 중 서천 성도 벼슬아치 자신 중 군마 위연에게 유비 이때 고개 유비 이 사람 상 군 3 뒤 안심 들 백성 고을 유비 맹달 유봉과 유비 ㅉ아 조 조 마 그일을 들 장수 유비 줄 말 쳐붓다는 장합을 장비 유비 말 유비 술버릇 장비 말 카 눈물 손 유장 유비 마 나 으로 앞 채 생각 번 한 마 기세 유비 수 마음 유비 해 감탄 유비 면죽으로 군사 위연에게 황충과 유비 이 상 골 들 장수 상 장익에게 유비 를 장수 유괴 마음 들 백성 방 유비 양 장 유비 채 부근 낙성 뒤 들 군사 항복 그 유비 흔자요 유비 시작 말머리 부딪는 창칼 번 몇 유비 성 그날 거 하늘 서쪽 해 유비 서문 힘 공격 차례 한 유비 날 나흘째 성 한 든든 전 공성 수 유비 채 도중 가자더니 그 나 들이 군사 낙성 유비 장 기세 전 촉병들을 유비 향 채 장 군마 세 가운데 유비 편 위연은 시작 채 그곳 유비 채 군사 양 전열 유비 입 길 나 싸움터 렸지만 거 마음 새삼 방통 죽음 일 그 유비 선심 상대 들 군사 서천 유비 그때 것 채 등현 길 뒤 냉포를 승세 황충이 유비 뒤 황충 연 위 말 방통 둘 통과 방 갑옷 유비 것 조 조 관우를 뒤 요화 유비 을 일 옛날 관우로부터 진출 서천 이번 수 확장 기업 최초 유비 거기 있소 바 한 맹세 역적 밀조(密詔)를 천자 부친 장군 유비 조운을 유비 정봉이 서성 인마를 유비 넋 유비 신방 등 줄 두 유비 뒤 들이 손님 밤 형주로 군사 유비 뒤 한 평정 군 군 장사 유반을 말 유비 의논 뿔러 여럿 유비 이 거 군사 동오가 그것 유비 소식 공명 마음 한 초조 하구(夏D)로 군사 들 장수 자신 뒤 한 강하(江夏)를 유기 공자 유비 이때 식 절 유비 것 군사 조 조 유비 하자 진동 천지 함성 북소리 지 뒤 등 길 들 가솔 그 곳 유비 주인 뒤 지경 한 위급 싸쉿으나 힘 죽 유비 한 만 군사 중 백성 신야 공명 유비 군사 남 때 거 들이 군사 조인 유비 속 소상 대 선복에게서 뒤 군사 백 5 조운을 유비 생각 유비 단계 기분 듯 형주로 뒤 평온케 현 강하 항복 들 무리 나머지 유비 들 장수 벌 술자리 위 벌 모래 물 술 고기 유비 채 군사 거기 유비 명 천 군사 남 손아귀 조 조 유비 이때 해 보호 들 아이 늙은이 손 유비 이 이 조운을 유비 창황스러웠다 유비 거 모양 유벽이 수 무장이랄 중 사람들 곁 길 유비 적 앞뒤 뒤 수 유비 줄 거기 들이 군사 조 조 유비 말 길 산 유비 뿐 낙담 황망하고 거 로운 위태 형세 유비 의심 유비 장비 유비 조운을 유비 재미 전날 채 뒤 첫 유비 회군에 조 조 한 신속 유비 수 허도를 조 조 끝 진병중이었다 허도를 장수 조운을 아우 두 장 관 대 조 조 순욱이 유비 이때 청주에 리 백 3 하루 유비 포위망 조 조 의 필 한 말 해 추격 군사 하후연이 이번 포위 힘 죽 유비 속 적병 채 조 조 장비 유비 야습 채 조의 길 좌우 장비 유비 짐작 줄 대비 조 조 명 천 3 군사 말 유비 장비 불퉁거리는 의논 등 유비 전갈 말 둘 통 한 글 조소 주령 딸려보낸 조 조 함 상주 조정 소식 유비 군사 못이긴 기세 유비 갈래 세 군사 유비 군사 원술을 중도 유비 소식 짐작 누군지 그 유비 군마 한 지 뒤 거듭 재촉 재촉 유비 눈물 말 거 생사 들 가솔 아우 두 일 패성 유비 조 조 말 아래 기 중군 조 조 손 유비 거 속 자신 조 조 거기 제정신 양성 유비 감격 한동안 작별 유안 그곳 다짐 유비 말 여포에게 나 미축이 보호 들 가솔 유비 쪽 서문 후 아성 들이 가솔 함 위급 유비 패성으로 기 수십 유비 형세 뒤 그 군사 남 유비 그 내 말 장비 관우와 채 장비 평소 여포는 채 관우 유비 장료는 고 줄 대군 조 조 것 군사 고 안 성 유비 중군 대군 자신 뒤 우 유비 두 좌 여포는 때문 거 꼴 호 발톱 여포는 신세 떠돌이 근거 유비 뿐 거 여포가 유비 허비 개 한 화살 허도에 대 해 생각 처음 유비 소패를 수 소패성을 해 보호 노소 유비 바람 속 유비 지도 생각 성안 안 소패성 군사 북 징 유비 이 생각 말리기 유비 중 줄 자기 여포가 유비 뿐 말 식 유비 경위 서주성을 장비 그 유비 엉뚱 요청 그같은 공융 사람 리 것 하잘 공 편 위 곳 고당 유비 뒤 었다 손견이 남문 것 벌 한 만 북문 유비 공격 서문 주전 마찬가지 손견도 감탄 한 기이 번 한 유비 세상 손견을 번 한 손 유비 귀 성안 마음 한 초조 유비 밤 그날 고승 장비 유비 탁군을 백 5 의군 자신 광종으로 명 천 노 말 관우 유비 줄 대단 토록 L 줄 무예 용맹 아우 두 유비 유비 무기 벼 하나 검 상고 길이 다섯 새 유비 이 갑옷 투구 들 용사 갑주를 무기 사람 세 쇠 장 대장 솜씨 유비 뒤 중산 평이 장세 소쌍과 상대 유비 잘못 무언가 이 모양 일 걱정 말 일 장비 셈 장비 번 유비 ,없 없 외지 깊 크 습하 같 같 없 없 급하 같 없 좋 놀라다 들어가다 따르다 늘어서다 줄다 흩어지다 되다 가다 돌리다 평정하다 맡기다 부르다 따르다 의논하다 놓다 뿔다 알다 움직이다 보다 기다리다 초조하다 내리다 이끌다 하다 지키다 나다 알다 진동하다 찾다 늙다 모르다 보다 밝다 말다 빠지다 위급하다 싸다 하다 죽다 모으다 들다 하다 쓸다 따르다 덮치다 휘몰다 놓치다 보다 몰리다 뛰어들다 지다 이르다 하다 들다 줄다 부르다 생각하다 뛰어넘다 취하다 돌아가다 만들다 평온하다 받다 달래다 마시다 벌이다 물다 내리다 하다 쉬다 못하다 되다 벗어나다 떠나다 보호하다 놀라다 못하다 이기다 보다 보다 죽다 유일하다 달아나다 달아나다 되다 맞다 물러서다 여기다 바라보다 놀라다 알다 따라오다 달리다 말다 고르다 달아나다 낙담하다 황망하다 보다 울다 나다 걷다 시키다 돋우다 내보내다 보다 돌아가다 놀라다 신속하다 믿다 치다 모르다 지다 향하다 삼다 이르다 달리다 나오다 뚫다 의지하다 하다 말다 추격하다 이끌다 나오다 뚫다 다하다 죽다 갇히다 이르다 늦다 떠나다 나누다 길다 못하다 대비하다 가르다 체하다 보다 불퉁거리다 의논하다 부르다 지다 받다 말하다 닦다 하다 따돌리다 보내다 딸리다 상주하다 물리다 나누다 세다 움직이다 위하다 들다 가다 달려오다 하다 흘리다 말하다 되다 모르다 잃다 만나다 몰다 말다 듣다 들다 이르다 빠지다 작별하다 떠나다 다짐하다 말하다 나오다 달아나다 지나치다 보다 돌아가다 이끌다 기울다 떠받치다 맞다 내다 말다 들다 맡다 미워하다 쓸다 알다 줄다 보다 물리다 되다 이끌다 두다 두다 알다 되다 상하다 되다 되다 보다 가르다 허비하다 이르다 두다 생각하다 빠져나가다 빠져나가다 보호하다 타다 속이다 하다 하다 갇히다 들이다 울리다 생각하다 틀리다 말리다 놀라다 기뻐하다 알다 주다 구하다 하다 말다 듣다 되다 잃다 기뻐하다 오다 지나다 자다 하다 비하다 세우다 옮기다 맡다 벌이다 하다 보다 맡다 공격하다 젖다 뜯어보다 모으다 기울이다 초조하다 맞다 시키다 향하다 돌려보내다 받다 좇다 모르다 하다 알다 뛰어나다 삼다 만들다 위하다 만들다 얻다 부르다 돌아가다 들다 보다 잘못되다 터지다 걱정하다 듣다 말다 되다 말리다 
2,관우,역력 모습 관공 그 공명 이 관흥은 장포와 구하려들자 마충을 손 관공을 역적 두 항보개 동오에 위태 관공 작별 늙은이 주인 뒤 한 수습 목 반장 언월도 청룡 관공 반장 다음 제사 앞 화상 관공 목 반장 관흥은 해 마련 안 사흘 마련 깃발 군복 갑옷 군사 원수갚음을 관공 지 수 조 조 원인 뒤 관공 유비 구석 의심 데 방관 몰락 관공 무력 유비 소식 방비 형주 봉화대 이 조 조 관공이 이 해석 공고 주도권 자신 공적 관공 세월 서천 관공 이상 존재 공명 그 것 판단 것 한 외면 위급 관공 그 것 해 외면 구원 도움 수 역할 것 뒤 관공 것 조 조 그들 반대 데 관공을 앞장 것 맹달은 구실 외면 곤경 관공 대 유봉에게는 것 때문 그 것 한 외면 곤경 관공 맹달이 유봉과 등뒤 관공 공명 것 수 상 전략 그 쪽 운명 관공 형주와 데 힘 한곳 통찰력 귀신 공명 전편 삼국지 태도 공명 죽음 관공 것 혼령 관공 죽 한 말머리 주연 영 기세 관공 절 들이 토박이 형주 거의 들 군사 관공 소식 안 성 그 들이 장수 한 궁금 안부 들 가족 장막 관공 사자 무렵 것 형주로 사자 관공 수 힘 팔 독화살에 무예 관공 뒤 뼛속 독 화살촉 화살촉 팔 관공 의자 관평은 들 적장 장막 언덕 관공은 대 조 조 물 강의 만고 이름 누구 귀신 관공 평지 번성 양양 하늘 북소리 한밤중 무서움 관공 방덕도 적 관공과 번 한 테세에 진 양군 관평 방덕과 무위 관공 방덕을 들 군사 말 빼들고 칼 관평은 군막 관공 칼 관공 1합에 하후존은 조인 줄 계교 관공 거 꾐 관공 조인 수습 뒤 리 20 형주군은 군사 형주 관공 군사 적원 히이 목 채양 것 청룡도 관공 아래 말 허리 왕식은 번 한 청룡도 관공 솜씨 관공 것 그 유성 면상 관공 철퇴 솜씨 평소 철퇴 감춰두어었던 속 소매 어려움 손 관공 변희는 새끼 거미 짚단 아래 칼 관공 아래 말 목 한복 바람 청룡도 관공 어깨 머리 한복 칼날 대쪽 기세 관공 인마가 천 1 왼팔 관공 화살 한복 활깨나 말머리 3합을 계책 데 적수 관공 맹탄은 관공이었다 것 수염 것 적토마 채 청룡도 금투구 전포 녹색 몸 한소리 반장 듯 거 관공이 관공이었다 것 방안 채 칼 금투구를 옷 황충과 나 청룡도 관공이 전 당황 공명 끝장 한 험악 관공이 여지 의심 것 냉담 의외 성 위험 그 최후 한 참혹 관공이 공명 적 결론 월 10 것 곤경 관공이 년 24 5월(건안 것 장안 조 조 원수 하후연 석연치 것 마음 소식 마디 몇 적 한 걱정 거 한 거절 말 적 모욕 청혼 손 관공이 파 유비 반 내부 동오 누구 그 구석 의심 데 방관 몰락 관공 무력 유비 소식 방비 형주 봉화대 이 조 조 관공이 것 모두 둘 응어리 감정 동안 공명 주도권 일 조 조 관공이 도 화용 관공이었다 경쟁자 내부 공명 이래 유비 초당 남양 저 것 수 것 유 결속 오 관공이 정도 공명 관공이 장막 자기 들 관원 문무 줄 손 뜻 소리 관공이 관평은 관공에게 말 뒤 밧줄 말 관공이 들 적병 그물 여몽이 관공이 말 관평에게 관공이 속 가슴 마음 반장 관공이라 속 번 한 주연 단칼 속 수 군사 관공이 중 밤길 엉머구리 소리 아비 자식 아우 형 들이 토박이 형주 산꼭대기 사방 정신 관공이 소용 혼자 관공이 들이 군사 꾀 여몽 데 넉넉 머릿수 터 ㅉ겨온 원래 관공이 글 관공이 사자 예 함성 사방 데 말머리 관공이 징소리 대채 관공이 길 뒤 고비 죽 서황을 도중 성 군사 힘 거 말 화살 관공이 조인 말 겨디지 관공이 팔 대 한 화살 데 말머리 관공이 그걸 소리 위 성벽 채찍 위 말 관공이 쪽 북문 쓸모 독려 방덕 물 성하 활로 관공이 생각 방덕은 관공이 열흘 칼 방덕도 말 관공이 청룡도 관공이 아래 깃발 강 태반 군사 조인 군사 기세 관공이 길목 관공이 군사 하후존이 관공이었다 사람 것 청룡도 위헤서 말 아래 깃발 관공이 화 데 자기 하후돈이 목 진기 곳 청룡도 관공이 말 두 진기 관공이 맞이 나 기 수십 말 관공이 적 관공이 때 위태 침공 원소 동군 전날 유연 태수 활주 곳 다음 관공이 질겁 거 채 청룡도 관공이 수레 들이 군사 한 성싶은 들일 졸개 변희 나 관 말 관공이 변희는 준비 계책 계책 가지 한 말 그곳 관공이 피 화살 왼팔 입 관공이 귀 문어 녹각 곳 맹탄을 관공이 리 맹탄을 관공이 그들 관공이 오금 관공이 광경 골개들은 공수 장수 마 들 장수 거기 위롤 목 안향 관공이 위 말 사람 한 정돈 군사 산 번 한 관공이 말 관공은 것 나 것 나 것 적병 뒤ㅉ는 날 마음 적병 관공은 군사 주연 기세 관공은 화 관공은 길 주연 졸개 이름 해 점고 군마 결의 뒤 제갈근을 관공은 맥성 적진 호랑이 관공은 한가운데 적진 관공은 군마 세 주태 한 장흠과 거기 수 거 마음 들 군사 관공은 에워싸이고 적 삼면 관공은 듯 언제 장흠도 리 20 관공은 장흠을 화 관공은 시작 효과 벌 계책 여몽 군사 형주로 관공은 관공은 소용 조각 한 글 지난날 마당 창칼 쪽 상류 강 들 장졸 수 관공은 수 오른팔 관공은 해도 치료 상처 번성 하나 겹하로 하나 둘 군사 관공은 아들 들 적장 장막 언덕 관공은 대 조 조 물 강의 만고 이름 누구 귀신 관공 평지 번성 양양 하늘 북소리 한밤중 활 뒤 한 사방 배 관공은 항복 우금 관공은 채 들이 장수 나 관공은 소리 방덕을 관공은 데 방덕에게 군사 날 관공은 입 관평 관공은 말 청룡도 전 채 관공은 하자 얘기 거 승부 관공을 관평이 불 관공은 소식 위무 들 백성 상 들 군사 뒤 양야을 한 관공은 자리 조인 관공은 계교 요화 관평과 말 군사 조인 관공은 하나 졸개 깃발 중 들 적군 관공은 맞이 채양을 칼 대꾸 관공은 관공은 이 반가움 거 장비 관공은 해 감사 호반 속 재촉 길 일행 관공은 감사 보정 뒤 그 관공은 몸 마당 절 관공은 걱정 수레 형수 두 이 변희를 집어들더니 청룡도 칼 관공은 등 도부수 칼 차 왼팔 다핀 화살 헝겊 관공은 뒤 한참 관 가랑잎 인마까지 천 일 관 여세 관공은 말 항해 한복 관공은 맹탄을 박차 말 뒤 한 저 수레 부인 두 들 수하 관공은 내 말 관공은 거 저만치 켠 수레 호위 들 군사 무리 그걸 수레 관공은 공수를 황망스러웠다 것 이 불길 성안 관공은 둘 그들 힘 관공은 수 떼 메뚜기 화살 장 백 쇠뇌를 복병 허저가 서왕과 길 관공은 나 신중 절 터 보호 노소 일가 유비 관공은 귀 장 관운 물길 상류 소란 터 들 장수 조 조 무용 장 관운 아래 말 시체 난 토막 두 공수는 곳 번뜩 청룡도 운장 번 한 말 마리 두 수 상대 청룡도 장 관운 화극 중 황망한 여포는 적수 장 관운 그 아래 말 동강이 두 청룡도 번 한 손 정원지는 기세 장 관운 목숨 애처 땅 자신 우금 곁 방덕이 션 버터 얼굴 아래 자리 장 관운 일 때 군사 일곱 조 조 물 장 관운 시작 주유 장 관운 이번 장 관운 장수 장 관운 장수 길 군마 떼 한 전 를 군사 군사 조인 군사 장 관운 말 창칼 번 한 장 관운 이전 조인 소리 장 관운 수염 삼각 청룡도 장수 조 조 만 참 장 관운 천하 하후돈에 하나 가운데 장수 손 첫 조 조 부근 유현덕이 뒤 문추 때 들 군사 원소 좌충우돌 장 관운 장 관운 한 허락 전 조 조 위험 장수 두 왕충을 청룡도 말머리 장 관운 적진 장 관운 언월도 청룡 위 말 목소리 우레 목 차주 장 관운 위 말 두동강나 몸 해 관 곳 무지개 횐 도 청룡 장 관운 관해를 말 장 관운 때 리 말머 관해를 자가 태사 편 한 무리 때 달퍽나올 장 관운 사실 치켜들어 청룡도 손 두 뒤 황충에게로 말 말 운장은 흙부대를 강물 영 장 관운 채비 한 불길 이 신야 마 군량 호위 그 이전 장 관운 곳 장비 군사 질풍 장 관운 깨달았다 성 자신 장 관운 하후돈을 기세 장 관운 길 장 관운 마음 군마 한 함성 때 청룡도 장 관운 꼬나쥐고 창 장료는 발 왼쪽 관우 마리 한 돼지 조짐 번 첫 길 싸움 이번 관우 뒤 관우 동오와 이 강변 사람 넋빠진 자신 칼 오른손 관우 언제 리 속셈 관우 노숙 머리 관우에게 힘 끈 투구 관우 화살 시윗소리와 아래 말 나 토막 두 령 청룡도 관우 전 어우르기 3합도 채 것 고까움을 자존심 관우 거기 그것 것 해석 확보 우위 제갈량 이때 것 다툼 서열 관우 제갈량과 사건 마음 어진 관우 광경 로운 애처 의혹 관우 리 불길 다음 손 성 조 조 수 뜻 관우 일 터 옭혀든 계책 한 조 조 거기 말 항복 해 이용 심경 한 절박 관우 뒤 손 성 하비 두 곳 한 성 관우를 격국 리 재간 반격 관우 왕충에게 정신 데 데 적수 창 왕충도 무예 관우 뒤 그 군사 남 유비 그 내 말 장비 관우와 채 장비 평소 여포는 채 관우 유비 장료는 고 배 쌍고검이 현덕 찔러오 유성 장팔사모가 장비 뒤 후 태풍 도 청룡 관우 기색 여포는 합 30 방천화극을 여포 장팔사모가 장비 청룡도 관우 흥수처럼 군미가 천 3 길 후 사모 장비 청룡도 관우 탁군을 백 5 의군 자신 광종으로 명 천 노 말 관우 유비 것 한 불 강 위태 그 나머지 고까웠던 성공 초 관우가 공략 번성 말한담녀 가혹 길흉 꿈얘기를 관우가 장막 관평이 꿈 소리 관우가 조지미 예사 하나 군사 관우가 일 한 천거 유비 그 사랑 호반 적 자신 지난날 관우가 이 미방 인과 부사 관우가 안 성 불 무렵 4 불길 나 군사 관우가 겁 노숙 전 관우를 니 있으 노숙 손 한 칼 손 한 관우가 덮치 관우를 군사 같아저는 생각 때 조 조 관우가 지난날 화살 이번 관우가 시윗소리에 화살 몸 관우가 시윗소리에 수 생각 은혜 자기 관우가 전날 작정 활 황충은 때 황충을 계 타도 관우가 사이 사람 두 박차 말 것 관우가 황충은 시작 말머리 관우가 때쯤 황충을 거 것 관우가 위 성 한현이 수 어디 정사 광경 그림 조 조 도 화용 관우가 때문 것 놓아보내리란 조 조 관우가 것 않았다 수 조 조 제갈량은 인상 관우가 함정 제갈량이 사건 것 굴복 기회 언제 제갈량으로서는 때문 능력 경력 관우가 거기 필요 장악 군권 유비 포부 자신 수 고깝지 대장부 의리 관우가 차 서열 다음 유비 순식간 서생이 제갈량이란 말 관우가 것 현덕과 공명 이때 호통 벽력 관우가 못본 거 조조거 들 졸개 장비 포위 것 소식 장비 관우가 들 군사 장합 힘 양쪽 관우가 조운과 산 와우 형제 말 뒤 유비 관우가 산 와우 형제 말 뒤 유비 관우가 공도 말 관우가 인마를 시 일 거 목 문추 관우가 위 흙언덕 조 조 말 말 관우가 문추를 관우가 목 안량 말 때 관우가 아래 말 허무 안량은 내리찍자 청룡도 관우가 눈앞 관우가 전 입 거 관우가 안량도 아래 해가리개 사로막지 앞 들 군사 하북 기세 관우가 얼 들 군사 왕충을 모습 끼 본진 자기 왕충을 관우가 오른손 청룡도 왼손 호통 관우가 콩알 간이 원술은 청룡도 관우가 따라붙지 뒤 관우가 협공 여포를 청룡도 근 82 배 말 관우가 그때 돼지 한칼에 칼 관우는 군사 기색 관우는 따위 조짐 성 말 갑옷 관우는 대접 시 잔치 안 성 내 밖 성 갈래 한 군사 선봉 미방 인과 부사 명 관우는 배 관평 손 노숙 강변 관우는 마음 황충과 관우는 하자 생각 관우는 투구 끈 투구 화살 마음 활 황충이 관우는 계속 활 황충이 관우는 힘 줄 거짓 황충이 관우는 초조 마음 이 황충을 이틀 관우는 나 아래 성 아침 다음날 관우는 마음 유인 그 계 타도 내일 짐작 것 황충일 장수 빼들고 칼 관우는 아래 성 장사 관우는 칼 말 대꾸 관우는 그 령 리 탐탁 관우는 편 제갈량 자 2 저 인정 자타 진영 유비 전 제갈량이 관우는 사실 수 하구 빈손 관우는 놓아보낸 조 조 정 관우는 장료를 박차 말 칼 대신 대꾸 관우는 안량에게 관우는 길 물결 위 말 대꾸 말 관우는 성 하비 누능띵 가운데 한 암담 관우는 진 산등성이 하나 토산 관우는 길 성 하비 때 날 관우는 성안 수하 그전 의심 그 관우는 말 경위 조 조 관우에게 그 유비 안 서주성 왕충을 관우는 시작 말 대 왕충을 청룡도 관우는 박차 말 수염 관우는 이 노기 관우는 일 동안 목 차주 유비 안 성 관우는 중군 뒤 한 편 관우는 장비 왼편 노소 주령 서주에 사람 두 낭야를 양봉 기도 한섬 양봉 곳 예주로 유비 작별 여포를 관우는 다음날 관우는 말 ,두렵 가늘 없 크 없 없 크 없 없 작 그럴싸하 뒤늦 없 크 앞서다 움직이다 하다 천거하다 사랑하다 꾸짖다 불러들이다 돌아가다 꺼지다 불다 되다 애쓰다 잡다 나가다 이끌다 나다 보다 죽다 죽이다 잡다 하다 들다 덮치다 휘몰다 벗어나다 보이다 살펴보다 놀라다 보이다 살피다 피하다 놀라다 생각하다 죽이다 쏘다 되돌다 달아나다 하다 버리다 뒤쫓다 박차다 말다 모르다 달아나다 시작하다 달아나다 돌리다 내보내다 보다 앉다 찾아보다 줄다 놓다 알다 보내다 놓다 끝내다 다하다 빠지다 살피다 하다 엿보다 버티다 장악하다 위하다 하다 버리다 하다 다음가다 나타나다 들다 돌아오다 기꺼워하다 더불다 내지르다 체하다 보다 빠져나가다 나오다 뚫다 들다 못하다 견디다 몰아치다 합치다 접어들다 달리다 말다 쫓다 앞서다 접어들다 달리다 말다 쫓다 앞서다 뒤쫓다 달리다 말다 내리다 보다 베다 타다 가로막다 소리치다 베다 뛰어내리다 놓치다 죽다 떨어지다 허무하다 내리찍다 쳐들다 높이다 이르다 입다 보이다 달려오다 하다 못하다 뛰어들다 성나다 빠지다 얼다 못하다 따라오다 보다 끼다 사로잡다 내밀다 잡다 옮기다 오그라들다 겨누다 외치다 못하다 따라붙다 하다 지키다 협공하다 달리다 휘두르다 박차다 보다 빼다 놀라다 내다 흔들리다 믿다 나가다 오르다 걸치다 대접하다 벌이다 내다 하다 받들다 뛰어오르다 오다 놓다 이르다 싸우다 생각하다 놀라다 박히다 끊다 알다 쏘다 계속하다 뒤쫓다 모르다 비다 뒤쫓다 하다 모르다 줄다 달아나다 패하다 초조하다 못하다 이기다 싸우다 걸다 나가다 먹다 정하다 버리다 되돌아서다 유인하다 가다 늙다 나오다 달리다 빼들다 앞서다 이르다 쫓다 나아가다 춤추다 박차다 말다 꾸짖다 하다 인정하다 하다 나타나다 돌아가다 보내다 놓다 되살아나다 보다 나가다 박차다 말다 휘두르다 그러다 다가들다 내주다 길다 비켜서다 갈라지다 뛰어오르다 말다 보다 바라다 듣다 누다 하다 치다 지다 얻다 몰리다 몰리다 못하다 얻다 돌아가다 싸우다 때다 저물다 머무르다 거두다 의심하다 말하다 짓다 도망치다 돌아가다 바치다 들어가다 끌다 사로잡다 시작하다 달아나다 돌리다 말다 베다 듣다 나가다 달리다 박차다 말다 휘날리다 솟구치다 그러다 알리다 바치다 들어오다 가다 마주치다 되다 하다 맡다 하다 머물다 맡기다 맡기다 가다 돌아가다 작별하다 노하다 
3,공손찬,의미 가지 입성 낙양 조 조 원술은 안목 적 정치 야심 해 몰두 확보 근거 자기 찬 공손 해 안주 조금씩 성고에 거듭 뿐 야심 제패 천하 채 자기 채 원래 다리 들 군사 원소 여세 찬 공손 숨 신 들 장수 어귀 다리 보검 자랑 장팔사모에 청룡도 쌍고검과 힘 경 광 찬 공손 거 선봉 적 마음 거 동강 두 수 위엄 권세 자기 찬 공손 새 날 찬 공손 리 대비 군 원소 이튿날 것 한 중 원소 위주 보갑 대 좌우 기병 찬 공손 작정 벌 위주 기병 한 우세 자기 다음 찬 공손 한 정돈 중 정돈 들 군사 채 자기 뒤 한 치하 찬 공손 정신 처지 로운 위태 자신 찬 공손 광경 풍차 창대 사람 두 아래 산비탈 말 몸 찬 공손 바람 하기 채찍질 말 찬 공손 채 산발 투구 화살 었었다 소용 화살 창 문추가 화살 가운데 찬 공손 찬 공손 문추를 곁 다리 찬 공손 채비 기주 군사 말 원소 찬 공손 수 나 싸웠으 여포와 창 일종 찬 공손 때문 공 유비 공 유우 곳 근거 자기 유비 찬 공손 군벌 한 만 수 무시 조정 등 항복 들 족속 왕 탐지 오환 평정 변방 사이 머무르로 변방 진정 뒤 위 기도 공이 토벌 찬 공손 소란케 현 들 속국 요서 우북평 계 오환을 요서 들 도적 이때 진압 그 천 3 기마대 유주 도독이 적 양주 적 뒤 유비 현령 탁현 찬 공손 뒤 전법 적 때 기마대 자랑 찬 공손 전 편 지 강적 찬 공손 뿐 휴식 것 적진 군사 적 바람 승리 찬 공손 이번 시작 중군 원소 힘 그걸 기병 자랑 찬 공손 그 군 선봉 엄강을 대장 기병 대 두 좌우 찬 공손 대비케 돌입 기마 적 명 천여 궁수 대 대 두 봉 자신 거 대 두 철기 자랑 찬 공손 오환 강 찬 공손 뒤엿다 장수 두 때 언덕 찬 공손 말 중군 몸 찬 공손 기세 문추는 미흡 하기 대적 상장문추를 원소 용맹 찬 공손 를 원소 큰소리 위 다리 채 말 찬 공손 진용 원소 소식 찬 공손 대답 원소 약속 약속 찬 공손 문란배져 날 의맹은 의 들 제후 남 찬 공손 조 조 이 손견이 적 오늘 동지 어제 평원 히 누구 후원자 한 강력 찬 공손 뒤 유비 런 거기 적토마 말 만큼 장사 백마 찬 공손 들이 오랑캐 변방 백마 찬 공손 적토마 호령 천둥 여포가 거 찬 공손 오래였다 희미 결속 찬의 공손 원술과 데 유 결속 원소 조 조 원소 유대 말 패망 의 찬 공손 한마디 정욱은 세력 찬의 공손 원소 그때 지경 숫자 군사 찬의 공손 죽늘 적 물 다리 통 헤집고 추격 화살 군 원소 들 군사 찬의 공손 순식간 다리 길 반하를 군사 찬의 공손 칼 반격 찬의 공손 이 뒤 것 운 때문 었기 있 쪽 찬의 공손 기세 중군 원소 죽음 국의 그 말 국의를 조운은 후군에 소심 찬의 공손 후군에 중군 찬의 공손 순식간 기 장수 기 대장 진문까지 찬의 공손 국 장수 원소 기세 층 한 군사 원소 혼란 군사 찬의 공손 지 가볍 세력 찬의 공손 쌓아올린 lO년을 첫 까닭 채 자기편 몸 문추가 거 몰려드ㅡ 인마가 찬의 공손 주인 마 하나 상대 자기 뒤 군 구원 찬의 공손 것 사움이 장군 소년 문추와 성 문추는 길 장수 소년 찰나 공 목 찬의 공손 앞 말 찬의 공손 힘 그쪽 이번 발견 찬 공손 쪽 후진 유린 중군 찬의 공손 컷 마음 문추는 시작 진 찬의 공손 내 엄두 대적 들 군사 원소 뒤 짓밞았다 중군 찬의 공손 무인지경 문추는 어찌 문추를 창 위 말 채 몸 철갑으로 보졸들이 한 당황 진 서쪽 들 군사 찬의 공손 진 동쪽 다리 반하에 들 군사 원소 등 찬의 공손 들어올려 화극 여포가 것 내 목 네놈 때문 시작 군사 찬의 공손 여포는 덕분이었따 표문 한 강경 찬의 공손 그것 현령 평원 별부사마로 나중 ,차 크 난데없 크 차 차 차 차 차 길 차 차 차 차 못하다 알다 몰두하다 자다 하다 주다 되다 돌아가다 다리다 돌리다 숨다 신다 받다 구하다 달아나다 내버리다 자랑하다 쫓기다 팔다 얻다 돌아오다 보다 뭉그러지다 내키다 싸우다 보다 쓰러지다 나다 드러내다 돋우다 새기다 알다 하다 쓸다 보다 가르다 작정하다 벌이다 우세하다 정돈하다 정돈하다 돌아가다 치하하다 바라보다 잊다 울다 하다 돌다 보이다 싸우다 구르다 떨어지다 뒤집다 하다 지다 되다 떨어뜨리다 다하다 버리다 쳐내다 날리다 뒤돌다 벌이다 맞다 추다 갖추다 내려가다 일으키다 믿다 당하다 싸우다 휘두르다 삭이다 세우다 추키다 위하다 깍다 세우다 위하다 만하다 무시하다 받다 평정하다 머무르다 되다 소란하다 빼앗다 부추기다 떠나다 진압하다 이끌다 되다 줄다 보다 되다 쓰다 때다 꺾다 자랑하다 사귀다 오래되다 쳐부수다 취하다 오다 들어오다 서두르다 시작하다 나오다 달리다 얻다 보다 오다 허물어지다 자랑하다 되다 하다 구하다 잃다 내보내다 두다 나누다 대비하다 딸리다 나누다 보다 가르다 자랑하다 어우러지다 기어오르다 뛰어들다 몰다 말다 감추다 타다 추다 미흡하다 대적하다 용맹하다 꾸짖다 서다 타다 말다 갖추다 듣다 쳐내다 궁하다 하다 싸우다 가다 배다 남다 버리다 떠나다 떠나가다 넘보다 버티다 하다 못하다 미치다 만들다 두려워하다 부르다 타다 뒤쫓다 호령하다 보다 달아나다 비하다 유지되다 손잡다 말하다 자르다 헤아리다 늘다 죽다 떨다 물다 다리다 하다 헤집다 밀치다 위하다 면하다 메우다 유일하다 건너다 나아가다 맞다 들다 나타나다 잇다 놀라다 들어가다 지다 모르다 맞다 달리다 말다 보다 이르다 헤치다 쓰러뜨리다 죽이다 지키다 이르다 혼란되다 되다 올리다 쌓다 하다 달아나다 빼치다 보다 몰리다 찾다 끝나다 나다 추다 막다 길다 나타나다 세우다 얻다 막다 고꾸라지다 헛디디다 다하다 가다 덮치다 발견하다 숨다 유린하다 추다 시작하다 물다 지다 대적하다 들다 밀리다 짓다 가다 추다 어찌하다 휘두르다 졸다 당황하다 치다 지다 치다 지다 놓이다 소리치다 겨누다 들어오다 시작하다 짓밟다 물다 되다 맡다 
4,곽가,중랑장 전농 임준은 모개와 사공연조 유엽은 사마좨주로 곽 군사 순유는 대답 곽가가 ,가늘 삼다 삼다 대답하다 웃다 
5,노숙,구경 꼴 노숙 수 일 움직 겁 노숙 전 관우를 니 있으 노숙 손 한 칼 손 한 관우가 덮치 관우를 군사 같아저는 생각 리 속셈 관우 노숙 머리 관우에게 힘 배 관평 손 노숙 강변 관우는 ,없 같 없 남다르 구경하다 끌려가다 나다 보다 죽다 죽이다 잡다 하다 들다 덮치다 휘몰다 모르다 쓰다 못하다 미치다 뛰어오르다 오다 놓다 이르다 
6,도겸,마찬가지 불 답답 이 마축이란 도겸이 태수 서주 안 성 그때 ,하다 하다 하다 말다 보내다 
7,동탁,태수 동군 조 조 황제 노여움 조 조 동탁 대권 그때껏 숨 조차 비명 채 자기 동탁 갑옷 밑 조복 동탁 의심 시작 장안 채 후비 황제 수레 동탁 불 궁궐 종묘 문 도성 낙양 동탁 도독으로 그 웅을 화 동탁 예 적 전형 사용 부당 탈취 권력 부당 동탁 잔치 술 나날 뒤 대권 동탁 과형 오부 동탁 화 무예 세 기력 동탁 부족 데 내 흉내 책략가 정 과 권세 동탁 뒤 들 부하 동탁 낙양 것 있었 대상 두려움 미움 모두 조야 동탁 때 진군 양주 들어다시 휘하 장온 죽음 동탁 덕분 얼굴 군막 동탁 번 한 유비 인사 어 나누 들 장졸 수하 가지 자투리 한 자신 상 필 천 9 동탁 그때 천거 마 군사 동탁 무예 군대 경호 우림군(=황제를 자제 양가 환제말에 해 대접 그 소 밭 자리 동탁 어갔다 해 공격 본거지 장각 인수 들 군사 노 동탁 창칼 곽사 이각과 무리 역적 계책 왕윤이 동탁 양주 나 하진이 힘 나라 차 자리 나 동탁 쓸어없앴으나 무리 역적 한 흉악 응양군을 막부느 관장 전 원소 차 기주 피신 기주 난리 동탁 낙양 대 한 예견 장수 남 동탁 둘다 원래 덕분 선심 동탁 식 하나 놈 있다는걸 손안 조 조 사실상 동군 일이요 관동 세력 조정 이왕 시작 무리 그 해지 어수선 천하 장안 도성 동탁 용서 여포로서는 동탁 창 자기 실수 전 것 여포도 동탁 관대 실수 아랫사람 평소 내용 동탁 설득 왕윤 중 들킬까봐 일 정 사 사 하나 첩 동탁 여포가 중각을 거처 자기 여포에게 동탁 일 한 난감 도 수 약탈 의군 명색 뿐 톨 한 쌀 그곳 바람 들 백성 낙양 동탁 것 추격 승세 서쪽 동탁 역적 니제 것 해 항복 손견에게 래까지 관 미씸 조잠은 소식 장안 채 들 백성 황제 낙양 동탁 것 것 동탁 데 포부 것 동탁 해 입조 하루 동탁 뒤 사람 동탁 3형제가 유비 그 몇 거수 강추장과 밭 소 동탁 동탁 중랑장 것 거느리 들 관군 광종 해 대신 노 대장 천자 머리 잔당 동탁 리 줄 개 버릇 저 들이 졸개 동탁 한 유명 기강 쪽 두 목숨 잔당 동탁 들 군사 수 나라 통 명 충신 등 최열 교위 성문 노규 태복 충불 태상경 유리 편 들 자기 전세가 사면 자 왕방이란 이몽과 중 잔당 동탁 성 장안 장수 한 범상 이각 터 개 한 충실 동탁 그늘 동탁 손 목 이숙은 숨 동탁 었다 것 배반 한 극단 여포는 미움 정적 거기 내용 동탁 설득 왕윤 중 들킬까봐 일 정 사 사 하나 첩 동탁 여포가 중각을 거처 자기 여포에게 동탁 사실 것 여자 중 이유 한 중요 사이 동탁 여포와 수 곳 세력 동탁 부근 리 유 이상 군사 항거 동탁 마음 조정 만큼 자리 현령 조정 들어갔 호로관으로 잔병 동탁 형제 장 뒤 한 항복 스스로관문을 조잠이 수 것 천도 장안 동탁 들이 제후 밖 관 사수 절정 무덤 후비들 황제 여포를 짓 한 흉악 동탁 기강 들이 부랑자 변방 강인 태반 것 들 군사 동탁 손견이었다 것 손 맨먼저 뒤 남양으로 해 동탁 조 조 우너소나 원술이 위급 부 승상 동탁 낙양 마 파발 살 힘 데 동정 동탁 편 한 군사 편 한 원소 함 포악 잔인 동탁 오부 월기교위 내 엄두 대항 말 군사 동탁 대군 조정 수 변장 떠났 채 동탁 뒤 한 점고 들 용사 수하 사람 세 이 시작 사람 하동태수가 것 한 대단 그릇 동탁 면 사람 임도땅 농 중영으로 동탁 ,바쁘 어지럽 없 높 밉 어렵 작 없 크 없 없 없 빠르 밉 삼다 움직이다 풀어지다 대하다 잡다 끊어지다 지르다 모르다 되다 죽다 다니다 받치다 시작하다 움직이다 바라다 끼이다 들다 후비다 앞세우다 지르다 불다 앞서다 떠나다 높이다 여기다 말다 보여주다 사용하다 부당하다 탈취하다 부당하다 보내다 잡다 처하다 끌어내다 그러다 세다 지키다 내다 얻다 퍼뜨리다 시키다 부하다 돌아오다 되다 되다 진군하다 듣다 면하다 내밀다 청하다 갖추다 주다 나누다 가지다 하다 받다 천거되다 뛰어나다 뽑다 경호하다 보내다 대접하다 잡다 가다 밭다 그러다 가다 공격하다 받다 들다 죽이다 쓰다 자리잡다 지다 하다 억누르다 하다 나오다 잇달다 없애다 쓸다 흉악하다 이끌다 관장하다 받다 피신하다 일으키다 들어오다 예견하다 아끼다 쓰다 알다 들어가다 미치다 시작하다 짓다 해지다 옮기다 하다 기대다 던지다 하다 하다 되다 죽이다 받다 두려워하다 보다 까다 들킬다 통하다 하다 지키다 거처하다 하다 약탈하다 못하다 얻다 하다 흩다 불태우다 하다 추격하다 타다 도망치다 항복하다 들다 버리다 가다 이끌다 불사르다 가로채다 나타나다 펴다 막다 보이다 들어오다 입조하다 만나다 보다 갈고다 밭다 되다 거느리다 대신하다 식다 줄다 유명하다 잃다 죽다 위하다 열다 불다 여기다 유리하다 보다 받다 하다 하다 알리다 충실하다 묻히다 들다 자르다 숙다 끊어지다 되다 나가다 극단하다 겹치다 되다 죽이다 받다 두려워하다 보다 까다 들킬다 통하다 하다 지키다 거처하다 듣다 중요하다 벌어지다 돌아가다 미치다 유지되다 일으키다 항거하다 주무르다 받다 들어가다 쳐부수다 잃다 항복하다 열다 달하다 파헤치다 후비다 시키다 흉악하다 못하다 잡다 도망치다 두려워하다 나다 알리다 달리다 쏟다 살피다 기르다 잔인하다 못하다 대항하다 듣다 오다 보내다 떠나다 점고하다 서두르다 시작하다 달라지다 되다 되다 하다 
8,마속,촉군이었다 것 장합을 마 성 마 기 꼭대기 마 그것 어려움 살이에 봉록 때 마 위로 들 가솔 속 마 뿐 수 마 두 큰길 사마 일 마 술시까지 진시부터 산 진 마 들 위병 엄정 대오 기치 산 들이 위병 위 마 ,크 크 붉 없 똑같 막아서다 보내다 속다 나다 속다 휘두르다 속다 말다 모르다 내리다 때다 살다 말다 위로하다 말다 달아나다 비우다 되다 해보다 막다 에워싸다 치다 지다 덮다 들다 보다 
9,마초,"중 위연을 진북장군 마대 아우 마 장군 표기 서천 태자 제갈량은 승상 없어졌 마음 장비 마 화살 시작 번 세 그날 아래 불빛 마 장비 수 마 수 힘 한 상대 들 형제 일곱 양부 마 덕분 말배를 이 부드득 것 형편 세 자기편 마 눈 두 로 분노와원한으 마 양부 성 수 힘 들 자기 마 몰살 어린이 늙은이 가족 조앙 윤봉과 이 I 어머니 강 칼 마 성 어머니 강 마 눈 화신 복수 한 무자비 발 쪽 성문 마 안 성 뜻밖 앞 성문 틈 마 역성에 무렵 날 달 마 그들 이 마 방덕 채 엄두 거 군세 하후연 마 뻔 말 번 몇 가슴 숨 광경 한 끔찍 마 양부 강 이번 조앙을 윤봉과 군사 마 양부 강 군사 기세 마 말 군사 조앙과 윤봉 양부 강 마 임도땅을 농 마 도리 조 조 그걸로는 빠져들었다 지경 한 위급 나 힘 마 북쪽 강 한소리 마 마대 덕 방 목 다리 마 위 다리 우금을 우금에게 말머리 마 거 말 소리 외마디 이감 자신 이감 창 마 거 가운데 다섯 음모 몰레 자신 길 북새통 서량병이 마대 방덕과 마 수 안 군막 마 장수 다섯 혼자 몸 밖 군막 마 않 것 상대 다섯 안 군막 조 조 두 하후연을 마 벌려세웠다 죽 줄 한 나 들 군사 뒷선 뒤 들 군사 거 들이 군사 조 조 마 태반 군사 조 조 물 조 조 마 계속 허저를 법 마초는조금도 달아나기시작했다 말 마 여럿이 흔자고상대는 자신 시작 조 조 박차 말 단념 마 뒤 창 마 쌔닫고 앞 배 말 정신 조 조 날 맞아들석 위 관(關) 되돌아온방덕을 마 동관에 시작 창칼 말 군사 위 조흥 서량병들은 명 않았다,어떤 마 밖 관(關) 조흥 대 글 유현덕이 지체 가운데 일 부친 분노 조 조 마 맹세했던동지라 업애기로 조 조 벗이요 부친 죽 유현덕은 뒤 이몽이 마 위 말 이몽을 마 뒤 채 그걸 마 마음 이 아뜩 조 조 질렀습니다」 불 영채 뒤 중군 「마초가 걱정 촉병들이 군사 마 앞 뜻 마 군량 얼마 북산으로 마 군량 쪽 미창산 끝 거기 마 다리 마 화살 몸 마 장비 말 마 이번 철퇴 구리 손 몸 마 채비 마음속 있었 것 거짓 그 장비 달 마 해 생각 마 것 장비 방 철퇴 구리 안 손 몸 것 계략 마 기색 한 피로 장비 도 속임수 거기 것 마 시작 말머리 듯 힘 마 번 스무 말 말 둘 지 뿌연 뿐 불 것 남 마 마 마다 걱정 화 실수 장비 흑시라도 편 한 나 마 온근히 박차 말 끼 을 창 아레서 그늘 문기 마 가운데 위 관 유비 것 군사 마 북소리 아래 관 새 날 때였 꼬나잡았을 창 양부 한창 마지막 마 양부 형제 일곱 양부 양부 꼬나들고 창 마 아래 성벽 목 뒤 을 목 데 마 씨 아내 마 무렵 희끄무레 날 때 시성으로 마 끝 수 기세 누구 짓쳐드니 군사 뭐 대꾸 마 노한 강 양부 장안 군사 마 조 조 안정 장졸 기 몇 서른 마대 방덕과 장졸 마 추격 조 조 영 엄히 들 장수 조 조 소리 몸 마 것 굴러떨어져 땅 마 말 쇠뇌를 말 마 들이 군사 조 조 뜻 까닭 대군 조 조 나 기병 마 워싸고 겹 몇 다리 마 대 조 조 사이 땅 화살 화살 창대 마 활 지 나 거 목 다리 마 대 조 조 근처 다리 선두 호위군 얼굴 이감 화살 몸 리 재빨 마 시윗소리에 나 등뒤 채 을 창 이감 거 마 즈음 나 판가름 대세 어 없 수 유리 쪽 마 불길 뒤 군막 누구 군막 수 마 나 마음 마 장수 세 나머지 베어넘기자 흥 이 마 얼굴 수 칼 마 마 여 아득 정신 모습이눈에 조 조 저만치 하후연과 마 패기 가슴 허저 창 칼을피하며 마 나 창 마 재간 들 군사 조 조 불길 기세 때서운 서량병 마 들 군사 그떻게 마 의논 수 한풀 마 백 2 군사 죽 흙구덩이에 장횡이 은 장정 중 기(騎) 천여 방덕이 채 마 뒤 무렵 태반 군마 수 방덕과 에워싸여 들 군사 조 조 군사 마 소식 사이 위남으로 만 5 장졸 방덕과 수 말 마 말 소 몸 서량병들은 그걸 말 소 임자 가득 들판 바깥 말 소 안 채 조조를쫓는걸 마 구경 위 남쪽 달아난뒤였다 조 조 창날을 등걸 나무 마 창 마 나무 조 조 것 불안 회오리 수 자신 자기 바람 한 것 마 탓 수 끌어모을 군데 한 힘 서량 아비 나이 마 생각 바람 한 변방 그것 패 말 군사 마 조 조 동문 퇴워 마 성 통 글한 자신 조 조 말 수 수 마 때 짓쳐들어가려 허도로 마 군사 까닭 글 마 기다릴뿐이외다} 회신 장군 땅 진창 승승장구하여 번조는 수 마 장제 마 마 군량 들이 군사 손견 맹호 강동 전 식기 술 동 마 군량 시일 시일 자연 후진 시작 대 들 군사 조 조 복병 마 이번 채 듯 철퇴 구리 마 장비 다리 마 화살 몸 마 합 백 마 장비 해 서천 지경 위 채 창 군데 다섯 양부 죽음 차례 형제 곱 일 창질에 마 듯 적수 마 형제 일곱 양부 여덟 하나 앞길 마 군마 한 역성을 대 하후연이 역성까지 자취 마 앞 마 군사 조앙 봉 윤 것 불길 시퍼런 눈 마 아래 발 마 목 명 스무남은 피붙이 가카운 마 목 차례 아들 마 며 울며불 뒤 아래 성벽 목 뒤 을 목 데 마 씨 아내 마 시작 들 군사 마 겨를 꼬리 머리 협공 앞뒤 버렸 박차 말 번 몇 창칼 우금은 기세 마 이감 장수 수 밑 다리 한 눈 마 마완이었다 것 칼 마 가운데 다섯 것 번 한 기세 마 조 조 용이 창대 마 몸 지 내 칼 덕분 機智 기 정비 용맹 허저 것 수 추격 마 조 조 물 하나씩 몰던군사들이 배 조 조 때 날 시윗소리가 마 앞길 마 칼 수 감탄 절 모습 마 조 조 눈 조 조 모습 마 중 방덕이었다 마초의장수 성안 틈 들 백성 군사 성 아래 말 창 한 마 전 어우르기도 말 번 리 수 원술인들 마당 원술에게 수급 마 군량 유대 ",없 없 새롭 급하 같 시퍼렇 어리 어지럽 없 같 젊 없 같 없 말다 끼다 내리다 이끌다 울리다 새기다 꼬나잡다 꿰다 나가다 달리다 덮치다 꼬나들다 던지다 베다 보다 끌어내다 밝다 때다 돌아가다 쫓기다 밤새다 들다 짓치다 노하다 돌리다 알다 버리다 달아나다 뒤쫓다 휘몰다 빼다 보다 뒤따르다 벗어나다 내리다 부르다 들다 달아나다 빼치다 굴러떨어지다 쓰러지다 쏘다 타다 되다 에워싸다 하다 보다 나가다 뚫다 휘몰다 거느리다 말다 싸다 떨어지다 쳐내다 날아오다 휘두르다 쏘아붙이다 나가다 보다 지키다 다리다 박히다 가다 피하다 재다 놀라다 달아나다 늘어뜨리다 뒤쫓다 하다 나리다 유리하다 싸우다 앞장서다 치솟다 지르다 나오다 싸우다 넘기다 다시다 후리다 쳐들다 보다 올리다 하다 들어오다 보다 싸우다 어울리다 찌르다 들다 오다 피하다 하다 벌어지다 부딪치다 나오다 마주치다 비끼다 맞서다 덮치다 끄다 따르다 소리치다 의논하다 보다 꺾이다 넘다 죽다 빠지다 죽다 이끌다 헤아리다 돌아가다 싸우다 해지다 구하다 에워싸이다 내쫓다 들이치다 뒤쫓다 달리다 이끌다 들다 달리다 이끌다 더불다 말하다 쫓기다 돌리다 병들다 보다 뛰어다니다 내몰다 보다 쫓다 하다 보다 빼다 박히다 힘들이다 내지르다 뒤쫓다 돌다 모르다 날리다 자다 하다 몰다 모으다 끌다 서다 하다 생각하다 하다 불어오다 하다 듣다 일으키다 달아나다 빠지다 줄다 버리다 내보이다 글하다 보내다 찾아가다 하다 들어가다 짓치다 일으키다 서두르다 망설이다 읽다 기다 서다 쫓아가다 승승장구하다 되다 뒤쫓다 물리치다 싸우다 되다 뒤쫓다 견디다 나다 동이다 가지다 되다 끌다 되다 기다리다 시작하다 두들기다 나타나다 돌아오다 놀라다 지나가다 스치다 피하다 넘어서다 뜨다 말다 빠지다 찔리다 나다 당하다 하다 신들리다 못하다 되다 어울리다 가로막다 떼다 에워싸다 풀다 따라오다 더듬다 가로막다 쏟아지다 떨어지다 남다 울다 카다 떨어지다 나오다 끌리다 불다 울다 던지다 베다 보다 끌어내다 시작하다 돌보다 받다 버리다 달아나다 박차다 말다 보다 부딪치다 눌리다 들어오다 지나가다 이끌다 떼다 쓰러지다 맞다 되다 쫓기다 못하다 이기다 하다 묵다 잡다 뒤틀다 내던지다 벗어나다 떨어지다 몰다 타다 때다 날다 가로막다 휘두르다 감탄하다 들어오다 숨어들다 섞이다 나가다 떨어지다 찔리다 어우르다 하다 보다 맡다 
10,미축,거 미축이 한솥밥 조운이었으나 한 감부인만 처음 미축이었다 위 말 채 사람 한 눈앞 조운 해 준비 배 멧목과 미축이 유봉과 그곳쎄는 말 여포에게 나 미축이 보호 들 가솔 유비 ,가늘 크 쎄 없 못하다 참다 보다 사로잡히다 먹다 하다 피하다 지키다 보다 실리다 묶이다 하다 준비하다 말하다 나오다 
11,방덕,속 물 방덕은 배 탓 번성 저 노 손 한 형주병을 칼 손 한 방덕은 배 관공을 자기 방덕은 군사 길 물 사방 위 방죽 채 갑옷 백 5 보졸 성하 동 동형 방덕은 그때 생각 방덕은 관공이 열흘 충돌질하려 관공을 야유 욕설 들 군사 방덕은 수 조 조 방덕은 한참 들 군사 조 조 나 성 군사 떼밀리듯 등 으름장 장 방덕은 거 말먹이풀이 군량 안 채 방덕은 채 조 조 군사 기세 방덕은 기색 었으나 셈 넷 맹장 중 조 조 그날 방덕은 동남쪽을바라보고 뒤 수 길 한 말 조영 방덕은 수 수 방덕은 속 걸어서두텁게 죽 베어 명 서너 펑지로 방덕은 흙구덩이를 몸 흘쩍 방덕은 듯 용도 명 천여 철기(鐵騎) 방덕은 아무것 군사 거 조인아 동관을 서창 조홍과 방덕은 빗장 성문 흘어버리고 군교(軍校) 종요 뒤 기세 종진을 방덕은 목숨 애처 땅 자신 우금 곁 방덕이 션 버터 얼굴 아래 자리 장 관운 것 방덕이라도 위 땅 힘 거기 물 나머지 명 눈깜짝할 방덕이 들이 군사 위 배 위 배 새 몸 방덕이 그걸 부근 방죽 방덕이 척 한 배 명 형주군 방덕이 관공을 것 계교 방덕이 관평도 시작 칼 말머리 듯 방덕이 방덕을 징 쪽 위 겁 실수 방덕이 수 위연도 둥 둥 방덕이 기세 방덕이 사람 조 조 그쪽 주춤 위연이 사이 둘 위연도 방덕이 말 위 언덕 조 조 을 말 산굽이 군데 한 허저를 방덕이 허저를 힘 방덕이 허저를 거 방덕이 조 조 소리 다급 위 성문 방덕이 아래 성문 남정 재간 방덕이라 한 용맹 짓쳐들자 군마 갈래 세 그들 준비 었다 맞붙 하후돈과 듯 방덕이 백 2 군사 죽 흙구덩이에 장횡이 은 장정 중 기(騎) 천여 방덕이 채 마 뒤 무렵 꼴 말을바치러 방덕에게 조영은 말 조영을 한칼에 방덕이 방덕이었다 오른쪽 마초요 왼쪽 안 성 들이 군사 수 마 밖 성문 방덕이 방덕이었다 마초의장수 성안 틈 들 백성 군사 성 배 방덕 뗏목 장수 한 상류 쓸모 독려 방덕 물 성하 활로 관공이 죽음 칼 방덕 나뭇가지 소매가 전포 명 진무 손 방덕 채 듯 겁 들이 군사 의 조 조 이 마음속 조 조 예 무 방덕 모습 수 한가운데 눈 방덕 굴러떨어졌다 아래 말 목 한칼에 방덕 ,남다르 바쁘 작 크 작 없 같 어지럽 없 크 크 없 같 놀랍 말다 떨어지다 뒤집히다 배다 달아나다 하다 막다 들다 덤비다 휘두르다 하다 뺏다 두려워하다 오다 잡다 모자라다 맞서다 적다 달아나다 물다 몰리다 못하다 갖추다 데리다 졸다 보다 바꾸다 걷다 넘다 하다 지다 풀다 그러다 돌아가다 구하다 싸우다 맞서다 나오다 이끌다 떼밀리다 기뻐하다 보다 풀다 덮치다 휘몰다 타다 두려워하다 싸우다 번갈다 손꼽다 달아나다 바라보다 구하다 열다 길다 하다 타다 가다 가다 버리다 빠져나가다 에워싸다 걷다 죽이다 뛰어나오다 벗어나다 솟구치다 두려워하다 놀라다 가다 부딪치다 허물다 이끌다 모르다 되돌리다 보다 구하다 나타나다 나서다 쫓다 부수다 들다 몰려들다 죽이다 빌다 엎드리다 그리다 성나다 앉다 버티다 못하다 내지르다 기다 날다 보다 달아나다 뛰어내리다 물다 베다 하다 덤비다 놀라다 내려앉다 솟구치다 보다 이르다 서다 하다 태우다 버티다 주다 기다리다 뒤따르다 쓰다 시작하다 달아나다 끌다 돌리다 되다 불러들이다 치다 보다 하다 그러다 질리다 덤비다 모르다 살다 죽다 덮치다 되다 보다 하다 벌어지다 맞서다 달리다 소리치다 나타나다 타다 말다 돌다 하다 쫓다 가다 뒤쫓다 나서다 걸다 내보내다 보다 나오다 치다 하다 보다 견디다 하다 용맹하다 짓치다 맞붙다 뛰쳐나오다 기다리다 넘다 죽다 빠지다 죽다 이끌다 헤아리다 돌아가다 싸우다 해지다 되다 바치다 말다 뺏다 베다 몰려들다 물밀다 기다리다 열다 숨어들다 섞이다 나가다 들이받다 내려오다 타다 떨어뜨리다 쏘다 말다 당하다 막다 덮치다 걸리다 다하다 들어가다 달아나다 질리다 못하다 이기다 보다 들어오다 허덕이다 떨어지다 떨어지다 굴러다 잃다 
12,방통,뒤 아간 안 부관 것 것 방통 유비 입 길 나 싸움터 렸지만 거 마음 새삼 방통 죽음 일 그 유비 말 계책 쇠사슬 배 조 조 방통 어디 정사 연환계 방통 다음 효험 연환계 방통 것 한 조 조 거기 여섯 서른 나 그 그때 아래 화살 나 방통 총괄 군 3 군사 방통 중군 관평과 유봉 뒤 앞뒤 후군으로 위연을 전부 황충을 수 길 자신 일 뒷모습 방통 것 채 등현 길 뒤 냉포를 승세 황충이 유비 뒤 황충 연 위 말 방통 고개 말 두 군령 속셈 방통 위연은 황충과 말 계책 쇠사슬 배 조 조 방통 어디 정사 연환계 방통 다음 ,없 기쁘 어지럽 가엾 없 없 없 돌다 보이다 못하다 나서다 걸다 들먹이다 이르다 얽다 배다 찾아가다 이르다 하다 죽다 총괄하다 되다 더불다 맡기다 삼다 삼다 떠나다 빌다 보다 뺏다 바꾸다 길다 쫓다 타다 받치다 따르다 물러나다 끄덕이다 받다 모르다 이르다 얽다 배다 찾아가다 
13,사마의,말 아들 두 사마 말 이승 지 사자 연 공손 사마 사마 항복 부 조건 군사 테 인질 아들 사자 연 공손 위급 급습 양평성을 근거지 연 공손 두 성 요양 사마 말 조예 걱정 사마 이때 장안 군사 사마 내달았다 틈 들 군사 사마 채 군사 사마 들 군사 남 뒤 사마사는 소 사마 이 영채 의 언덕 북쪽 위수 부교 사마 손례를 곽회와 군사 사마 말 손발 나머지 사마 군마 데 하나 위연 장수 사마 말 곳 기 칠성 대 사마 허실 촉병들을 끌겨온 사마 소식 그 사마 사마 채 자기 서쪽 사마 그때 숲 저 사마 그때 의 사마 칼 요화 북원을 군사 사마 채 사마 목숨 하기 구원 북원을 군사 한 구원케 영채 앞 소 사마 사마사와 아들 두 그것 사마 영채 뒤편 더부렁 들 군사 목숨 곽회도 자리 산등성이 에움을 들 군사 사마 이 동안 사흘 사마 쫓겨들어간 상규성으로 영 사마 수 채 남쪽 위수 사마 사마 갈래 세 촉병이 앞쪽 강유 관흥 앞 군사 남 자신 관흥을 후 사마 촉진 앞뒤 정말 사마 강릉을 지름길 군사 자신 사마 수 마 두 큰길 사마 죄 목 촉군 층 한 사마 힘 거기 군사 사마 자리 장합이 일 맹달을 주예에게 위주 뒤 마음 들 백성 사마 일 월 8 년 3 가평 것 죽 의 사마 아무것 어린애 여덟 나 방 조 위주 자 그들 누구 조정 벼슬 사마사 소 사마 아들 벼슬 핑계 병 의 사마 공격 힘 의 사마 상태 군마 들이 군사 연 공손 이치 것 군량 성안 군사 군사 연 공손 군사 의 사마 안 양평성 연 공손 그때 궁리 안 녹각 파고 도랑 둘레 성 요양 연 공손 말 의 사마 전개 쪽 하계 의 사마 함성 뒤 포향이 소리 한 뒤ㅉ는데 내 힘 의 사마 촉병이 곳 아래 의 사마 이 불빛 줄기 한 안 골짜기 입구 상방곡(호로곡) 위연에게 의 사마 위 기산 공명 말 영채 위남 의 사마 위병 촉채를 기산 촉병과 위 부교 손례는 곽회와 뒤 촉병에게 대채 뜻 위남에 의 사마 뒤ㅉ지를 적 군사 거 의 사마 위연을 기세 의 사마 마련 방도 수 거기 의 사마 공명 기산 짐작 것 동쪽 의 사마 것 동쪽 투구 요화 눈 것 그루 한 나무 정신 끝 의 사마 요화 들이 군사 들 군사 의 사마 깃발 의 사마 것 소 말 정말 의 사마 끄트머리 소리 촉병이 대 의 사마 악침은 장호와 신세 진 안 모양 의 사마 한 받쳐주리로 뒤 뿐 의 사마 군사 곽회가 오른쪽 요 군사 의 사마 왼쪽 까닭 것 걱정 의 사마 것 말 들 장졸 나머지 모양 의 사마 입 의 사마 공명 수레 바퀴 네 촉진 의 사마 말 의 사마 문기가 위진 말 투 조진에게 의 사마 기세 촉병들도 힘 의 사마 군사 의 사마 그것 에워싸이고 들 위병 장익은 왕평과 뒤 장수 의 사마 위병 의 사마 이번 소식 뜻밖 때 의논 계책 의 사마 마음 한 답답 공명 서촉으로 의 사마 이번 결판 것 의 사마 것 계책 나 그 조진에게는 데 대 의 사마 본대 의 사마 듯 다행 의 사마 데 굳건 위세 형제 소 사마 사마사 죽음 의의 사마 번 두 무엇 그것 목 복병 의의 사마 성 한밤중 천 1 군사 아들 안 양평성 뒤 혼 복병 의의 사마 양평성을 연 공손 기록 공 그날 금투구를 의의 사마 요화 길 자취 의의 사마 마장 한 요화 나무등걸 빗맞혀 의 사마 칼 운 의의 사마 귀 의의 사마 소식 지경 들이 군사 북원 무렵 마찬가지 사정 의의 사마 영채 거 촉병이 손례는 군사 사방 말 의의 사마 장익이 요화 후대 마충이 강유 중대 장의가 왕평과 전대 삼 군사 공격 영채 의의 사마 가에 위수 사자 답 날 다음 말 들 장수 공명 전서 의의 사마 사람 사람 대답 의의 사마 귀 의의 사마 소식 조휴가 힘 온몸 맹달은 거 본대 의의 사마 짓두들겼다 위병 곽회가 조진과 촉병은 장포가 관흥과 첫솜씨 의의 사마 ,어지럽 없 다르 크 뻔하 없 없 크 없 어렵 급하 두렵 같 맵 돕다 휘몰다 이끌다 듣다 말다 놀라다 뒤쫓다 뒤따르다 몰다 말다 보이다 들다 알아내다 통하다 병들다 오다 끌다 기다리다 보내오다 움직이다 돌아가다 달아나다 벗어나다 하다 뒤쫓다 뽑다 힘들이다 달리다 구하다 이끌다 놀라다 쫓기다 이끌다 건지다 정하다 구원하다 이끌다 하다 구원하다 모자라다 얽다 쫓기다 건지다 잡다 벗어나다 이끌다 지다 엎드리다 가다 쫓기다 막다 나오다 쏟아지다 내리다 세우다 내려가다 놀라다 들이치다 에워싸다 나가다 막다 가르다 덮치다 휘몰다 살피다 가다 덮치다 거느리다 달아나다 비우다 죄다 얻다 나가다 잡다 알리다 잡다 줄다 달래다 놀라다 죽다 병들다 늙다 모르다 맞서다 버리다 떠나다 버리다 공격하다 들이다 빠지다 잡아먹다 떨어지다 갇히다 이끌다 가두다 버티다 세우다 듣다 전개되다 하계하다 울리다 들리다 하다 보이다 멀다 이르다 못하다 이기다 솟다 들다 속다 놀다 듣다 잃어버리다 치다 싸우다 빼앗기다 채다 대다 보다 이르다 못하다 거느리다 보다 빠져나가다 뒤쫓다 타다 마련하다 싸우다 머물다 받다 짐작하다 달아나다 보다 떨어지다 들어오다 돌다 하다 놀라다 보다 뒤쫓다 움직이다 겁먹다 하다 싸우다 꾸짖다 적히다 앞세우다 살펴보다 놀라다 보이다 나다 살다 살펴보다 덮치다 뛰쳐나가다 지르다 기다리다 지나가다 시키다 지다 갇히다 되다 하다 주리다 받치다 기다리다 주다 구하다 뒤따라오다 끄다 끄다 떠오르다 걱정하다 하다 말다 열다 입다 나오다 앉다 보다 나오다 타다 말다 열리다 말하다 서두르다 지다 물러가다 꺾이다 병들다 싸우다 하다 끄다 말다 에워싸이다 덮치다 끄다 날아들다 때다 의논하다 끌어내다 누르다 하다 싸우다 헤아리다 보이다 지다 하다 되다 하다 시키다 앉다 끄다 소리치다 놀라다 마치다 만들다 하다 흔들리다 달아나다 걸리다 빠져나가다 이끌다 말다 갇히다 걸리다 달려가다 구하다 놀라다 기록되다 으뜸가다 바치다 줍다 길다 찾다 뒤쫓다 하다 박히다 하다 빗맞다 다하다 들어가다 빠지다 지다 달아나다 버리다 보다 살피다 풀다 듣다 맡다 말다 맡다 나누다 공격하다 보내다 돌리다 주다 싸우다 말하다 받다 헤어지다 비웃다 들어가다 쫓기다 지다 빠지다 보다 두들기다 짓다 신나다 에워싸다 이끌다 지다 끄다 되다 쓰이다 
14,손권,부탁 뒷일 여대 대사 제갈각과 태부 월 4 이듬해 손 병 월 8 원년 태 오나라 형세 자신 내 군사 위 촉 손 주 오 기산을 번 세 채 일산 손 육 나 밖 무창성 관원 문무 손 육손이 손 들 전해 소식 동관에 무창 손 주 오 그때 때문 정예 오 끝 식 위 등 칭신하는 조비에 강화 유비 손 여력 촉에두고 들 맹장 마 제갈량과 유비 말 들 벼슬아치 뒤 한 사람 두 손 말 목소리 손 까닭 밉살 그 생각 수모 차례 관공으로부터 지난날 관공이 장막 자기 들 관원 문무 줄 손 기렷다 공 자기 목숨 주태가 잔치 손 시신 동습 물 사람 마 손 수 손 뒤집기 안정 민심 내려보내 고을 들이 도적 인척 시집 딸 손책 형 손 육 손 이 뒤 배 성 주태와 손 강가 조 조 지경 손 토막 두 군사 손 쪽 무우 한가운데 적진 손 군사 서황 장료와 군사 이전 것 녕이 군마 한 주태로 걱정 감녕이 손 걱정 실수 능통 나 손 소 승부 차례 50 말 말 부딪고 창칼 동습에게 거 피투성이 능통 손 배 손 정신 줄 해 당황 손 그걸 쪽 소사교 말 틈 손 손 앞 해 재촉 사 양 기세 손 합비로 중군 능통 자신 선봉 감녕을 여몽과 손 이때 있었 벌 잔치 들 장수 뒤 한 위로 수고 히 넉넉 고기 술 군 3 손 이때 을 환성 군 3 뒤 밥지어 들 군사 무렵 5 새벽 음날 거기 말 여몽 그 손 들 장수 채 손 살꾀보았다 군세 성 아래 성 손 인물 대수롭잡게 손 기색 거 그곳 조 조 손 있었 받쳐쓰고 일산 위 배 손 허도로 을 표문(表文) 사신 화흠을 손 이 상세 자의 태사 들 관원 한 비롯 장소 손 군마 그곳 윤주로 남 뒤 배 수습 군사 손 마음 층 한 상처 자 태사 손 창 말 손 앞 말 갑옷 금빛 금투구에 손 이때 영채 하기 위로 수고 그 손 뚜렷 이 크고작은 번 몇 열 들 장졸 그곳 조 조 손 동안 잡아끌며 손 능통 손 치하 공 들 관원 문무 잔치 손 뒤 제사 위로 아비 죽 영전 손견 목 황조 용서 소비 손 이 군사 황조를 날 감탄 손 수군 척 천여 7 전선 대강 괴로움 들 백성 들 산적 각처 동안 손 강동으로 들 가솔 아우 서씨와 자신 양 뒤 삼 장 아문 공 부영 손고와 손 동오로 군사 수 손 방향 바람 거기 공격 성 뒤 만큼 힘 창칼 들이 군사 이술 손 느긋 채 성 사람 구원 아무 환성 한 근거 이술이 군사 손 답 조 조 몰락 들 자손 적 굴욕 가지 한 원술로 지하 배필 손분 아들 지신 딸 원요 손 뒷날 상처 의원 손 사람 세상 그 기운 눈동자 입 턱 아이 해 꿈 인 오부 손 욕심 사마사는 위 소식 손 군사 불만 벼슬 낙랑공이란 대사 충성 위 사신 손 만 10 맣은 횔씬 것 손 군사 그답게 성 준비 침착 매사 뒤 를 군사 조 조 것 나 에움을 손 한괸 손 주군인 정신 강변 몸 갇혔타가 적진 손 허저를 거 한가운데 군사 편 자기 손 판 싸움 손 말 저 손 손 유수 군마 천 3 능통 허락 손 채 수 유 병마 천 3 능통 신 데 편 손 손 배 동습이 서성 남쪽 다리 손 때 르렀을 북쪽 진 소요 손 수 우 자리 손 능통 감녕을 여몽과 르 억누 속 수 날뀔 만큼 자리 자리 뒤 차 환성 이마 손 것 합류 본진 능통 손 무렵 진시 때 손 환성 손 손 눈억겨보니 조 조 이 것 잔치 업군으로 명목 그걸 딕이 소 대가 동작 차 합치 힘 손 유비 해 생각 일 갑을 원수 이래 적벽 것 남몰래 속 가슴 손 말 겉 비 유 광경 손 자 태사 장수 말고삐를 손 곳 들 군사 조 조 손 뒤 적벽대전 합비는 손 패기 유비 한 풍부 실전경험 들 병가 일류 당대 한 비롯 노숙 방통 주유 제갈량 상대 것 적벽에 시작 공격 합비를 유비 손 정사 것 끝 준비 대치 양군 연 것 군사 사람 두 다음 자 태사 신호 불 손 육 거 불길 위 강물 손 길목 합비로 막막 길 남 자신 손 까닭 걱정 이루어겼는지 동맹 오(릇)와 손 조 조 날 지 공명 일 자극 복수심 능통 제사 원수 아비 손 능통 사람 손 리 손 대장 적 뒤 일 때 양 군사 손 소식 손익 대원 규람과 하구 들이 군사 황조 배 능조는 기세 이 사움에 손 떼 도둑 부근 것 선성 주태와 손 강동으로 손책이 죽음 한 허망 맹장 동오 서늘케 간담 조 조 적진 수 장사 명 백 한 손 호탕 날래면서도 석연치 것 마음 소식 마디 몇 적 한 걱정 거 한 거절 말 적 모욕 청혼 손 관공이 파 유비 반 내부 동오 누구 그 귀 손 소식 부자 관공 때 날 쏟아졌 위 머리 손 비 화살 활 군사 잖은 낙 무사 내 진무는 장수 손 그날 지경 손 토막 두 군사 손 쪽 무우 귀 손 뒤 로 중군으 소식 첫 전군 여몽 감녕과 뒤 차 환성 이마 손 것 합류 본진 능통 손 혔다 꽂 덮개 수레 해가리개며 손 비 화살 성안 맙을 감탄 자기 조 조 모습 한 당당 손 것 해 시럽 양편 들이 벼슬아치 문무 좌f에는 손 부아 손 박차 말 장료가 만 5 일치 정사 연의와 군사 손 유비 이 셈 예봉 일 군사 손 군사 손 장수 이 능조란 중 부장 손 뜻 강남 그때 조 조 한 짐작 결의 손 일 수 글 손 성안 번 한 한 변변 바람 이술은 군사 손 나 성 새삼 진가 손 그늘 손책 형 뜻밖 위세 손 선 앞장 진공 진공 한 신속 정도 안장 손 칼날 들 도적 한지 위급 상태 ,크 다르 다르 젊 다르 없 곱 가볍 날래 어렵 어지럽 크 없 그렇 물다 삼다 기뻐하다 알아보다 보내다 하다 머물다 돌아가다 태우다 수습하다 상하다 돌아오다 입다 자다 뛰쳐나가다 휘두르다 참다 듣다 나오다 지다 오르다 입다 나가다 위하다 위로하다 맞아들이다 기뻐하다 못하다 이기다 벌이다 열다 남기다 달래다 잡아끌다 달려가다 치하하다 불러들이다 열다 지내다 위로하다 죽다 지내다 용서하다 일으키다 위하다 조르다 감탄하다 삼다 덜다 뽑다 뿌리다 돌아가다 거두다 지키다 삼다 여기다 높이다 되돌리다 하다 못하다 공격하다 굶주리다 휘두르다 기다리다 하다 에워싸다 알다 오다 몰아가다 근거하다 일으키다 받다 보다 들다 하다 돌보다 부르다 섞이다 낳다 보다 살다 들다 죽다 일으키다 품다 내리다 바치다 바치다 죽이다 보내다 거느리다 이끌다 침착하다 쫓다 몰다 앞장서다 보다 나가다 뚫다 괴다 차리다 달리다 빼내다 타다 갇히다 부르다 보다 갇히다 뛰어들다 앞장서다 소리치다 말하다 절다 나서다 이끌다 허락하다 떠나다 이끌다 들어주다 맞아들이다 내리다 때다 지다 참다 비우다 쏘아보다 끓다 뀌다 날다 들어앉다 하다 되다 합류하다 받다 넣다 오다 업다 경하하다 오다 짓다 움직이다 합치다 생각하다 지다 비다 말하다 물다 보다 뒤따라오다 가다 앞지르다 보다 잡다 싸우다 머물다 하다 거느리다 하다 되다 끝나다 이르다 시작되다 공격하다 시키다 되다 싸우다 대치하다 보내다 합치다 끄다 부르다 자르다 하다 신호하다 보다 솟다 막다 가다 남다 받아들이다 어기다 이루다 오다 보이다 떠나다 모르다 자극하다 하다 차리다 위하다 보다 놀라다 끝나다 때다 이르다 이끌다 듣다 죽이다 쳐들어가다 지키다 앞장서다 잇달다 몰려들다 알리다 지키다 떠나다 허망하다 하다 하다 뛰어들어가다 데리다 팔다 하다 놓다 듣다 걱정하다 거절하다 알다 들어가다 까지다 사로잡히다 밝다 쏟아지다 오다 쏘다 못하다 내다 끌다 나서다 빠지다 갈라놓다 가르다 들어가다 이기다 들어앉다 하다 되다 합류하다 받다 하다 꽂다 쏟아지다 오다 서다 모르다 가리키다 하다 보이다 시럽하다 돋우다 나오다 달리다 박차다 말다 되다 일치하다 비하다 꺾이다 잃다 되다 품다 내려가다 짐작하다 떠올리다 들어가다 쫓기다 하다 하다 맞다 나오다 되다 알다 보이다 가리다 앞장서다 신속하다 찍히다 위급하다 
15,순욱,독 두 해 마련 씁쓸 순욱은 해 생각 눈 순욱은 뚜껑 한 불길 순욱은 순욱은 스문을 구석 위공에다 조 조 전했 하나 꾸러미 사자 조 조 시름 순욱이 날 리 를 모 속셈 조 조 순욱이 년 30 해 일 를 조 조 일 수 참 도 것 비웃음 한 싸늘 일 자기 리 자기 순욱이 진병중이었다 허도를 장수 조운을 아우 두 장 관 대 조 조 순욱이 유비 이때 조 조 순욱이 조 조 이 부음 발상 운 아들 순욱 권문을 잘못 발 울렸으되 천하 재주 순욱 죽음 순욱 뒷사람 목소리 조 조 귀 순욱 짝 야망 남 속 가슴 것 사람 태도 순욱 거기 것 결의 순욱 자신 답 순욱 태도 전갈 순욱 허도로부터 이튿날 허비 시간 한 귀중 감상 순수 조 조 ,없 같 없 없 괴롭 가엾 차갑 같 없 해롭 같 마시다 꺼내다 마련하다 중얼거리다 웃다 하다 생각하다 감다 열다 뜯다 누르다 하다 타다 듣다 받다 하다 전하다 달리다 잠기다 따라다니다 참다 보다 하다 하다 들다 해치다 저버리다 지다 향하다 삼다 말리다 나서다 하다 뉘우치다 받다 이르다 전하다 찾다 디디다 울리다 노래다 슬퍼하다 하다 들리다 품다 남다 번지다 들다 돕다 다시다 드러나다 들다 받다 날아들다 허비하다 하다 젖다 순수하다 
16,여포, 소용 때문 위 송헌과 좌우 여포는 밧줄 힘 여포는 터 기습 채 데 힘깨나 만큼 장수 둘 잠 채 의자 자신 문루 여포는 한숨 여유 벌 위 여포는 화급 일 함성 들이 군사 조 조 여포는 잠 아무것 수 뚫을려야 길 여포는 마음 여포는 한 다급 길 왕해 허사 천 1 군사 학맹에게 장료와 여포는 이 수 안 성 하비 진궁도 여포는 덕분 접응한 군사 후성이 수 상대 청룡도 장 관운 화극 중 황망한 여포는 시작 달아니기 영 여포는 사람 전장 여포는 상태 눈 분노 장비 고 고 여포는 채비 한 돌진 성 끈 투구 자신 말 여포는 당연 것 도중 편 두 서주로 무리 진궁이 소관 여포는 군사 소관 지체 여포는 군호 약속 불길 서주로 여포는 무렵 집 거처 유비 여포는 우려 소패성을 대군 여포 뒤 열어젖히니 성문 여포는 사이 뒤 그 군사 남 유비 그 내 말 장비 관우와 채 장비 평소 여포는 채 관우 유비 장료는 고 중군 대군 자신 뒤 우 유비 두 좌 여포는 말 조 조 여포는 서주로 등 양봉`한섬 장과 관운 여포는 채 원술 군사 틈 여포는 원술을 끼 화극 대답 여포는 대 날 성 말 뒤 나 신 여포는 거 기령이 날 적 여포는 리다렸다 장훈이 채 곳 리 30 밖 성 여포는 힘 여포는 말 약속 내응하겠다고 양봉 한섬 등 때문 거 꼴 호 발톱 여포는 신세 떠돌이 근거 유비 뿐 거 여포가 유비 허비 개 한 화살 뒤 것 유비 여포는 소패성을 면 4 군사 여포는 수 의 성 자기 군사 여포는 한 치열 여포는 장비 틈 리 유비 말 듯 것 해 생각 여포는 해 난감 입자 여포 소패로 해 점검 군사 그날 생각 여포는 하자 찬성 진궁까지 입 여포는 석 20 군량 지도 생각 밀서 원술 것 그 장군 일 유비 아무 집 유비 백 2 군사 뒤 한 안심 들 백성 여포는 서주성을 거기 여포는 그때 말머리 번 한 수 그 여포는 의심 여포는 김 의심 여포는 본진 조 조 들 장졸 수하 뒤 불 사방 명 여포는 겁 숲 여포는 골탕 꾀 조 조 여러번 회 기 여포는 소식 투구 조 조 화극 조 조 났 생각 여포는 의논 조 조 진궁을 여포는 채 자신 무렵 수 한가 때 여포는 성미 성 장안 두 왕윤을 여포는 수 밖 청쇄문 기 수백 여포는 한 단념 성 장안 수 감당 수 적군 분전 좌충우돌 혼자 여포는 지 이롭 번 몇 안 성 장안 군사 여포는 장안 군사 정신 영 그떻게 여포는 리 도 지경 가슴 화 여포는 이각을 군사 틈 여포는 수 앞 바람 돌 화살 위 이각을 말 여포는 이각을 몰아 군사 것 앞뒤 여포는 아래 이각을 여포는 리 그걸 군사 틈 진열 여포는 그걸 진군을서둘렀다 그날 호적아를 여포는 들 군사 이각 전구 우보가 호적아를 자리 여포는 노한 말 우보와 내 군사 여포는 다음날 이숙을 손 목 이숙은 숨 동탁 었다 것 배반 한 극단 여포는 미움 정적 거기 시작 화극 틈 여포는 기색 여포는 합 30 방천화극을 여포 장팔사모가 장비 청룡도 관우 말 장비 찬 공손 여포는 장비 찬 공손 바깍 만큼 수 지 내 창 여포는 때문 시작 군사 찬의 공손 여포는 진 들 제후 수 대장 군마 한 여포는 들 군사 진 왕광 무인지경 여포는 사방 군사 듯 나 천 3 기 보자철 거 들이 군사 왕광 여포는 진 밖 관 큰소리 목 정원 피 여포는 목 정원 칼질 한 대 대답 여포는 항복 조 조 군마 말 항복 장료도 여포가 장패는 일 두여웠는지도 것 노릇 발톱 어금니 조 조 그용맹으로 손아귀 한 조 조 일 것 앞길 자신 함 자립 배신 조 조 여포가 말 아시 셈 판 함정 밑 발 여포 합세 진규와 가족 유비 미축과 호의 여포가 서주성에서는 마지막 때문 가담 데 파멸 그 호의 여포 적 파격 유비 것 서주를 배신 은덕 유비 여포가 덩어리져 성문 의심 거 여포가 들 군사 조 조 거 무기 생명 장수 수 조 조 말 후성 적토마 여포가 탓 속 적진 딸 사랑 업 등 하나 용맹 여포가 그것 조 조 무렵 불길 위 관 여포가 곳 여포가 탐마를 뒤 수 활 상할까봐 유비 여포가 활 들이 군사 위 성 등뒤 여포가 적교를 군사 위 성 부 들 군사 장비 관우와 적 앞뒤 하자 공격 그 등뒤 군사 여포가 힘 장비 관우와 길 군마 산굽이 한 들 군사 여포가 장훈은 불 그때 여포가 겁 거 나 여포가 뜻 장훈은 그곳 뒤 얼마 때문 거 꼴 호 발톱 여포는 신세 떠돌이 근거 유비 뿐 거 여포가 유비 허비 개 한 화살 줄 자기 여포가 유비 전갈 채 곳 서남 현 군사 여포가 생각 진궁은 소식 여포가 군사 여포에 거 왔다간 여포가 조 조 뒤 여포가 수 조 조 여포가 했 궁리 일족 자신 거 여포가 씨 일 않 여포가 정말 것 한 마음 조 조 거기 힘 진궁도 하자 시작 자신 여포가 기력 지 녘 새벽 하나 절륜하다 무예 여포가 것 을 길 여포가 것 짓쳐 고 구원병 여포가 때 소흘히 경계 심 방 승리 쪽 조 조 이번 덕택 군사 여포가 그것 청쇄문을 번 세 번 두 여포가 군사 그 여 몰아붙 흑독하게 들 군사 층 한 여포가 한 조급 태반 인마 동안 장안 장안 여포가 마음 마 장안 기 갑자 패 끌려다니고 며칠 듯 여포가 조서 가슴 오른손 채 창 왼손 곁 여포가 내용 동탁 설득 왕윤 중 들킬까봐 일 정 사 사 하나 첩 동탁 여포가 중각을 거처 자기 여포에게 동탁 시작 수 군사 조 조 여포가 뒤 말머리 하후돈이 감당 여포를 거기 것 무덤 들 백성 들 군사 틈 금은보화 거기 능침을 여포가 방천화극을 기세 얼굴 유비 중 셋 여포가 한 작정 몸 등 찬의 공손 들어올려 화극 여포가 것 내 목 네놈 적토마 호령 천둥 여포가 거 찬 공손 전갈 여포가 말 대 저 말아래로 창 몸뚱이 목 화극 손 여포가 양 여포가 언덕 들 군사 여포가 수 군사 왕광 철기 천 3 뒤 진 왕광 방천화극을 기세 여포가 모습 여포가 저만치 아래 문기 채 말 왕광이 벌 를 진세 정돈 군마 메어꽂았다 땅바닥 오부 여포가 그때 자리 방백 목숨 조 조 사방 무리 여포 곳 북소리 징소리 시 놀라움 힘 한 이상 유비 들 백성 서주 기간 탓 덕 때문 무능 여포 군사 채 뒤 군 3 잔치 다음 허도로 딸 아내 여포 항복 장패에게 구장 여포 뒤 후 관내 벼슬 중랑장 장료에게 한 항복 감격 후대 조 조 대 죽음 수습하는일에 세력 남 여포 조 조 진궁을 여포와 천하 한 수 사람됨 조 조 사람됨 여포 것 유비 때문 표리부동 함 무쌍 반복 여포 것 두둔 유비 옛사람들이 불구 셈 판 함정 밑 발 여포 합세 진규와 가족 유비 미축과 호의 여포가 서주성에서는 마지막 때문 가담 데 파멸 그 호의 여포 적 파격 유비 것 서주를 배신 은덕 유비 여포가 열어젖혔다 성문 아래 성 방천화극을 여포 얼굴 듯 하후연이 거기 기 백 한 준비 그 기세 들 군사 소리 여포 화극 여포 후 좌우 생각 이때 송헌은 곁 의심 여포 원술이 글 여포 왕해가 허사 것 장료를 고 명 여포 성문 군마 천 1 여포 뒤 한 보호 왕해를 허사 뒤 학맹이 앞장 장료가 가지 한 말 사람 때 추격 군사 여포 급습 곳 영겨붙어 저 들이 군사 여포 들 장졸 채비 낮 수 말 등 신 여포 진궁이라고 말 등 아들 진규가 무렵 서주를 들이 군사 여포 대군 여포 뒤 열어젖히니 성문 여포는 사이 하나씩 채 유비`관우`장비 셋 군사 장료`고순은 여포와 그곳 대군 여포 것 조성 장수 여포 화살 형성 연합세력 한 뒤 군사 여포 조 조 여포를 진규가 아비 등 한 회복 신 여포 이번 길 군마 한 뒤편 데 한숨 거 느슨 추격 여포 정도 수 의장 천자 들이 군사 여포 창 손 화극 여포 3합을 적수 여포 애초 힘 이풍은 앞 주인 저 간 들 군사 여포 기령과 채 장훈 합세 들 군사 여포 뒤 불 여기저기 영채 군사 한섬 양봉 한 합류 장훈과 뒤 장료가 장수 여포 이번 속 여포 번 한 끼 창 장비 여포를 화극 말 말 듯 것 해 생각 여포는 해 난감 입자 여포 정도 보호 들 가솔 여포 한 의논 고 장수 여포 여포 입 들이 장수 조 조 말 앞장 눈 여포 고 장수 수하 여포 때문 것 용서 일족 이 조 조 일 강압 여포 맹장 여섯 자기 눈 들이 장수 주위 여포 조 조 용맹 여포 무렵 곳 채 조 조 저 반쯤 마릉산을 군사 여포 귀 여포 안 복양성 은 말 조 조 었다 없 수 남문 때문 들 군사 여포 길 떼 벌 나 밖 남문 후성을 고 전위 조 조 반란 앞 성문 들이 군사 여포 성 수 위급 조 조 길 전위 겁 들 군사 여포 앞 내 엄두 대항 장수 여포 한 비롯 학맹을 으로 앞 쌍철극을 자신 등 말 두 오 얼 들 군사 여포 꼴 죽 명 10 사이 위 말 피 하나씩 때 하나 창 손 전위 자취 위 말 들 군사 여포 들어왈던 안 발자국 다섯 발자국 다섯 등뒤 전위 기 몇 기 여포 군사 부근 조 조 수 하나 채 여포 조 조 달 대 조 조 군사 여포 맙지 돌입 군사 사방 것 무섭 채 서쪽 여포 무렵 조 조 리 그것 수 수습 군사 뒤 리 30 조 조 군사 5 여포 힘 군사 조 조 리 장수 모습 여포 적토마 곳 진세를 군데 것 사 여포 나 말 아래 문기 조 조 테세를 신세 군사 여포 군사 장수 쑥대밭 본진 이각 겁 그 들 군사 여포 쳐들오자 들 군사 상대방 데 대장 만 실로화경에 무예 여포 도움 명마 기색 여포는 합 30 방천화극을 여포 장팔사모가 장비 청룡도 관우 분 때 거 불리 시간 바 마 적토 여포 말 때문 힘 장비 왼팔 한창 여포 합 l0여 상태 여포 원래 목 용기 뿐 한탄 막 그 감탄 무예 여포 아래 말 방천화극에 전 어우르기 5합도 채 말 여포 것 상상 해 걱정 못합을 심지 여포 평소 ,크 없 짧 많 크 무섭 없 둥글 만하 없 좋 없 무섭 깊 믿다 팽개치다 꿰다 치다 듣다 지켜보다 오다 이끌다 데리다 덮치다 그러다 배기다 뒤따르다 덮치다 지다 춤추다 보이다 달려오다 바라보다 타다 말다 벌이다 정돈하다 꽂다 달려들다 뒤따르다 되찾다 건지다 달아나다 흩어지다 울리다 대하다 이상하다 사로잡다 하다 보다 돌리다 뽑다 먹이다 벌이다 보내다 권하다 내리다 항복하다 감격하다 들어가다 수습하다 죽이다 두둔하다 오다 하다 팔다 합세하다 살리다 가담하다 저버리다 빼앗다 배신하다 열어젖히다 보이다 던지다 머뭇거리다 하다 섞이다 휘두르다 준비하다 쫓다 두들기다 달려오다 놀라다 감추다 훔치다 물리치다 생각하다 받다 물다 마치다 올리다 왕하다 구하다 받다 나오다 쏟아지다 열다 보호하다 왕하다 맡다 지치다 때다 벗어나다 보다 쫓기다 급습하다 싸우다 붙다 내몰다 시키다 믿다 말하다 지다 받다 말하다 부르다 지다 떠나다 몰려들다 물밀다 열어젖히다 뛰어들다 가다 쳐들다 맡다 나누다 이르다 보내다 쏘다 형성하다 하다 아우르다 말리다 지다 회복하다 끊다 길다 나타나다 떼다 돌리다 보다 해지다 헤아리다 거두어들이다 달아나다 버리다 찔리다 어울리다 싸우다 하다 보다 어우러지다 기다 휩쓸다 합세하다 몰려오다 지르다 불다 나누다 합류하다 쫓다 뒤집다 맞다 나가다 달리다 끼다 나오다 휘두르다 떨어지다 말하다 허허거리다 두다 생각하다 보이다 하다 보다 달아나다 버리다 의논하다 입다 보이다 달려오다 말다 앞장서다 놀라다 용서하다 들다 사로잡다 내보내다 띄다 이르다 보이다 지나다 들어가다 죽다 나가다 막다 길다 몰리다 버리다 나가다 쫓다 몰려들다 나오다 구하다 열다 길다 흩어지다 먹다 가로막다 못하다 대항하다 하다 내닫다 휘두르다 걷다 달아나다 빠지다 얼다 보다 죽다 떨어지다 쏟다 감추다 말다 듣다 지키다 빼앗다 힘들이다 알다 흩어지다 보다 싸우다 못하다 이르다 저물다 알다 수습하다 쫓기다 죽이다 뒤쫓다 따르다 들어오다 이루다 바라보다 이르다 나오다 몰다 말다 갖추다 세다 말다 되다 쫓기다 되다 먹다 쳐들다 데다 쫓기다 하다 접어들다 받다 되다 찌르다 번갈다 팔다 알아보다 해지다 불리다 흐르다 되다 비하다 타다 부치다 나가다 떨어지다 어울리다 하다 되다 한탄하다 자다 막다 감탄하다 떨어지다 찔리다 어우르다 만나다 못하다 나오다 하다 걱정하다 
17,여몽,사자 나 성 말 여몽은 한창 일 인심 사람 그곳 여몽은 형주 이때 영 들 장졸 여몽은 형주성을 동안 들 군관 형주 봉수대 여몽은 무렵 형주에 입 을 공 위 성벽 앞장 그 감녕에게 윗자리 여몽은 진취 목숨 여몽은 것 대 10 손 뒤 삼 부장 감녕은 동습과 선봉 전부 여몽은 군사 수륙 독 대도 주유 공명 머리 한 만 걱정 가능성 전략전술 한 사 구 여몽이 신통력 것 과장 연의에서 거기 그물 여몽이 관공이 사람들 들 가족 여몽이 말 사자 표정 여몽이 것 척 십 수 위 강물 그때 줄 어찌 해 당황 여몽이 배 장수 두 치 물리 들 적병 영 들 군사 위 배 여몽이 부대 악진 선봉 오 여몽이 감녕과 것 처음 중 양군 패 감흥 씩씩 원 장문 탓 공 그 여몽이 데 원수 아비 감녕은 군사 여몽이 진무와 북쪽 정봉이 서성 남쪽 샛길 남쪽 한 여몽이 그 군사 불 배 진취 저 노 배 여몽이 달아나는걸 배 진취 반장 명 여몽 여몽 소용 혼자 관공이 들이 군사 꾀 여몽 데 넉넉 머릿수 터 ㅉ겨온 원래 시작 효과 벌 계책 여몽 군사 형주로 관공은 까닭 따뜻 판 해코지할 들이 군사 여몽 화살 향헤 배 여몽 들 군사 조 조 귀 손 뒤 로 중군으 소식 첫 전군 여몽 감녕과 을 환성 군 3 뒤 밥지어 들 군사 무렵 5 새벽 음날 거기 말 여몽 그 손 ,어떻하 안되 장하 지나치 작 없 옳 맞아들이다 나가다 듣다 거두어들이다 내리다 빼앗다 달래다 사로잡다 이르다 켜다 추다 마르다 입다 뛰어오다 앞장서다 내주다 감다 죽이다 내걸다 이끌다 삼다 다스리다 세우다 하다 걱정하다 구사하다 과장되다 치다 하다 보다 벗어나다 싸우다 괴롭히다 죽이다 말하다 읽다 보이다 몰려오다 하다 모르다 하다 당황하다 맞아들이다 배다 물리치다 뒤쫓다 내리다 지다 끄다 부딪치다 패다 하다 추키다 죽이다 감다 덮치다 휘몰다 달려들다 앞장서다 하다 말다 잡다 달아나다 물리다 지르다 불다 다가가다 뛰어내리다 달아나다 기다리다 숨다 받다 하다 뛰다 떨어지다 사귀다 못하다 시작하다 보다 벌서다 나가다 몰다 줄다 돌보다 하다 오다 떨다 보다 해코지하다 날리다 그러다 들어가다 이기다 치다 들이다 휘몰다 먹이다 짓다 따르다 여기다 
18,왕윤,창칼 곽사 이각과 무리 역적 계책 왕윤이 동탁 양주 나 하진이 것 말 한 마일제가 때 채옹을 왕윤이 재촉 죽음 곽사를 이각과 높이 소리 왕윤이 곳 왕윤이 만 인물 중심 세력 왕윤이라면 해 생각 두 하나 하나 백관 여포 동탁 미인 마음 왕윤 흉포하니 음란 동탁 떠꺼머리 서량 역적 도적 내용 동탁 설득 왕윤 중 들킬까봐 일 정 사 사 하나 첩 동탁 여포가 중각을 거처 자기 여포에게 동탁 이름 초선 연환계나 왕윤 기록 사 평온 풍족 곳 형주땅은 인재 한 훌륭 주위 뒤 형주자사가 사람됨 유표 터 용력 재략과 그 손견을 때 토벌 룡 도적 사가 의자 교지 ,어지럽 없 붉 크 작 많 그러하 들다 죽이다 쓰다 자리잡다 지다 하다 들어맞다 죽이다 채다 재촉하다 꾸짖다 지키다 되다 생각하다 두다 들다 싸우다 빌다 하다 음란하다 듣다 죽이다 되다 죽이다 받다 두려워하다 보다 까다 들킬다 통하다 하다 지키다 거처하다 전하다 사다 평온하다 하다 하다 되다 보다 쓰다 부르다 토벌하다 되다 그러다 
19,위연,까닭 새 하룻밤 들이 장졸 위연이 양의 명분 덕분 비호세력 조정 유언 제갈량 것 한 목 뒤 때 지 소리 위연이 붙어다니다가 곁 위연 말 마대 해서 감격 위연이 하평을 위연이 기세 위연이었다 장수 길 군마 한 이 등 주 그때껏 발 잘못 위연이 공명 안 장막 공명 듯 나 위연이 사람 강유 함성 밖 채 시작 말머리 위연이 전 3합을 칼 위연이 촉병이었다 위연이 강유 군사 한 위연이 왼쪽 요 강유 오른쪽 눈길 속 만큼 눈 장합은 거 위연이 칼 위연이 위연을 창 장합이 욕 소리 말머리 위연이 어귀 목문도 부딪고는 합 위연이 얼마 시작 거짓 위연이 10합을 위연이었다 장수 장합이 촉병들이었다 위연이 위연이 둘 그 경위 왕쌍을 위연이 기 30 것 위연이 그때 가만앴지 왕쌍은 소식 위연이 대답 위연이 왕평이었다 위연이 들 장졸 아래 모양 위연이 위연이었다 장수 장합이 조준 기세 산 위연이 장포였다 오른쪽 관흥 왼쪽 위연이요 가운데 까닭 위연이 맹장 촉 것 해 점령 위연이 성 강유 길 벌 군마 위연이 앞 성 기성 강유 위 성벽 위연이 촉장 이 3합을 위연이 저 깃발 정말 위연이 뿐 하나 영채 위연이 것 것 복병 강물 소식 채 위연이 들 만병 것 그것 들 만병 이치 위연이 것 단단 채 저희 강물 들 군사 오과국 도화수가에 위연이 처음 적 군사 단련 촉병들이 맹장 위연이 조운과 병기 깃발 병 만 나란히하고 말고삐를 앞 위연이 조운과 중 말 안장 축융부인이 위연이 함성 한참 욕 바가지 바가지 위연이 어디선가 위연을 이번 그녀 축융부인을 채 거짓 위연이 은갱동으로 위연이 다음날 위연이었다 촉장 것 뒤쪽 채 나 동도 쪽 위연이 가운데 장수 세 꼽짝없이 악환은 위연이 그때 시작 듯 힘 합 몇 위연이 큰소리 내 말 위연이 가운데 맞선 진 양군 군마 악환이 발 땅 익주 왕평과 장익 부장 위연이 앞장 내 엄두 조 조 혼 번 한 대 한 화살 위연이 위연이 때 고비 한 조 조 기세 방덕이 사람 조 조 그쪽 주춤 위연이 소리 벽력 누군가 때 조 조 칼 위연이 언덕 조 조 말허리 뽑아들더니 버리고칼을 활 위연이 그걸 멱여조조에게로 살 시위 위연이 위연이었다 장수 촉 조 조 힘 와구관을 위연이 장비 되쫓아 안 골짜기 그 들 군사 날랜 위연이 어디 때 들이 복병 일 이 앞 군사 한 위연이 어디 군사 한 속 숲 갈대 위연이 때 곳 한 무성 갈대 리 6 5 것 일 둘 위연이 황충과 거기 황충이었다 위연이 장 등뒤 때 그들 위연이 었다 것 한 퍼봇게 비 화살 위 머리 위연 군사 곳 뿐 길 위연이 장 것 앞 위연이 달 정신 한참 많앗다 칼맞아 자 밟혀죽은 저희 들 군사 서천 냉포을 위연이 위연이었다 것 순찰 밤 그날 때 줄 대비 위연이 황충과 냉포는 준비 모뜬 위연이였다 것 냉포를 때 리 5 한 들이 군사 유비 위연이 느싸조치 말 들 졸개 나머지 모양 위연이 대장 하늘 용 땅 봉 새끼 꼴 위연이 기습 3군올 북소리 소리 한 냉포에게 것 위연이 들이 군사 어논 병 오 위연이 편 군사 황충 왼편 때 주유 황충이 뒤 위연이 아들 추격 마대 양의 중 위연은 수 심복 몇 몇 아들 속 위연을 무부인 한 거만 공명 양의 양 이 데 꼬장꼬장하게 양의 장사 인정 무공 자신 사람 위연은 신 공명 때문 자부심 재능 적 군사 비호세력 조정 나 사령관 야전군 위연은 꼭뒤까지 분 위연은 하평을 박차 말 칼 위연은 눈 그걸 성 위연은 소리 골짜기 들 군사 위연은 것 요화 자신 위연은 준비 위병 위연은 10합을 위연은 뿐 큰소리 이번 골짜기 식 위연은 경과 공명 사람 위연은 산관으로 장합을 공명 중 왕쌍을 위연은 것 칼 한 곳 뜻밖 왕쌍을 위연은 불 채 왕쌍 한 위연은 그때 근처 채 왕쌍 기만 30 날랜 뒤 출발 중 군사 위연은 밀계를 공명 중 채 밤 그날 밀계를 공명 위연은 하편 수 적병 힘 좌충우돌 위연은 한가운데 적병 위연은 한곳 위병 갈래 세 거 속 위연은 장합을 기세 위연은 생각 전세 위연은 장합에게 박차 말 칼 위연은 성 뒤 성안 강유 위연은 곳 깃대 곡 반사 들 군사 위연은 얼굴 위연은 손가락질 위연을 올돌골이 나 군사 듯 답답 숲속 위연은 들 만병 채 개 일곱 번 다섯 열 내 식 위연은 채 그들 위연은 하룻밤 몰아넣고 들 군사 채 위연은 들 군사 내 채 위연은 그곳 위연은 시작 전날 뒤 올돌골과 위연은 말머리 합 몇 나와 마주 위연은 시작 번 몇 대 공명 위연은 해 얘기 광경 자기 공명 위연은 대채 광경 번 한 위연은 거기 수 해 수습 군사 위연은 바람 대채 해 수습 들 군사 위연은 조운과 샛길 산기슭 위연은 시작 말머리 번 몇 축융부인을 위연은 공명 맹획을 위연은 길 동쪽 절반 군사 위연은 채 금환삼결 채 길잡이 군사 오랑캐 천 5 군사 날랜 말 위연은 조운과 양쪽 그 위연은 조운과 길목 들 군사 옹개 리 20 위연은 말머리 옹개가 전 부딪기도 합 몇 말머리 채 기세 위연은 욕 조 조 위연은 항복 위연을 조 조 채비 대 장비 말 두 위연은 동문 위연은 황충과 서문 군사 한 자신 향 채 장 군마 세 가운데 유비 편 위연은 길 당 대 유괴 군사 장 위연은 데 군사 원래 선봉 둘 위연은 황충과 시작 적 힘 과 황충 위연은 힘 위연은 한 짐작 자기편 누 길 적 힘 죽 위연은 았다 말 한가운데 적병 위연은 적 로 앞뒤 겨를 위연은 하나 군사 출신 촉병 얼마 지 한 항복 모양 멧돼지 몰이꾼 사이 들 군사 소리 외마디 당황 위연은 마음 산길 본진 군사 위연은 유비 부관 냉포를 위연은 결정 힘 적 찰을 번씩순 한 하루 사람 두 끝 의논 위연은 황충과 영 위연은 냉포를 대 알았 죄 공 자신 위연은 정신 황충 밤 전날 당황 위연은 적 배 등 위연은 일 군사 전 하기 시작 위연은 영 위 말 생각 위연은 길 해 재촉 들 군사 위연은 고개 말 두 군령 속셈 방통 위연은 황충과 머리 위연 양 이때 쟁탈전 자리 후계자 제갈량 둘 것 빚 기질 반역 위연 안목 제갈공명 충돌 위연 양의 목 위연 정말 나 뿐 대 안 비단주머니 것 한 소리 꼬드겨 위연을 그날 양의 아래 말 목 위연 곳 칼날 손 그 요소 성공 용맹 위연 계책 교묘 허점 심리 사람 아래 말 칼 한 위연 번 한 칼 자랑 평소 깃발 이름 위연 저만치 앞 채찍질 말 리 20 한 태반 군사 위연 동안 등 말 칼 위연 3합을 창 것 채 위연 보군 백 5 위연 거기 명 공명 들 장졸 말 을 창 들 군사 위연 었다 것 한 퍼봇게 비 화살 위 머리 위연 군사 곳 뿐 길 위연이 장 대 말 사람 들 군사 위연 밤길 번 한 눈 군사 위연 길 들이 군사 냉포 이때 쪽 냉포 등현은 처음 들 군사 위연 이 ,없 두텁 새까맣 없 좁 크 길 없 빈틈없 크 크 가늘 길 높 빠지다 구하다 식다 지다 알리다 보내다 돌아오다 쫓다 찾아가다 돌아가다 베다 버리다 하다 뛰쳐나가다 지르다 불다 들이치다 하다 비다 기다리다 숨다 데리다 뽑다 날래다 받다 돌아가다 뽑다 나오다 뚫다 싸우다 하다 말다 갇히다 에워싸다 몰리다 알다 속다 뒤쫓다 오르다 생각하다 뒤집다 덤벼들다 박차다 말다 들다 꼬나다 걸다 에워싸다 들어가다 달아나다 세우다 돌아다니다 이끌다 되다 겁먹다 꾸짖다 걸다 나오다 이끌다 하다 숨다 내주다 싸우다 달아나다 달아나다 싸우다 달아나다 버리다 체하다 싸우다 쉬다 몰아넣다 달아나다 다시다 내다 자리잡다 시작하다 달아나다 싸우다 오다 달아나다 돌리다 붙다 하다 싸우다 나오다 시작하다 달아나다 보다 싸우다 시키다 얘기하다 보다 찾아보다 돌아가다 대다 보다 되돌아오다 수습하다 돌아가다 수습하다 지다 달아나다 돌아보다 시작하다 달아나다 돌리다 보다 맞붙다 놀리다 가다 이끌다 사로잡다 들어가다 가르다 휩쓸다 나서다 삼다 사로잡다 고르다 날래다 듣다 뛰쳐나가다 오다 숨다 덮치다 죽이다 뒤쫓다 달아나다 돌리다 부딪다 달아나다 돌리다 눌리다 그러다 욕하다 오다 권하다 채비하다 시키다 두들기다 들이치다 이끌다 하다 떠나다 하다 맡기다 하다 잃다 이끌다 시작하다 쳐부수다 적다 합치다 나다 짐작하다 벗어나다 에워싸다 싸우다 하다 죽다 갇히다 둘러쌓이다 받다 적다 가리다 쓰다 권하다 되다 항복하다 내닫다 몰리다 쓰러지다 당황하다 되다 하다 구하다 돌리다 가다 끌다 사로잡다 보다 합치다 만나다 적다 돌다 받다 살다 사로잡다 바라다 알다 서두르다 들다 받다 구하다 당황하다 되다 맞다 두려워하다 되다 쉬다 시작하다 내리다 생각하다 떠나다 길다 재촉하다 물러나다 끄덕이다 받다 모르다 밟다 오다 잘리다 다투다 놓다 빚다 되다 얻다 힘들이다 나다 놓다 하다 쓰이다 하다 지르다 꼬드기다 떨어지다 하다 올리다 안되다 하다 하다 노리다 떨어지다 가르다 휘둘러보다 자랑하다 보이다 쓰이다 보다 하다 달리다 뒤쫓다 말다 꺾이다 떨어지다 맞다 채우다 맞서다 듣다 탐나다 기다리다 숨다 받다 찌르다 노리다 타다 말다 듣다 하다 숨기다 막다 길다 돌아서다 지치다 지치다 하다 달려오다 보다 붙이다 덮치다 나누다 길다 가다 덮치다 제치다 맡다 
20,유선,선종 제명 모두 년 4 태강 손호는 주 오 원년 태강 조환은 위주 년 287 7년(서기후 태강 유 촉주 뒤 성 들 벼슬아치 왕들과 아들 태자 유 후주 소식 부자 제갈첨 면죽성을 등애가 유 후주 ,죽다 오다 죽다 죽다 지다 나가다 거느리다 놀라다 듣다 죽다 지다 빼앗다 죽다 
21,유선,선종 제명 모두 년 4 태강 손호는 주 오 원년 태강 조환은 위주 년 287 7년(서기후 태강 유 촉주 뒤 성 들 벼슬아치 왕들과 아들 태자 유 후주 소식 부자 제갈첨 면죽성을 등애가 유 후주 군사 등애 향불 사람 성 백성 것 아침 하루 공업 나라세움 소열황제 뜻 왕손 절개 참 마음 선비 충의 부질 재주 강유 뜻 속 나라 황호에 못햇네 일 목숨 후주는 서천 만 몇 위병 백성 그곳 내ㅉ고 가군 중 양의 말 후주는 공명 식 대장 후주는 소식 공명 후주는 이 글 화친 편 한 자랑 위세 저희들 편 한 내용 거기 표문을 후주가 명 50 장수 이름 편 조 조 칼 창 셋 창 날 창 자기 요 둘이 大將旗 기 대장 베어넘긴 조운이 포위 채 아두(阿斗)를 후주가 말 강유 항복 칙명 후주 검각에 장현이 태복 ,약하 쉽 슬프 맵 없 크 없 크 크 죽다 오다 죽다 죽다 지다 나가다 거느리다 놀라다 듣다 죽다 지다 빼앗다 죽다 맞아들이다 피우다 되다 재다 세우다 열다 지키다 하다 속이다 하다 아끼다 들어가다 사다 되다 내다 따르다 떠나다 명하다 지다 들다 나아가다 막히다 기뻐하다 보다 이르다 오다 자랑하다 담기다 열다 죽이다 찍다 찌르다 쓰다 빼앗다 문드러지다 넘기다 뚫다 둘러치다 품다 되다 잃다 말다 놀라다 권하다 전하다 이르다 
22,유표,공 잔치 안 성 유비 이 나 밖 성 유표 한탄 장수 해 수습 뒤 한 수습 유표 꼴 개 이마 중 개 닭 내 명 군사 채모에게 괴월과 유표 이 사람 땅 고평 군 산양 경승이요 자 유표 형주자사 말 술잔 유표 유표 핑계 그걸 소식 예형이 사자 자신 데 해오 항복 유표 위 말 갑주도 것 구원 원소 유표 한 다급 북쪽 현산은 까닭 대적 손견과 무골 유표 군사 유표 징소리 북 뒤 흘연히 문무 인재 승상 오 권세 조 조 차 땅 한 웅재 찬 공손 장수 도겸 서량을 수 마 남정 장 장수 형양에 군사 유표 근거 파촉에 부자 유언 하량에서 원술은 원소 강남 손책은 손견 군마 문빙(文聘)이 한 항복 조 조 장수 유표 이번 유종이었다 그 아들 둘째 유표 수 억울 죄 유표 손견과 사람 유표 황조로 죽 리 기습 짜여진 치밀 들이 군사 유표 들 군사 장수 승리 전 며칠 수습 난군을 가에까지 수 진영 수군 배 들 군사 손견 성안 들 군사 유표 것 들 장수 두 곁 고사 틈 군사 생각때문에 사자 유표 수 궁노 연변 배 손견 황조는 강하 명 유표 에움에서 유표 전 장수 세 그들 손견은 마씸내 에워싸이고 들 군사 유표 사이 좌충우돌 군사 손견 양쪽 시 일 들이 군사 유표 함성 양편 그때 뒤 대장 희 저 대항 들 군사 유표 들 군사 유표 군사 승세 손견도 괴월을 황개가 평온 풍족 곳 형주땅은 인재 한 훌륭 주위 뒤 형주자사가 사람됨 유표 사람 땅 고평 군 산양 경승이요 자 유표 형주자사 ,크 없 차 없 없 희 많 그러하 차하하다 열다 맞아들이다 이기다 나오다 한탄하다 보다 나타나다 수습하다 수습하다 되다 쪼이다 쫓다 이르다 내다 말하다 멈추다 들다 치다 들리다 죽다 보내다 항복하다 오르다 여미다 여기다 보내다 청하다 하다 대적하다 나타나다 이끌다 울리다 쓰다 모으다 뛰어나다 승상되다 하다 하다 하다 떨치다 지키다 서다 움키다 머무르다 근거하다 서다 떨치다 하다 일어나다 끄다 항복하다 머물다 하다 말려들다 되다 보다 죽다 짜이다 하다 들어오다 따르다 덩달다 멋모르다 들뜨다 수습하다 밀려나다 가다 되돌아가다 못하다 데려가다 두다 모으다 안되다 놓치다 기다리다 숨기다 올라오다 거스르다 지키다 받다 말다 벗어나다 힘입다 내다 말다 에워싸이다 좌충우돌하다 덮치다 나타나다 숨다 달아나다 못하다 덮치다 휘몰다 타다 뒤쫓다 평온하다 하다 하다 되다 보다 
23,장료,마 허창 곳 화살 정봉에게 장료는 능통 대 자기 악진을 곁 장료는 말 손 사이 사방 장료는 강언덕 조 조 그틈을 장료는 살 활 거리 사이 말 두 장료는 수 이 곳 사환 장료는 허저와 사방 기세 처음 성 장료는 얼굴 들 군사 조 조 밖 때문 물 쪽 서문 장료는 고 그때 군마 한 함성 때 청룡도 장 관운 꼬나쥐고 창 장료는 길 관우에게 장료는 대비 채 유비 이때 뒤 그 군사 남 유비 그 내 말 장비 관우와 채 장비 평소 여포는 채 관우 유비 장료는 고 예 탓 나 정봉을 박차 말 장료가 말 장료가 쪽 조 조 진 보 마주 양군 앞장 기 천여 2 장료가 거느리공 이전 오른쪽 장료가 왼쪽 나 소리 포 연주 흘연 일 이전 겸손 어느때보다 장료가 을 말 성 도중 환성 장료가 군사 장료가 승세 한 맹렬 자 태사 칼 장료가 부아 손 박차 말 장료가 조 조 군사 약간 장료가 그때 황개에게로 미움 활시위 살 장료가 저 척 한 배 장료가 줄 거리 조 조 듯 그걸 장료가 장료가 묵돌을 우두머리 흉노 사이 들 졸개 기주 회복 기세 원상 군사 원상 장료가 말 장료가 부딪자 양군 당황 들 군사 고람 장합과 양쪽 장료가 허저와 들이 군사 장료가 허저와 함성 뒤 등 고람 장합과 해 다급 불리 시간 화살 고개 장료가 정신 일 말 말 관우를 장료가 이전 북 우금이 남 허저가 서 장료가 동 성문 군마 천 1 여포 뒤 한 보호 왕해를 허사 뒤 학맹이 앞장 장료가 뒤 장료가 장수 여포 이번 장패가 서쪽 군사 장료가 거리 동쪽 사방 정신 한 아뜩 조 조 장패가 오른쪽 장료가 장수 억포 왼쪽 리 하후돈을 장료가 쪽 여포 거 나 영채 으뜸 부선봉으로 악침을 아들 악진 선봉 장호를 아들 장료 조진은 밖 죽음 장료 것 무엇 땅바닥 능통 등뒤 장료 말 조휴는 명 조 조 죽음 모 에워싸여 기 천여 2 장료 백여 3 능통 대군 장료 곡리는 능통 이때 보 손 능통 수 군사 장료 기세 산 군사 코앞 군사 장료 사람 여몽에게 들 졸개 말 칼 장료 존에 부딪기도 창칼 번 몇 상대 장료 원상 원소 소문 거짓 들이 군사 장료 목 장료 말 말머리 끈 투구 투구 장료 화살 장수 여섯 둘 장패였는데 선고 자 화음땅사람으로 태산 다음 장료였고 문원이라 자 사람 마읍땅 안문 번 첫 ,크 뻔하 같 둥글 어지럽 크 작 급하 급하 괴롭 힘겹 크 없 못되 숨다 이르다 덧나다 맞다 맞다 내보내다 지다 뒤쫓다 말다 보다 쫓기다 흩어지다 내리다 구하다 타다 먹이다 꺼내다 보다 뒤따르다 이르다 흩어지다 잊다 나다 맞다 말다 사로잡히다 못하다 달아나다 나타나다 떼다 하다 어우러지다 휘두르다 꼬나쥐다 하다 가로막다 길다 떠받치다 맞다 내다 말다 들다 맡다 미워하다 쓸다 못하다 맞다 나가다 달리다 박차다 말다 나오다 말다 치다 지다 덮치다 앞장서다 이끌다 그러다 뛰쳐나오다 거느리다 이르다 하다 겸손하다 들다 떨어지다 달려오다 구하다 덮치다 타다 어우러지다 하다 맞다 자르다 휘두르다 돋우다 나오다 달리다 박차다 말다 오다 뒤따르다 이끌다 뒤떨어지다 쏘아붙이다 싣다 얹다 뽑다 하다 가다 모르다 어쩌다 멀다 권하다 깨다 가다 덮치다 소리치다 보다 묵다 하다 돌아가다 못하다 회복하다 죽이다 뒤쫓다 나오다 말다 부딪다 당황하다 나오다 나타나다 이끌다 하다 하다 불리다 하다 싸우다 맞받다 마지못하다 피하다 날아오다 숙이다 팔리다 뒤쫓다 말하다 나무라다 못하다 듣다 나오다 달리다 나오다 달리다 나오다 달리다 나오다 달리다 나오다 쏟아지다 열다 보호하다 왕하다 맡다 쫓다 나오다 달리다 나오다 달리다 이끌다 둘러보다 하다 살피다 놀리다 맡다 나오다 달리다 가다 금하다 싸우다 나가다 지키다 으뜸되다 삼다 지다 삼다 지다 내동댕이치다 떨치다 가다 달리다 말다 받다 말다 당하다 에워싸이다 기다 이끌다 맞서다 소리치다 보다 당하다 몰려오다 하다 뒤집다 다가오다 청하다 주다 구하다 보내다 흩어지다 떨어지다 굴러다 맞다 부딪다 물다 놀라다 믿다 전하다 들다 베다 떨어지다 돌리다 끊다 맞추다 거느리다 쓰다 자다 쓰다 자다 말다 물다 
24,정욱,"도위 전위 교위,허저와 이전,악진,여건,서황은 열 장군 하후돈,하후연,조홍,조인은 허도령을 낙양령,만총은 동소는 동평상,범성과 정욱은 조 조 정욱은 도움 간곡 조 조 책 중 정욱은 패도 조 조 벼슬살이 누구 정욱은 원소 유대 말 패망 의 찬 공손 한마디 정욱은 세력 찬의 공손 원소 그때 었다 있 사람들 것 충언을 한 적절 유대 생전 갈피 끼 틈바구니 원소 찬 공손 정욱은 뒤 나 성문 들 백성 현리 정욱은 때 데 수 정욱이 병서를 한가 들 장졸 내색 그레도 말 정욱이 을 군막 이 함 답답 조 조 정욱이 수 해도 공격 성 무리 왕탁 함케 들 백성 카 현령 정욱이 5 좌우 군사 계책 정욱 의논 폐립하는 천자 자신 말 정욱 덕분 기 정욱 ",크 차 차 없 격하 지나치 눈부시 되다 서다 지다 올리다 열다 열다 돌다 삼다 나서다 따르다 청하다 하다 올리다 까지다 읽다 찾아가다 들다 하다 손잡다 말하다 자르다 알리다 올리다 하다 잡다 끼다 치다 들이다 나오다 이끌다 하다 떠나가다 하다 들어오다 읽다 보다 뜨다 떨다 내색하다 말하다 들어오다 서성이다 못하다 이기다 말리다 일어나다 떨어뜨리다 공격하다 지키다 굳다 하다 하다 찾다 카다 나누다 따르다 립하다 깨닫다 듣다 
25,제갈량,위병 목 사자 글 한칼에 이 충성 재주 공명 제갈첨은 글 항복 뒤 위 저희 명 천 년 4 가화 3년이요 청룡 위 13년이요 건흥 촉한으로는 촉 것 나라 세 죽음 공명 조위 시드 신 공명 때문 자부심 재능 적 군사 비호세력 조정 나 사령관 야전군 위연은 쟁탈전 자리 후계자 제갈량 둘 것 빚 기질 반역 위연 안목 제갈공명 충돌 위연 양의 죽음 공명 일 전군 죽음 공명 상복 다음 어귀 잔 서천 안 장막 공명 듯 나 위연이 사람 강유 함성 밖 채 괴로움 걱정 공명 끝 지경 벌 힘 줄 계책 공명 장합이 거 통나무 돌 입구 골짜기 들 위병 장합을 빠져들어 계책 제갈공명 장합은 그때 수레 대 세 모습 공명 위 수레 것 수레 맨발 옷 사람 짚 칼 머리 수레 공명 대 한 수레 앞 그들 장하에 공명 목 식 들이 부사 후 기곡으로 군사 듯 보아 식 영 공명 수 조진과 사마 입장 적 전술 공명 것 수 판단 그것 두 정공법 이유 평가 것 대단찮은 재능 적 군사 공명 이 당황 말 공명 손례는 곽회와 의심 때문 한 죽음 아비 것 한 인색 인물평 공명 것 한 기술 역사 두 위 정통 가운데 삼국 지 수 당연 신하 진의 이 정통성 위 그 것 뜻 승리 공명 촉 그것 푼 한 진창 정도 번 한 이름 공명 것 왕쌍을 맹장 위 근처 채 왕쌍 기만 30 날랜 뒤 출발 중 군사 위연은 밀계를 공명 중 채 밤 그날 밀계를 공명 위연은 하편 빛 얼굴 공명 셈 말 일 계책 제갈공명 들이 자기 채 조진 군마 두갈래 이 기색 노한 얼굴 공명 말 이 눈물 낮고를 들 장졸 말 그같은 공명 곳 몸둘 감동 그같은 공명 아단은 줄 숲속 거기 수레 공명 시작 눈 짐작 공명 무렵 그믐 섣달 그해 서늘 간담 곽회는 조진과 낭패 계책 공명 껍죽대다가 계책 손길 공명 거기 그물 공명 셈 덫 공명 그 그때 가짜 꾀 공명 마찬가지 들 백성 길가 하후무가 가유는 미소 듯 듯 공명 장막 공명 하후무가 거기 손길 제갈공명 거 계책 공명 등갑군이 맹획은 채 공명 군사1만을 방패 칼 맹획은 거 계략 공명 맹획은 불찰 공명 일 아회남을 나와 동도 것 사람 공명 번 첫 가득 빛 얼굴 공명 해 엄중 때 위 공명 군 어림 좌우 가운데 한 은은 피리소리 북소리 보군 백 5 위연 거기 명 공명 일 묵인 조장 제갈공명 존재 공명 그 것 판단 것 한 외면 위급 관공 그 쪽 운명 관공 형주와 데 힘 한곳 통찰력 귀신 공명 전편 삼국지 태도 공명 죽음 관공 것 탄복 눈 공명 계책 위 장합 술 장비 수 영 군사 화 말 공명 수 이엄을 힘 황충은 줄 계책 공명 자신 장 시작 번 한 들 장졸 공명 기세 깨달았다 꾀 제갈공명 번 한 주유 말 짐작 속 공명 유비 그것 것 공명 기 가운데 형도영은 소식 공명 것 편 한 소식 공명 마음 한 초조 하구(夏D)로 군사 들 장수 자신 뒤 한 강하(江夏)를 유기 공자 유비 이때 것 자존심 특유 태도 공명 유비 것 볕보는 자신 전갈 무렵 되 못지 들 군사 이전 들 군사 쁩은 조련 공명 한 만 군사 중 백성 신야 공명 유비 ㅉ겨오고 리 20 용맹 갈 아들 제갈첨 이번 사찬을 등충과 등애가 거 제갈첨이란 아들 제갈공명이 사람 위 수레 줄 공명 죽 들 위병 그걸 일 년 254 이듬해 것 위주 조모 방 조 사가 사마 만 년 20 지 공명 년 253 것 위 강유 뒤 공명 세월 서력기원을 대 한 어색 해당 한가운데 년 232 공명 년 백 약 년 282 망 오 년 183 황건난이 시대 취급 연의가 삼국지 말 사람 날 오늘 결판 전 정면 공명 사람 두 사람 위연에게 밀계를 때 죽 공명 마대 한탄 지 내 칼 공명 그걸 상방곡(호로곡)이었다 설비 의 사마 마대 공명 일 들이 백성 들 군사 뒤 식 둘 나머지 들이 백성 그곳 하나 촉군이 논밭 그곳 공명 채 공명 강유 거 헛짚은 뒤 강유 군사 공명 것 법 둔갑 공명 구름 무렵 이 뜻 공명 타작 노성 보리 농 군사 3 공명 사이 수레 공명 대 한 수레 뒤 적병 공명 수레 바퀴 네 촉진 의 사마 곳 판 개울 가운데 강 쪽 산이요 쪽 곳 공명 세작이 때 의논 군사 공명 뒤 목벤 식 분명 그때 마음 위연을 공명 것 때문 용장 위연 촉 인재 그 것 그 이때 공명 말 씁쓸 공명 일 소용 후회 귀신 것 공명 식 위연과 소식 뜻밖 때 의논 계책 의 사마 마음 한 답답 공명 서촉으로 의 사마 이번 수 의미 붕괴 촉 붕괴 전력 촉 군사 공명 대응 적 효과 평범 넉넉 군량 길 공명 공명 식 대장 후주는 소식 공명 군사 왕쌍은 거 불길 채 자기 대 공명 단정 공명 위 수레 채 공명 몸 장 추 유성 왕쌍 말 얼굴 한 가득 근심 점괘 공명 층 한 공명 아단에게 뿐 공명 수레 기척 들 군사 강병 나 군사 대 공명 강유 나위 말 채비 대 공명 강유 것 강유 공명 경위 공명 강유 구절 한 것 계책 강유 공명 일 공명 강유 주 기록 짤막 것 때문 의심 태수 경위 제갈량에게로 강유 본문 정사 하나 그 과정 항복 강유 공명 부분 빛 연의에서 수 재능 한 비범 지은이 번 한 우리 연의에서 경위 강유 공명 공명 것 부채 깃털 학창 윤건에 사람 한 위 미소 듯 듯 공명 장막 공명 하후무가 기세 군마 떼 한 동쪽 성 머리 공명 공명 큰소리 맹획을 공명 공명 채 부채 깃털 도포 윤건에 사람 한 위 수레 시작 번 몇 대 공명 위연은 번 한 부채 공명 그걸 말 공명 장막 공명 대채 촉병 축융부인이 공명 것 수레 대 한 수레 명 수십 군사 앞 숲 병 만 수십 맹획이 때 공명 일 주어 전갈 거짓 사자 공명 태도 한 은근 만큼 배웅 맹획을 배 나 노수까지 공명 그것 공명 채 군사 사람 촉장 한 비롯 조운을 들 원수 동 3 밑 저 소식 해 진군 땅 자기 공명 이 거 무리 옹개 슬기 공명 귀 맹획도 왕 남만 번 두 번 두 대군 공명 그날 까닭 한 확인 마 것 두 생갈해 마음속 공명 항복 자리 것 한 이상 고정 들이 군사 옹개 잘못 들 졸개 고정 공명 것 공명 채 촉 길 날 나흘째 고정 옹개와 걸 겁 공명 한 대접 고기 술 끈 악환을 공명 경계 익주 대 공명 무렵 의논 고정 주포 말 대 공명 옹개는 물 밥지어 가지런히해 대오 인마는 공명 역력 모습 관공 그 공명 관공이었다 경쟁자 내부 공명 이래 유비 초당 남양 저 무리 단정 인물 눈치빠른 거 관공을 적 한 공명 땅 역할 곳 두 기반 천하통일 서천 형주와 공명 곳 형주와 상용 그 번 한 제갈공명이 주십시오」 바라건대 들이 군사 공명 거 중 조 조 바 공명 변환 리 깃발 공명 그걸 리 들이 군사 명 조 조 바 공명 결정 대 한 예측 공명 정말 공명 대 산꼭 때 갈땅질땅하고 이엄이 수 수 황충을 북 공명 있 중 말 유비 공명 수습 말 공명 줄 계교 들 자기 공명 그 그때 진문이 속 수레 공명 그걸 까닭 걱정 이루어겼는지 동맹 오(릇)와 손 조 조 날 지 공명 제갈공명이었다 유비 것 인정 지은이 연의 부분 전편 연 를 이야기 적 감동 삼고초려라는 기록 유비 공명 애 중원 번 아홉 기력 강유 산그늘 한밤중 거기 목숨 했으되 천자 힘 나 기산으로 번 여섯 공명 기록 정사 이름 공 앞 말 짐직이나 누구 계책 비단주머니 거 반역 서천 뒷날 위연을 공명 마음속 공명 거 주 뒤 기도 엿새째나 공명 그때 이 불빛 줄기 한 안 골짜기 입구 상방곡(호로곡) 위연에게 의 사마 위 기산 공명 농사 저희 나 뿐 도독께서 공명 마련 방도 수 거기 의 사마 공명 기산 공명 말 원망 군사 길잡이 기색 공명 골짜기 시작 지리 동서 위수 앞 기산 수레 공명 이 시작 의논 위남을 목베고 정문 공명 채 군사 징 공명 위 거 위병 좌우 정문 공명 정문 자리 공명 장막 공명 대채 기산 들 군사 공명 시작 적 구체 계책 자신 공명 공명 치하 상 들 군사 공명 성 영채 모퉁이 성 장수 강유 마충 마대 위연 안 노성 공명 들 위병 위 공명 관 옷 수레 맨발 옷 사람 짚 칼 머리 넷 스물 공명 채 기산에 군사 공명 위하로 들 군사 기산에 공명 이튿날 대비케 다음날 밀계를 관흥을 밀계를 무언가 강유 공명 이 사자 답 날 다음 말 들 장수 공명 전서 의의 사마 군령 번 한 진문에 목 공명 영채 조진 요화 관흥 오 반 오 한 복색 위 그 공명 촉병에게 천 5 투구 갑옷 그들 두 후군에게 들 위병 한 항복 공명 기 그걸 공명 산꼭대기 도박 요소 공명 좌우 요소 행운 우연 전쟁 다음 채 그걸 공명 것들을 거기 공명 치료 곳 거기 성도 장포를 사람 공명 말 여럿 공명 영채 기산에 기산에 기산으로 대 공명 건 뒤 야곡으로 군사 공명 치하 공 잔치 인마를 그 공명 의논 강유 나머지 한 답답 공명 생각 뿐 들 위병 들 군사 채 기산 공명 그때 말 강유 공명 공명 때문 발짝 한 중원 출사 번 두 공명 때문 나올까봐 거 구원병 학소가 성안 공명 사웅을 군사 천 3 그 공명 공명 광경 뜻밖 성 군 3 뒤 구름사다리 줄 준비 성안 공명 결실 양병 년 몇 공명 무렵 벌 스스로 마지막 공명 마무리 패배 가정 마 공명 그 말 공명 마음 정도 아단이 그 장막 공명 아단을 마대 뒤 채 호위 군사 말 명 서너 거문고 공명 위 수레 관 서평 만 5 군사 장수 세 그들 공명 거기 마대 채 자기 군사 뒤 공명 의논 상규성을 성 천수 마주앉아 강유 장막 공명 채 미끼 공명 강유 기성 공명 속 마준을 하후무와 하후무를 남 사람 공명 대 뜻 자기 일 두 수레 죄인 하후무는 상 장수 공명 하나 터럭 것 들 백성 들 군사 안심 들 백성 공명 남안성으로 땅 저 맹획은 거기 군 4 여개를 왕항과 공명 영창 개선군 언덕 남쪽 노수 대 공명 다음날 위로 넋 한 원통 번 한 노수로 제물 한 준비 들 장수 좌우 공명 목 공명 제문 동궐이 말 심경 경위 그간 얼굴 한 씁쓸 들 장수 채 공명 들 토박이 그곳 여개와 공명 채 위연으로 영 공명 거 맹획이 공명 맹획이 차 은갱동을 수 은갱동을 본거지 맹획 힘 공명 바람 적진 대 징 북 그걸 공명 상 들 장졸 공이 들 보물 한 진기 거기 공명 성 삼강 순식간 채 군사 공명 나 밖 채 수레 말 마리 공명 말 것 맹획이 채 가로 언덕 북쪽 강 문 채 다리 공명 다리 대나무 곳 강폭 그걸 하류 공명 물 그루 수십 대 들이 군사 산 만 3 군사 공명 말 여개 웃음 손가락질 맹획을 중 공명 해 해 위로 하나 하나 들 군사 한 항복 공명 들 만병 뒤 공명 이때 마대 백 6 5 장사 길잡이 토박이 공명 말 끈 그 공명 채비 맹획을 공명 그때 위연을 조운과 공명 말 길 세 우너수가 동 3 오랑캐 의논 앞길 들 장수 채 공명 이때 군 마 감탄 공명 곳 두 군사 고정 군사 옹개 공명 내 복병 그 정말러 길 한 만 그 위연에게 공명 내 군사 사흘 웬일 공명 선봉 관색을 편 한 소식 조정 해 탄식 공명 마음 내 군사 동오로 말 자신 선주 공명 여지 의심 것 냉담 의외 성 위험 그 최후 한 참혹 관공이 공명 적 결론 뜻 의식 관공을 그 그 그것 분기 장수들ㅇ르 관공을 때 한 중요 공명 흔적 쪽 공명 등뒤 관공 공명 것 수 상 전략 그 조 조 장 관운 명목 위해 서천 조 조 공명 유비 사람 한 비롯 법정 말 공명 기다리시오」 들이 군사 조 조 거 이 화톳불 등불 영채 조 조 공명 무언가 산 공명 조운을 조운을 마 영채 공명 한 작정 실마리 거기 하나 토산 상류 수 공명 재촉 뱃길 형주로 공명 유비 적장 뒤 뭍길로 말 관우가 것 현덕과 공명 이때 공명 공명 위 빼들고 칼 정봉은 사람 곁 누구 공명 이상 군사 궁금 경과 한 자세 연결 동오와 영 신야 군사 들 장수 공명 셈 배 두 군사력 유비 동안 달 몇 공명 조련 저녁 아침 그 공명 중 뒤 죽 제갈량이 빛 때문 것 조카 제갈량 위나라를 조카 집안 제갈량 사람 남양 낭야군 갈탄 모양 수 줄 그 저자 연의 미화 그 세력다툼 위연과 신화 제갈량 까닭 새 하룻밤 들이 장졸 위연이 양의 명분 덕분 비호세력 조정 유언 제갈량 쟁탈전 자리 후계자 제갈량 둘 것 빚 기질 반역 위연 안목 제갈공명 충돌 위연 양의 권력투쟁 한 심각 내부 죽 제갈량이 것 사건 소도구 신화 제갈량 것 밀꼐니 비단주머니 대채 제갈량 노수를 명 백여 병 만 것들을 따위 물소뿔 상아 조개껍질 보배 구슬 황금 맹우 그것 것 해석 확보 우위 제갈량 이때 것 다툼 서열 관우 제갈량과 사건 역할 제갈량 것 번 중 뒤 죽 제갈량이 빛 때문 것 조카 제갈량 위나라를 권력투쟁 한 심각 내부 죽 제갈량이 것 사건 소도구 신화 제갈량 것 밀꼐니 비단주머니 수 힘 해 침범 우리땅 대 '제갈량이 것 강가 이장 서천 제갈량이 인상 관우가 함정 제갈량이 사건 것 굴복 기회 언제 제갈량으로서는 수 고깝지 대장부 의리 관우가 차 서열 다음 유비 순식간 서생이 제갈량이란 자 2 저 인정 자타 진영 유비 전 제갈량이 관우는 사실 이야기 거의 활약 연의에 것 한 저항 조 조 유비 해 설득 손 제갈량이 채 서쪽 교 장판 내 엄두 다리 들 장수 조 조 한 짐작 같다-그렇게 수작 우리들 계교 제갈량이 중 위연을 진북장군 마대 아우 마 장군 표기 서천 태자 제갈량은 승상 때문 것 놓아보내리란 조 조 관우가 것 않았다 수 조 조 제갈량은 ,없 없 높 없 길 귀하 값지 좋 없 거세 짙 고깝 새파랗 같 응하다 돌아가다 거두다 들어가다 빼앗다 마주앉다 걷다 돌아오다 던지다 때맞추다 달리다 말다 데려오다 무르다 갇히다 보내다 되다 뜻하다 가두다 싣다 내리다 건드리다 들어가다 보내다 돌리다 따라오다 지키다 남기다 이르다 이르다 이끌다 위로하다 원통하다 하다 넣다 던지다 준비하다 울다 놓다 마치다 주다 말하다 하다 돌아오다 물다 부르다 듣다 지키다 맡다 내리다 알다 달아나다 보이다 하다 빼앗다 보다 들이다 쓸다 울리다 보다 내리다 거두다 하다 빼앗다 돌아가다 물리다 보다 나가다 오르다 끄다 들다 오다 세우다 길다 삼다 놓다 건지다 보내다 내리다 뜨다 찌다 보내다 뽑다 물다 섞어다 끼치다 위로하다 항복하다 달래다 남기다 보내다 뽑다 가리다 삼다 들다 달래다 풀다 묶다 갖추다 맞다 불러들이다 들다 들어오다 나누다 의논하다 모으다 가다 데리다 삼다 속다 말다 감탄하다 가두다 나누다 사로잡다 덮치다 내다 오다 하다 살피다 하다 오다 잇달다 떠나다 데리다 삼다 알리다 탄식하다 듣다 하다 대하다 떨어지다 하다 바라지다 맞다 참혹하다 되다 들먹이다 때다 중요하다 애쓰다 주다 지켜다 어쩌다 치다 위하다 하다 넘보다 오다 권하다 찾아가다 하다 놓다 말하다 알다 쉬다 보다 켜지다 엿보다 오르다 보내다 떠나다 이르다 부르다 돌아오다 작정하다 풀다 눈여기다 재촉하다 가다 따돌리다 쫓다 들다 돌아오다 기꺼워하다 더불다 보이다 찾다 올라가다 빼들다 하다 되다 움직이다 하다 자세하다 되다 맺다 내리다 돌아오다 거두다 늘리다 쉬다 까지다 되다 맡다 죽다 보다 섬기다 타다 주다 보다 미화하다 위하다 흩어지다 이끌다 돌아가다 다투다 놓다 빚다 하다 죽다 보여주다 위하다 하다 밀다 찾아가다 건너다 싸다 뿔다 해석하다 확보되다 보다 빚어지다 더듬다 되다 맡다 죽다 보다 섬기다 하다 죽다 보여주다 위하다 하다 밀다 맞서다 합치다 오다 침범하다 이끌다 되다 타오르다 붙이다 옮기다 빠지다 살피다 하다 엿보다 하다 버리다 하다 다음가다 나타나다 인정하다 하다 나타나다 꾸미다 나오다 빼다 하다 저항하다 설득하다 내리다 건너다 다리다 짐작하다 꾀어들다 펼치다 지키다 돕다 더불다 지키다 돌보다 알다 보내다 놓다 끝내다 다하다 
26,제갈근,귀 손 육 독 대도 오 소식 ㅉ겨갔다는 면구 제갈근이 제갈근이었다 것 병 오 그때 ,들어가다 지다 이끌다 오다 
27,조조,"무 조 조 그용맹으로 손아귀 한 조 조 일 것 앞길 자신 함 자립 배신 조 조 여포가 말 아시 수 사람됨 조 조 사람됨 여포 것 유비 그물 조 조 수 남문 진궁은 들 군사 조 조 밖 때문 물 쪽 서문 장료는 고 그때 덩어리져 성문 의심 거 여포가 들 군사 조 조 거 무기 생명 장수 큰소리 들 군사 조 조 위 아래 성 들이 군사 조 조 그걸 한낮 공격 조 조 시작 새벽 들 군사 조 조 개미떼 나 위 성벽 두 위 함성 들이 군사 조 조 여포는 잠 아무것 질풍 채 유비 길목 그 성 틈 손 들이 군사 조 조 일 뜻밖 때문 길 앞 장비 조조의대군과 뒤 힘 군사 조 조 여포를 오인 군사 조 조 저희편을 양쪽 속 어둠 참 구원 소패를 등 말 소패를 대군 조 조 첫 군사 조 조 총공격 고 승세 채 자신 말머리 하기 호응 들 군사 조 조 줄 대군 조 조 것 군사 고 안 성 유비 군사 험지 매복 들이 군사 조 조 말 유표 수 거짓 자체 정성 눈물 조 조 대 패전 머릿수 들 장졸 조 조 그때 성 해 수습 졸개 뒤 해 추격 군사 조 조 때 날 장수 내 대 조 조 때 군사 장수 리 세력 그러잖아도 진 군사 양편 대군 조 조 극치 통제 군중 술 용인 조 조 한 절묘 속임수 간드러진 조 조 대신 목 머리칼 칼 호령 사람 한 들이 백성 길목 군사 정도 이삭 손 말 때 보리밭 명 조 조 들 장졸 이 칭송 들 백성 말 조 조 수 하나 독려 조 조 돌 화살 소나기 화살 들 군사 조 조 개미떼 달포 소득 불구 공격 파도 조 조 성 만큼 거성 원술 원래 양 곡식 17 것 자신 군사 조 조 대패 군사 원술 기세 군사 조 조 뒤 마음 거 한 대장 들 자기 들 군사 원술 집어먹고 겁 세력 조 조 예봉 조 조 만 5 군사 선봉 교유 대장 원술에게로 소문 군사 조 조 한마디 말 조 조 일 양봉 한섬 유비 생각 손잡기 조 조 원술을 군세 조 조 거기 말 조 조 여포는 군막 조 조 장창을 군마 만큼 수 그 절 대권 차 사람 조 조 조정 벼슬 재주 공과 들 장졸 나머지 밖 뜻 조 조 일 상벌 등 열후 명 세 열 이하 동승 수리 부고 성곽 세력 막 앞길 조 조 한섬 양봉 조 조 수 몸 양봉 덕분 벌 혼전 들 군사 조 조 구원 군사 한섬 이때 것 반발 등장 조 조 의미 가지 입성 낙양 조 조 원술은 안목 적 정치 야심 해 몰두 확보 근거 자기 찬 공손 해 안주 조금씩 성고에 거듭 뿐 야심 제패 천하 제후 반발 에로 뜻밖 사건 영향 대세 천하 입성 낙양 조 조 손안 조 조 절 대권 조정 의 조 조 층 한 그때 중 들 졸개 남 그 곳 한 만 추격 조 조 철기 백 3 조 조 마 자기편 이별 섬 이 명 비 아재 심경 조 조 한 솔직 그 유비 것 이 배 몇 여포보다 눈 조 조 여포였건만 끝 참패 번 아래 세력 조 조 대 일 산동 당할길이 기세 조 조 듯 대 만 형제 장 장막 성안 들이 장수 조 조 말 앞장 눈 여포 나왔 들이 복병 조 조 뒤 둑 포향이 한소리 전 얼마 이상 그곳 이번 군사 채 조 조 본진 조 조 들 장졸 수하 뒤 불 사방 명 여포는 겁 숲 여포는 골탕 꾀 조 조 여러번 여포에게 일 듯 나 세작들이 거 보리 판 들이 군사 조 조 장막 여포와 성안 때 이르럿을 정도 들이 군사 조 조 았다 않 설란을 여건 장수 조 조 이번 맞싸우러 군사 대 봉 이 설란과 수장 대 조 조 뜻 뒤 것 산길 갈파 하의 전위 장수 조 조 이치 것 손 조 조 비단 금과 곡식 두 해 노략질 그 시체 판 순식간 대군 조 조 떼 도적 무리 군사 조 조 황소 하의 우두머리 황건 무렵 곳 채 조 조 저 반쯤 마릉산을 군사 여포 생각 을 세력 조 조 기회 딴 수 말 여포인지라 것 처지 조 조 간밤 투구 조 조 화극 조 조 났 생각 여포는 군사 조 조 후성이 고 따라붙은 뒤 얼 조 조 차례 한 나 조성 학맹과 이번 전 북문 리 들이 군사 조 조 혼란 치솟았 불길 성문 흘연히 소리 방포 안 주아 전 채 말 조 조 손짓 군사 조 조 적교도 성문 이 특징 요체 성공 적 군사 조 조 기백 맹장 처지 뒤 때 앞장 때 조 조 중 조 조 혼란 사람 몇 한 군사 성안 그때 있었t 고 후 후성이 전군 군사 장수 두 성문 줄 군사 조 조 일 않 여포가 정말 것 한 마음 조 조 거기 판 여포에게 조 조 군사 조 조 대 조 조 군사 여포 맙지 수 수습 군사 뒤 리 30 조 조 군사 5 여포 힘 군사 조 조 리 장수 생각 막 들 군사 조 조 물결 병마 천 1 현덕 뒤 창 길 뒤 장비 우금이었다 장수 조 조 것 말고삐를 일각 진영 조 조 성 군마 천 1 장비 유비 것 마무리 대비 그같은 것 본진 들 자기 승세 대군 조 조 유비 잘못 몸놀림 정도 분간 덩이 한 그림자 사람 그림자 창 듯 나 위 말 창 갈래 낭근 전위 명 조 조 덕분 선심 동탁 식 하나 놈 있다는걸 손안 조 조 사실상 동군 일이요 관동 세력 조정 이왕 추천 태수 동군 조 조 뒤 공 조 조 표 자 원소 열중 힘 뒤 기주 해 위협 한복 아래 지배 조 조 사실상 동군 해지 평온 동군 침범 무리 계고 우독과 착잡 심경 조 조 목숨 시작 여울 등 뒤 갑옷 조 조 말 조 조 빼들고 칼 뒤 한 몸 갑옷 투구 조홍은 땅 몸 조 조 비명 말 조 조 창 옆구리 양 것 창 말 조 조 둘 적병 풀숲 어깼죽지에 조 조 살 소 살 시위 들이 군사 조 조 하루 시작 수 군사 조 조 여포가 뒤 말머리 하후돈이 감당 여포를 거기 군사 조 조 해 협공 군사 조 조 군마 한 이각이 왼편 여포군 전 끝 구원 왕래 양쪽 들 군사 조 조 공격 관 사수 들 제후 9 나머지 숭전보에 조 조 한 유비 주전은뜻 황보숭과 태반 도적 대단 전 조 조 빼쳐달아났지만 몸 형제 장량 장보 이 마보군 천 5 조 조 것 패잔병 장량 탓 일러바친 조숭에게 형 하나 하나 행동거지 조 조 숙부 것 조모 방 조 증손뻘인 곽태후와 손부인 그 고아 과부 속 뒤 년 40 들이 천자 태후들과 후한 고아느 과부 남 속 조 조 이 말 시인 공 편입 문학 정통 형태도 시 악부 고악부를 노래 한 소박 민간 조 조 악부 시 탓 인기 조 조 왜곡 뒷사람 흩어지고(거기에는 세월 애석 것 때 적벽 때 관도 것 한 동원 군사 나 진두에 조 조 점 전투 소규모 특징 조 조 병략가로소 다음 것 재능 임기응변 말 허허실실로 요체 군사 조 조 사람들 꿈 눈 비명 소리 한 조 조 칼 월 10 것 곤경 관공이 년 24 5월(건안 것 장안 조 조 원수 하후연 조 조 장 관운 명목 위해 서천 조 조 공명 들 적장 장막 언덕 관공은 대 조 조 물 강의 만고 이름 누구 귀신 관공 평지 번성 양양 하늘 북소리 한밤중 말 보질 손 데 한 꺼림칙 대 조 조 해 항복 말 중 조 조 들 태수 그곳 한 비롯 신탐을 위연이 때 고비 한 조 조 들이 군사 공명 거 중 조 조 언덕 조 조 말허리 뽑아들더니 버리고칼을 활 위연이 그걸 군마 한 아래 언덕 때 형세 언덕 조 조 방덕을 조 조 다행 자신 양수 것 양수 조 조 해 변명 조 조 탓 그걸 양수 것 일생 조 조 사람 조 조 나위 말 생각 조비보다 조식 일 조 조 것 끼 양수 일 해 비교 능력 조식 조비와 조 조 다음 말 대 자기 사람 조 조 불 눈 광주리 문 사람 본낸 조 조 하후돈이 때 생각 수저 생각 조 조 때 야곡계구에 군마 세 촉 조 조 유봉을 서황이 조 조 욕설 유비 조 조 그곳 대 조 조 들 군사 모양 조 조 조 조 둘 이 조 조 광경 곳 것 서황을 조 조 전갈 뻔 대 위황이 경기 일 하후돈을 말 관 조 조 조 조 대 배 강언덕 승세 손 육 군사 조 조 을 발 조 조 눈앞 손 뒤 배 성 주태와 손 강가 조 조 한창 50합이 장수 두 조 조 중군 조 조 채 고함소리 뽑아젖히고 녹각 용사 명 백 한 비롯 감녕을 내보냈닿 밖 성 군사 장 아우 장 말 대 조 조 위 언덕 조 조 을 말 산굽이 군데 한 허저를 방덕이 거짓 전 합 몇 대 조 조 하후돈은 영 조 조 날 것 을 길 거 조 조 양 양앙과 나 성 조 조 기색 거 그곳 조 조 손 손 눈억겨보니 조 조 영 몸 조 조 채 오병들이 가운데 불길 여기저기 방 조 조 말 말머리 무렵 펄 생각 몸 안전 조 조 합 서른 장수 두 주태 한 허저는 휘ㅗ아 말 주태가 한 장수 동오 한소리 때 말머리 조 조 쪽 조 조 배 싸움 동오 포향이 한소리 위 강 신 조 조 것 례 뚜껑을봉한 친필 조 조 탄식이었 걱정 것 앞 조 조 거침 러 아울 함 후회 것 힘 조 조 지난날 순욱은 스문을 구석 위공에다 조 조 물건 손 운 조 장판 당양 명검으로 천하 자랑 조 조 나머지 허창 근거지 사람 둘 한 때 원정 조 조 으로 손가락질 들 군사 장송을 조 조 뒤 만 를 위용 부대 조 조 러웠다 다행스 장송을 조 조 양수 었다 영 두려워하는가를 마 조 조 조 조 말머리 조 조 중 마 하후연이 그때 리 조 조 말 체브며 조 조 뒤 언덕 조 조 때 말 어려움 한가운데 강물 조 조 들이 장수 건녔던 물 덕분 機智 기 정비 용맹 허저 것 수 추격 마 조 조 물 하나씩 몰던군사들이 배 조 조 때 날 시윗소리가 마 화살 말안장 왼손 허저는 걱정 다칠까봐 조 조 군사 지키고는있엇으나 채 힘 죽 조인 채 조 조 창 마 나무 조 조 지경 말채찍 조 조 소리 얼굴 조 조 통 글한 자신 조 조 말 수 수 마 아니라조흥이었다 조 조 장수 마 앞 박차 말 줄 점고 군사 조조가스스로 마 영 조 조 라 을 말 화살 활 들이 무장 패 뚜렷 이 크고작은 번 몇 열 들 장졸 그곳 조 조 손 동안 시작 계책 조 조 저것 이것 들 장수 글 조 조 만 구절 유비 손 그곳 도 화용 조 조 주 본기 무제 조 조 것 행렬 앞 하나 군사 기분 한 암담 조 조 ㅉ기며 들이 군사 들 장수 이 체신 조 조 대답 채 웃음 여전 조 조 이상 조 조 점 지략 것 유리 적 절대 조 조 군세 말 조처 길 ㅉ겨올 조 조 화공 자기편 것 불길 위 강물 길 가닥 한 북쪽 것 조 조 불길 배 자신 배 부축 조 조 법도 조 조 진문을 길 배 싸움 번 세 북소리 수채 장비 내 군사 무장 한 단순 조 조 시작 바꽈고 서쪽 겁 듯 흘리 무엇 뭇장수들도 쁨내던 용맹 그때껏 이 말머리 조 조 큰소리 기세 장비 한 짐작 것 의심 조 조 이 점 정사(正史)에는 대목 수 조운이 활 조 조 일 까닭 가지 한 名劍 명검 한 만 자랑 조 조 말 참흑하게 채부인을 유종과 조 조 어디 기록 정사(正史) 토벌 황조 뜻 기반 강동 전 조 조 이 것 짐작 속마음 조 조 손 군사 조 조 조정 아들 대접 겉 사자 조 조 성안 들 군사 원담 기 군사 그때 조 조 진림이었다 조 조 사람 한 들이 군사 창칼 성안 조 조 자신 서산 원상 것 힘 조 조 데 해 항복 조 조 장의가 마연과 대적 원상 것 조 조 풍지박산 군사 저곡 군사 조 조 그걸 조 조 거 내 말 윤해가 대적 나 군사 경계 윤해는 모성 군사 질풍 조 조 군 구원 천 5 양쪽 도중 대 조 조 이전 악진과 판단 조 조 생각 짓 그곳 대 자신 허장성세로 조 조 그때 대 한 걱정 조 조 장 관운 수염 삼각 청룡도 장수 조 조 목 들 군사 조 조 그때 바 조 조 그 사실 꼴 야습 선봉 허저가 중군 조 조 사환 부장 서황 조 조 것 군사 것 군사 조 조 곁 원소 만 10 데 절반 사이 하나 공격 한 급속 조 조 이 허유는 우쭐해진 입장 한 유리 원소 조 조 사이 하룻밤 계책 자신 군심이 조 조 군량 오소 투항 조 조 고람이 장합과 데 허유가 쪽 원소 들이 군사 조 조 때문 애구가 조 조 것 관도 원소 채찍 조 조 모습 조 조 위 말 문기가 진 쪽 조 조 몸 대꾸 조 조 장 관운 한 허락 전 조 조 위험 장수 두 들 장수 자기 문추를 조 조 위 언덕 들 군사 문추 조 조 입 줄 뜻 말 조 조 순유는 눈짓 순유에게 조 조 본진 군사 만족 것 그날 안량 거두거 군사 징 조 조 허락 출진을 데 조 조 길 조 조 하비 야습 채 조의 길 좌우 장비 유비 짐작 줄 대비 조 조 조 조 여기 해 궁금 뒷소식 밀조 교묘 실 부인 것 열정 잔혹 조 조 무렵 어디있겠는가 이유 부당 형벌 죽음 적 일률 조 조 사회 당시 한 불가능 감시 통제 세력 적대 미비 조직 기 정보 데 일 들 가솔 그 사람 다섯 한 비롯 동승 조 조 정도 분간 그름 하나 혼란 분노 조 조 것 이상 습관 대응 적 정치 도전 적 문학 경멸 애한 함 무력 글 은연중 조 조 해 익숙 형식 원리 독기 정치 것 수 배경 적 감정 하나 한 예형을 조 조 다음 정도 시 그 위업 적 정치 한 달성 일생 조 조 평자 것 자리 조 조 허세 왕충이 뿐 탐지 소식 하북 수 조 조 기치 승상 뿐 조 조 형세 하북 채 중군 기 승상 조 조 생각 그 기강 나라 대 마음 저 조 조 형벌 한 혹독 고문 죄 죄 나 밖 눈 조 조 말 둘 통 한 글 조소 주령 딸려보낸 조 조 함 상주 조정 소식 유비 것 한 진 길목 원술이 군사 5 들 장수 딸려보낸 조 조 등 주령`노소 외 장비 관우와 탓 두 차 하나 대가 말 천자 말 조 조 것 거리 한 말 수 마다 천자 조 조 대 허저가 서황과 기별 조 조 등뒤 그때 기세 대 조 조 함성 한 전 채 말 칼 자랑 평소 허저는 조 조 말 아래 기 중군 조 조 손 유비 거 속 자신 조 조 거기 장수 한 판단 리 공격 적 적극 마당 한 합세 유표 조 조 태도 전갈 순욱 허도로부터 이튿날 허비 시간 한 귀중 감상 순수 조 조 것 감 복수 적개심 두려움 적 들이 군사 장수 것 모두 그들 분위기 감사 은연중 정성 한 애절 무명사졸들에게 장수 죽 전 년 1 새삼 조 조 사람 허허실실로 요체 계략 조 조 뒷날 짓쳐왔다 앞장 군사 한 씩씩 장수 등뒤 말머리 조 조 성 적 들 군사 장선을 뇌 장수 수하 자신 요청 것 줄 해 호응 뒤 글 유표 말 대 조 조 장수 앞 말 조 조 날아올라 마리 한 비둘기 가운데 밭 때 곁 보리밭 채 말 조 조 소식 허도로 뒤 대비 일 동쪽 조 조 둘 칼 조 조 시작 몸 자기 들 장졸 나 앞 조 조 정통 눈 말 하나 화살 마참 때 언덕 강 맞은편 조 조 말 대완에서 말 조 조 전위 목소리 옷 조 조 무엇 까닭 조 조 일 한 따위 찬 공손 조 조 서황을 만총은 영채 해 수습 군사 조 조 양봉 조 조 위 말 앞 들 복병 의논 한섬 양봉 말 곽사를 이각과 조 조 때문 부담 위험 이익 조 조 뿐 필요 유 관계 우호 조 조 성안 군사 승세 조 조 렵이었다 익응 보리 제군일대에는 하채한 조 조 때문 것 용서 일족 이 조 조 일 강압 여포 땅 생각 근거 조 조 연주 거기 대 조 조 전날 황건적 시 일 군 3 그때 조 조 영 조 조 거 대오 황건적 그렇잖아도 비 화살 대오 개떼 떼 여우 머릿수 적병 조 조 내용 숨 도착 본진 채 불 온몸 조 조 귀 여포 안 복양성 은 말 조 조 앙연히 조 조 렸다 드 문안 들이 장수 말 조 조 조 조 전 주위 고개 전위 적교에까지 그 장패가 서쪽 군사 장료가 거리 동쪽 사방 정신 한 아뜩 조 조 사람 씨 조 조 것 구원 군마 남 조 조 록 기울 해 하후돈이 본진 것 군사 여포 소식 전위 조 조 것 사지 조 조 그걸로 애송이 조 조 여포에게는 조 조 정욱은 도움 간곡 조 조 책 중 정욱은 패도 조 조 것 동군 조 조 구원 조 조 왕굉이 태수 동군 겁 이때 때문 무리 도적 혹산적)이란 것 동군 조 조 근거 의병 것 동군 곳 조 조 뒤 뿔쁠이 속 반목 불화 들이 제후 관동 호응 거기 군사 유표 을 말 의군 동탁 조 조 산동에서 조흥 음성 한 처량 조 조 마음 바람 조홍이었다 아우 사촌 정신 조 조 구덩이 죽 무렵 2 것 형양에 조 조 것 왕래 장 복양 원소 이 위 북부 뒤 효 가재 조 조 바 문무 인재 승상 오 권세 조 조 차 땅 한 웅재 찬 공손 장수 도겸 서량을 수 마 남정 장 장수 형양에 군사 유표 근거 파촉에 부자 유언 하량에서 원술은 원소 강남 손책은 손견 평정 동북 만 20 추장 그 조 조 것 군략가 3국을 조 조 데 것 것 것 원리 병법 대 적 배 몇 군사 조 조 격파 원소 극 진세를 배수 창청에서 리 적 대국 이 전투 소규모 조 조 때 원소 관도 법 결정 윤곽 사전 조 조 말 들 신하 새벽 조 조 곡성 밖 전 땅 조 조 거 헛것 자신 허공 칼 조 조 의원 영 좌우 대 날 조 조 번성 만총을 동오로 해 대접 사자 말 군사 동오가 조 조 것 주인 들 백성 오 권세 나라 조 조 「지금 수 마음 경조에 뒤 해 재촉 호령 들 군사 조 조 내 엄두 조 조 혼 번 한 대 한 화살 위연이 마음 군사 뒤 장사 시신 양수 대 조 조 떠메어져서 채 채 입 상처 작잖은 대 두 앞니 화살 조 조 말 몸 소리 외마디 조 조 얼굴 조 조 화살 무엇 거기 조 조 「역적 마 군사 조 조 한숨 위연을 마음 이 아뜩 조 조 질렀습니다」 불 영채 뒤 중군 「마초가 욕 조 조 위연은 항복 위연을 조 조 야곡계구로 군사 조 조 다음날 말 그 조 조 마음 하후돈을 수 둘 돈 하우 재주 한 경박 양수 조 조 양수 어쨌던 의심 그 것 해 기특 대답 물 조식 때 물 일 나라 일 군사 자신 조 조 조 조 말 것입니다」 한 대 양수 「그것은 말 조비를 조 조 날 단정 거짓말 조비를 조식 양수 조 조 것 비단 광주리 전날 부중 조비 사람 조 조 말 있습니다」 부중 왕자님 ㅊ째 바구니 질 오 「조가장 웃음 한 씁쓸 속 조 조 그걸 답답 조 조 걱정 아들 적 앞뒤 조 조 아뜩 눈앞 조 조 안전 그곳 양평관으로 치 뿌리 추결을 조 조 겁 그소리를 조 조 의심 승리 그러잖아도 수 외면 기세 생각 계책 그 조 조 내 결판 유비 댜군을 상처 허저 영 의자 조 조 조 조 그 허저가 목숨 도움 여럿 리 30 채 겁 풀 저 조 조 번 한 눈 사흘 소리 해 투항 유비 왕평이 조 조 남정 북산까지 조 조 이 조 조 겁 반격 뜻밖 조 조 장졸 여기 줄 안ㄹ을 대수 촉군이 그들 조 조 그곳 뒤 숲 곳 저만치 위 말 조 조 때 동관 군사 뒤 조휴에게는 중군 자신 하후돈이요 선봉 길 세 군사 조 조 대패 뜻밖 채 군사 만큼 수 헤아럴 조 조 기세 조 조 니 화살 들 군사 조 조 만 Io 육손이 뒤 를 군사 조 조 것 나 에움을 손 한괸 싸움터 강언덕 조 조 이때 조휴를 조 조 것 나 승부 내 내보 허저를 조 조 거 장 려갔다 달 파 군사 조 조 편지 허저를 거 방덕이 조 조 하후돈을 뒤 한 군사 한 장합에게 하후연과 조 조 다음날 말 가후 조 조 이 마음속 조 조 예 무 방덕 남정 군사 조 조 말 군사 양 하후연이 차 그곳 않 번 한 조 조 관 밤 내 군사 일 5o여 조 조 셈 허저 조 조 낭패 수 조 조 니 몰려오 대군 적 셋 핀 자기 사람 적 학문 만큼 도 비교 손 유비 조 조 사실 무시 부분 마음 조 조 글 단하 결 것 명공 바라건대 남 군사 치욕 지난번 이번 조 조 후 관내 그 공 양부 조 조 겨정이 조 조 이만저만 어려움 들 군사 진흙탕 채 강물 봄비 마음 허도로 군사 조 조 거기 생각했 속 조 조 채 허저 승리 증오 이번 조 조 지경 조 조 기만 50 성 조 조 말 산기슭 해 꿈속 나 채 기 50 조 조 말 후 울적 마음 조 조 번 두 채 몸 틈 조 조 어이 조 조 꼴 데 빠져들고 계략 동오 조 조 그때 맙을 감탄 자기 조 조 모습 한 당당 손 산언덕 명 백여 장졸 조 조 생자한 무렵 자리 벌 채 대군 압머변만뺀다 형세 적 랴선 진 구 유수 군사 려가지 조 조 말 강변 철갑군을 3 선봉 조흥 조 조 위로 넋 욱 시호 경후(경후)란 장례 순욱을 조 조 조 조 이 부음 발상 운 아들 순욱 마음 번 한 조 조 것 순욱에게 강남 조 조 대 뜻 식 조 조 기다리 장송을 그곳 호위병 만 s 조 조 허도로 군사 영 조 조 마 영 엄히 들 장수 조 조 소리 몸 마 걱정 잘못 하후연이 조 조 실수 마 허저가 나 조 조 대 언덕 땟목을 배 조 조 언덕 북쪽 공 조홍 조조는먼저 군막 자신 어우러겼다 간 마 조흥 구쌔 목숨 틈 조 조 달아난뒤였다 조 조 창날을 등걸 나무 마 뒤 창 마 쌔닫고 앞 배 말 정신 조 조 마 나 말 위세 조 조 생각 바람 한 변방 그것 패 말 군사 마 조 조 수 감탄 절 모습 마 조 조 들 군사 서량 나 아래 문기(門旗) 조 조 한 벌 진세를 동관으로 들 군사 채 세 조 조 마멀되자 채 겨를 생각 남쪽 다사 떨어졌다는말을 마 성 장안 조 조 것이외다 수 완수 용저 내 뿐 원수 수 달 해 함케 땅 하늘 장군 조 조 해 조 조 선친 채비 정벌 남쪽 었애자 마 거리 걱정 등뒤 조 조 황규를 부자 마 조 조 영 서창 하후연과 뒤 영을내린 무어 허저를 조홍과 조 조 귀뜀을 활솜씨가 들 무장 중 한 흡족 마음 조 조 모임 들 신하 과 군왕(君王) 사럽하니 아래 대 들 아치 벼슬 문무 올라앉고 위 대 조 조 거기 벌 잔치 대 동작 조 조 그때 허도에 조 조 려는 보 만나 허창 말 조 조 배치 일 뒤 자기 어귀 골짜기 조 조 정신 어려움 도 화용 조 조 뒤 조 조 내달았다 앞 등 말 번 한 뒤 조 조 말 틈 갑옷 조 조 조 조 그 허저였다 이전 장수 가슴 조 조 불씨 곡식 내려보내 마을 들 군사 조 조 수 작정 지어먹고 밥 그곳 기색 들이 군사 조 조 수 지경 한 위급 조 조 일 기치 것 군사 한 항복 생각 뒤ㅉ을 조 조 조운이 내달았다 방향 연기 불길 자신 뒤 영 조 조 말 조 조 마음 조 조 적벽에서 뒤 5 조 조 정신 내달았다 이릉쪽으로 해 채찍질 말 자신 적병 장합에게 조 조 이릉으로 말머리 번 한 조 조 거 들이 군사 자의 태사 손 육 구원병 쪽 합비 조 조 이때 부처 지옥 조 조 소리 마필 못 엄두 수습 들 군사 조 조 말 조 조 소리 강언덕 배 함 위급 일 조 조 줄 대망 자신 조 조 때 모습 리 배 황개 전 듯 얼 거 불길 연기 저 채 강언덕 조 조 줄 조 조 글 흡족 조 조 광경 조련 위 장대 곳 그 군사 들 장수 나머지 조 조 이 채모를 수전 정비 군사 조 조 채 군사 수 조 조 들이 군사 동오 중 뒤 전 舊津 한진 유비 조 조 강 밤 그날 장졸 것 거 한 등등 그 기세 장비 조 조 앞 말 조 조 소식 후군(後軍) 감탄 무예 옹맹과 조 조 적장 싸움터 꼭대기 경산 조 조 이때 치하 공 우금 상 조 조 일 조 조 우금이 뜻 강남 그때 조 조 한 짐작 결의 손 일 유성 해 수습 군사 조 조 한 벼슬 한 큼지막 평북장군이란 장연 조 조 열후 둘 조 조 그 나 성 군사 조 조 정돈케 군마 위로 안심 들 백성 남 안 남피성 군사 조 조 항복 들 군사 차례 곽도가 원담과 마음 이 조 조 남피성을 대 조 조 성 조 조 말 만 경과 일 조 조 장례 북쪽 성 충성 조 조 심배를 수 엄명 들 장졸 조 조 군사 기주 조 조 뒤 원상 만큼 이용 철저 함 다급 그같은 원상 조 조 길 군량 원상 덤불어 여상 여광 뒤 열후 그들 조 조 것 다음 말 바꿔쓰고 투구 조 조 것 서늘 가슴 화살 투구 사람 해 급습 채 원상 조 조 우려빼기는 성 말 듯 나 조 조 번 한 깃발 조 조 속 조 조 풍례를 조 조 공격 파 땅굴 토산 둘레 성 호령 군 3 조 조 조 조 하북도 기주 대 조 조 뒤 단 한 모성 군사 단 한 조 조 군 구원 원상 도중 군사 이전 악진과 조 조 서황을 조 조 왕소를 장수 원담이 자취 유비 군사 사방 조 조 이 군사 거 유비 조 조 것 계기 군량 이번 거 생각 세력 유비 조 조 당황 조 조 마구잡이 필요 뭐 계략 사이 장 관운 군사 조 조 쪽 여남 대 자신 뒤 한 허장성세를 것 대군 조 조 하상 약간 군사 조홍에게 조 조 마음 조 조 글 채 원소 허저를 자신 밤중 다음 한 매복 곳 대 10 조 조 초조 기분 기세 승승장구 조 조 상 들 군사 비단 금은보화 원소 조 조 채 원소 길 여덟 군사 자기 소리 신명 원상 조 조 야습 채 원소 고람으로 장합과 번 한 조 조 들 기치 무기 갑옷 들이 졸개 순우경 수 조 조 이 걱정 군 구원 원소 뜻 일 오소에서 조 조 조 조 손상 마 군량 적 들이 군사 장수 생각 원소 근거 그곳 허창 관도 조 조 시작 입장 한 불리 전 다가도록 월 9 조 조 군사 월 8 관도 참호 영채 군사 조 조 수 수습 들 군사 관도 조 조 리 수십 마 해 감탄 것 저편 편 이 조 조 솜씨 북 들 장졸 내 전령 조 조 그 조 조 원소 그것 약점 자기편 것 한 순요가 마음 조 조 글 이술 답 손 말 조 조 이 인마를 시 일 거 목 문추 관우가 위 흙언덕 조 조 근심 조 조 기세 장수 두 첫 기대 그 고개 조 조 의혹 관우 리 불길 다음 손 성 조 조 성 하비 명 수십 한 만 중 군사 한 항복 계책 조 조 궁궐 채 칼 조 조 노기 몰살 들 가솔 들 동지 동승 죽음 예형 조 조 것 풍격 기백 한 호연 창 번 한 싸움터 평생 조 조 성취 글 하나 중 것 수 으뜸 그 재능 방면 조 조 감독 모두 그들 관도 조인 뒤 한 둔병하게 하상 이전 우금과 청서를 장패를 조 조 이 채 두 거리 리 80 대군 원소 조 조 그 군사 사람 바 나라 어명 조 조 천자 대 핑계 천자 겉 궁궐 백 7 군사 자기 조 조 군사 우리 수레바퀴 도끼 앞발 버마재비 어려움 강 우리 오창에 조 조 우리 안 우리 겉 글 적 조 조 음모 화 마음 늑대 조 조 만 것 해골 보물 무덤 대 벼슬아치 교위 모금 발구중랑장이니 조 조 보화 금은 시신 을 관 무덤 관리 군사 조 조 천자 조언 말 권세 나라 조 조 상주 충성 잘못 귀 말 조정 자신 천자 신하 임금 거 조 조 것 한 임금 수리 종묘 자리 방백 목숨 조 조 사방 무리 여포 곳 북소리 징소리 곳 거처 동쪽 여포에게 땅 서주에서 조 조 때문 이 이 어진 짓 흉악 해 시작 밑천 조 조 군사 번 쉬 계략 조 조 화 구미 협행을 교활 덕 자손 내시 조 조 손 조 조 옥새는 전국 서구 그때 옥새를 벼슬 태수 고릉 서구 조 조 말머리 천자 무엄하게도 조 조 수 시 놀라움 마음속 조 조 간청 들 백성 바닷가 서주 청주와 뒤 벼슬 무리 손관 상 낭야 장패를 조 조 무리 손관 여포를 떼 도적 태산 뒤 상 그 조 조 수습하는일에 세력 남 여포 조 조 진궁을 여포와 천하 한 안정새켰다 들 백성 방 물줄기 기수 사수 물 성안 명 조 조 손 성 성 군사 층 한 조 조 그것 여포를 조서 조 조 대장군 수 조 조 말 후성 적토마 여포가 적 소관 조 조 이 적 대 조 조 꼴 내 하나 허저 넷 적장 몸조리 허도로 뒤 한 위로 그 곳 하후돈이 조 조 경과 첫 하후연으로부터 여포를 재촉 군사 채 한 중군 유비 조 조 다음 채 현 안중 기세 조 조 내 길 넙치 둘 내 기병 두 조 조 때 험지 들이 군사 장수 유표 것 책 양양 사기 편 한 동안 말 죽 들이 군사 이름 생전 조카 장수 그곳 조 조 행동 적 감상 셈 계략 허허실실 조 조 이번데도 것 그 리 수십 성 것 불 공지 조 조 성벽 쪽 들 장수 뒤 한 섶 장작 그곳 조 조 곳 한 만 공격 군데 한 조 조 만 사흘 성안 사다리 구름 ,또 삼 사다리 기대 성벽 풀더미 장작 호 들 군사 조 조 이 수 물 뿐 호 성 성 조 조 아래 남양성 해 추격 그 조 조 한 논의 죄 보리밭 자기 주부 행군 조 조 말 들 관리 각처 들이 농부 사람 조 조 그걸 장수 대 자신 허도를 장졸 순욱에게 조 조 처자 조 조 일 이 이마 거리 목 이각`곽사 목 성문 일족 이각 조 조 겨웠다 힘 대 조 조 성문 이풍은 명 재촉 조 조 다급 포위 리 들 장수 주장 추격 조 조 형성 연합세력 한 뒤 군사 여포 조 조 화살 곳 말 화살 오른팔 조 조 정신 채 뒤딸린 도보 조안민만 조카 조 조 이때 말 손 표정 진정 속 조 조 조 조 해 근심 결속 유비 여포와 내 일 두 동안 들 장수 들 모사 잔치 후당에다 조 조 뒤 큰일 천도 령 상서 시중 순욱으로는 무평후가 대장군 조 조 수 힘 데 면모 제도 뒤 허도로 어가 조 조 이 공격 승세 것 적군 조 조 헌제를 입궐 자신 주둔 군사 밖 성 낙양 조 조 곽사를 이각과 며칠 적병 보검 조 조 충공격을 군 이각 기세 조 조 이 의논 일 유비 서주 ㅇ고 거기 조 조 짓쳐 장도 기세 여포를 조 조 거 왔다간 여포가 조 조 뒤 여포가 보리 군사 조 조 군량 여포를 려들지 이번 여포라 오래잖은 지 복양성을 어이 성 밖 성 조 조 연주 조 조 연주 내 군사 지름길 말 조인 하후돈과 조 조 이 수 다음 일 유비 서주를 수 조 조 말 들 군사 목소리 조 조 뜻 황건적 조 조 영주 여남과 본거지 황건 조 조 굉정한 공격 진땅을 있엇다 힘 들 황건적 조 조 동안 봄바람 그 서주에 말 자신 발상 려 내 영 들 군사 조 조 이 수 채 자신 신 거 목숨 장수 두 조 조 수 분간 사방 화상 칼 머리 수염 조 조 바람 거 죽 손 대들보 땅 조 조 십러지면서 말 비명 여포를 채찍 말 얼굴 손 조 조 었다 없 수 남문 때문 들 군사 여포 길 떼 벌 나 밖 남문 후성을 고 전위 조 조 말머리 남문 조 조 채 만꺾인 군사 기분 한 이상 조 조 안 성 군사 것 조 조 아래 성 군사 조 조 무렵 초경 한 약속 씨 후성을 전위 조 조 속 조 조 대 있 밀서 살폈따 위 성벽 조 조 아래 성 말 조 조 가운데 위로 군도 그 상 전위 조 조 본진 고함소리 호 함성 등뒤 오레잖아 시작 길 본진 조 조 을 힘 주인 둘 하나씩 들이 장수 이곳저곳 이 뒤 안전 그쪽 시작 서쪽 두 그곳 조 조 이 지 기세 기세 조흥 여건 조 조 달 북쪽 경황 끝 조 조 한 당황 조 조 혼전 밤중 들 군사 고 군마 조 조 수 하나 채 여포 조 조 달 돌입 군사 사방 것 무섭 채 서쪽 여포 무렵 조 조 리 그것 의논 계책 여포를 들 장수 채 조 조 한 수 수습 군사 뒤 리 30 조 조 군사 5 여포 힘 군사 조 조 리 장수 것 사 여포 나 말 아래 문기 조 조 테세를 수 들 군사 채 어려움 조 조 복양에 덕분 장 병 풋나기 조 조 뿐 기세 머릿수 그 명분 것 대단 교위 티 서생 조 조 때 호령 천하 열 제후 아래 동탁 자신 하후돈을 조 조 확인 그걸 말 시흥이 가닥 한 조 조 술잔 그들 위로했 들 장졸 잔치 조 조 뒤 며칠 내황에서 추장 흉노 라 어부 흑산적을 셈 자리 확고 주인 땅 한 조 조 시작 을 세력 중심 동군 치소로 양 동무 조 조 들 군사 백요 복양에서 들 의병 휘하 조 조 주저 마음 힘 온몸 조 조 등 몸 조 조 말 모양 사람 하늘 조 조 처지 조 조 전 산굽이 목숨 한 소중 어깨 조 조 살 리 줄 서영이 말머리 조 조 내습 적 조 조 몸 한 피로 영 조 조 말머리 영 퇴군 조 조 것 대세 곽사를 조인 조 조 이각을 하후연을 조 조 원소 진영 조 조 원소 않 둔병시키지도 군사 본진 황보숭 조 조 뒤 적 가운데 들 도적 우왕좌왕 칼 조 조 힘 군사 거 하늘 불및이 하늘 골 장사 2 조 조 영천으로 밤 열중 활쏘기 한 단정 뒤 하나 옷 대 해 생각 조 조 때 조숭이 아버지 땅바닥 지 내 활 내 해 생각 꾀 한 조 조 웃음 한 쓸쓸 번 한 일 효과 험담 자신 이간 아버지 숙부 조 조 자신 시절 자유분방 조 조 회상 일 저 이 원소 무엇 열정 나 그때 NA",어둡 크 무섭 없 크 크 크 무겁 어렵 없 곱 갑작스럽 급하 크 맞다 달아나다 뒤딸리다 말하다 짓다 중얼거리다 기뻐하다 오다 근심하다 꺼내다 미루다 부르다 열다 정하다 따르다 삼다 되다 쏟다 갖추다 타다 보다 뵈다 입궐하다 돌아오다 쫓다 죽이다 뒤따르다 들다 빼다 명하다 대하다 꺾이다 의논하다 두다 미루다 멈추다 들어가다 짓치다 휘몰다 꺾다 알다 가다 오다 돌아가다 들이다 풀다 되다 달리다 쫓다 응하다 빼앗기다 나가다 돋우다 되다 되찾다 끝나다 달리다 따르다 미루다 꺾다 치다 어쩌다 듣다 꾸짖다 성나다 내려가다 보다 공격하다 지다 쏟다 겹치다 퍼뜨리다 죽다 돌아가다 신다 힘입다 구하다 되다 분간하다 입다 태우다 면하다 죽다 타다 밀다 불붙다 떨어지다 스치다 가리다 나가다 막다 길다 몰리다 버리다 나가다 쫓다 돌리다 향하다 꺾이다 못하다 보다 싸우다 들다 이상하다 들어가다 망설이다 가다 이끌다 앞장서다 되다 약속하다 잡다 내보내다 기뻐하다 쓰이다 살피다 이르다 여기다 들뜨다 삼다 주다 돌아가다 들리다 오다 시작하다 앗기다 돌아가다 얻다 찾아들다 흩어지다 못하다 안전하다 시작하다 달아나다 향하다 버리다 못하다 하다 싸우다 내보내다 향하다 지키다 당황하다 놀라다 말다 되다 싸우다 맞다 고다 이끌다 빼앗다 힘들이다 알다 흩어지다 보다 싸우다 이르다 저물다 알다 의논하다 꺾다 모으다 돌아오다 지다 하다 수습하다 쫓기다 죽이다 뒤쫓다 따르다 바라보다 이르다 나오다 몰다 말다 갖추다 세다 하다 쉬다 내리다 지나다 모이다 하다 지나다 못하다 벗다 호령하다 오르다 열다 청하다 시키다 확인하다 듣다 솟다 들다 위로하다 벌이다 돌아오다 쳐부수다 내다 돕다 되다 잡다 하다 하다 시작하다 가다 깨뜨리다 이끌다 앉다 먹다 달아나다 빠지다 보살피다 말다 떨어지다 하다 느끼다 짜개다 맞다 줄다 보내다 달아나다 돌리다 놀라다 쉬다 피로하다 내리다 달아나다 돌리다 내리다 군하다 맞다 보내다 맞다 보내다 물다 나무라다 베풀다 찾아오다 두다 끄다 찾다 깨뜨리다 소리치다 뛰어들다 우왕좌왕하다 뽑다 부치다 멈추다 보다 치솟다 불다 골다 달려가다 돕다 열중하다 하다 내다 털다 두다 생각하다 때다 오다 달리다 놀라다 쓰러지다 내던지다 생각하다 하다 하다 떠올리다 만들다 대하다 떠올리다 분방하다 회상하다 사로잡다 
28,하후돈,원훈이 창업 대왕 맹장이요 역전 「하후돈은 진 곳 리 5 성 하후돈은 허창 재변 불의 군 만 3 명 조 조 이때 거짓 전 합 몇 대 조 조 하후돈은 불구덩이 태반 군사 하후돈은 거기 뒤 하후돈을 말 지 것 호 한 부장 하후돈 열 데 조운을 의심 하후돈은 힘 하후돈은 거짓 조운은 번 서너 부딪기를 말 말 말머리 합 10 장 관운 하후돈은 욕설 관우에게 아래 성 들 졸개 하후돈은 이 때문 자리 몸 하후돈은 눈 왼쪽 소리 한 하후돈은 그걸 눈 남 화살 손 분노 소리 한 화살 왼눈에 하후돈은 방심 정신 데 고 고 하후돈은 군사 고 하후돈은 군사 선봉 군 조 조 군 3 번 한 북소리 중군 자신 오른쪽 조홍은 왼쪽 하후돈은 하후돈이 때 생각 수저 생각 조 조 뒤 조휴에게는 중군 자신 하후돈이요 선봉 길 세 군사 조 조 셋 두 열 해 점검 군사 남 하후돈이 기세 하나 하후돈이라 조홍과 범 용기 힘 그같은 들 군사 재간 나 군사 조홍이 안 채 줄 데 조인 편 하후돈이 왼편 급습 채 조 조 고람은 장합과 관공이 화 데 자기 하후돈이 시살해 길 하후돈이 이번 때 하비 숨 하후돈이 한참 앞 성 하비 천 5 군사 선봉 하후돈이 이번 것 인마를 한 하후연이 서북 하후돈이 동북 악진이 서남 사황이 동남 몸조리 허도로 뒤 한 위로 그 곳 하후돈이 조 조 경과 첫 하후연으로부터 것 왼눈을 하후돈이 공교 살 활 거 고 대장 저희 리 따위 고 하후돈이 맹장 말 끼 창 하후돈이 선봉장 쪽 조 조 것 구원 군마 남 조 조 록 기울 해 하후돈이 본진 시작 말머리 하후돈이 악진 기세 말 꼬나들고 방천화극을 박차 말 하후돈이 순식간 적병 기세 기 수십 하후연과 뒤 들 졸개 서영 기세 하후돈이 시작 수 군사 조 조 여포가 뒤 말머리 하후돈이 감당 여포를 거기 것 여포에 말 창 하후돈이 곁 조 조 형제 두 종신(鐘神) 종진 부장 하후돈 장수 두 불길 불길 들 군사 하후돈 박망파(澤댈澤)에서 전날 뒤 하후돈을 말 지 것 호 한 부장 하후돈 열 데 조운을 의심 하후돈은 군사 하후돈 조홍과 부대 마지막 매복 면 10 군마 하후돈 혀 참을성 하후돈 들 군사 양편 광경 아래 말 채 이마빡 창 한 하후돈 손발 아래 말 창 하후돈 전 어우르기도 3합을 적수 하후돈 교유 애초 래로 말 창 하후돈 서영은 전 말 번 몇 재간 창솜씨를 하후돈 패국을 여포와 절륜하여 무예 하후돈 ,어둡 같 같 없 좋 없 없 좋 뜨겁 거세 없 엄청나 없 멋지 되다 치다 지다 되다 지키다 이끌다 받다 쫓기다 지다 싸우다 달아나다 빠져나다 잃다 데리다 말리다 따라잡다 달리다 말다 짚이다 내다 열다 뒤쫓다 나다 달아나다 패하다 하다 나다 부딪다 달아나다 돌리다 견디다 싸우다 맞다 하다 퍼붓다 시키다 눕다 못하다 움직이다 잃다 외치다 하다 보다 남다 뽑다 듣다 지르다 하다 박히다 방심하다 팔리다 쫓다 들다 보내다 놓다 마주치다 내려오다 이끌다 되다 움직이다 밀다 이끌다 나가다 물다 들어오다 때다 잠기다 멈추다 맡다 거느리다 나아가다 나누다 세다 못하다 넘다 열다 점검하다 못하다 뒤따르다 하다 보다 견디다 맞다 나오다 이끌다 알다 비다 나오다 달리다 나오다 달리다 급습하다 외치다 치솟다 업신여기다 들어오다 끊다 길다 나타나다 하다 돌아가다 돌리다 숨다 맞서다 뒤돌아서다 달아나다 돋우다 나타나다 이끌다 되다 나오다 달리다 이끌다 떼다 지다 하다 돌아가다 위로하다 가다 눕다 들다 되다 맞히다 날리다 먹이다 보다 쫓기다 겁나다 이름나다 나오다 달리다 말다 끼다 이끌다 돌아오다 기울다 지키다 시작하다 달아나다 돌리다 지다 눌리다 나오다 달리다 말다 꼬나들다 나가다 달리다 박차다 말다 돕다 보다 말다 뒤따르다 짓밟다 시작하다 무너지다 걷잡다 짓밟다 따르다 도망치다 돌리다 못하다 해내다 달려들다 나오다 달리다 말다 들다 그러다 삼키다 파다 박다 말리다 따라잡다 달리다 말다 짚이다 내다 열다 뒤쫓다 이르다 내두르다 보다 죽다 떨어지다 뚫어지다 못하다 보다 막다 굳다 떨어지다 찔리다 어우르다 되다 떨어지다 찔리다 서다 엇갈리다 벌다 당하다 울리다 떨치다 어우러지다 절륜하다 하다 
29,허저,영 조비 업군으로 들 관속 낮 그 수레 그 허저는 임치 천 3 군사 날 허저는 이 아갔다 죽척 양떼 수 허저는 이 양떼 생각 그떻게 속 허저는 것 양 저 를 하나 뒷다리 애꾸눈 성문 말 들 군사 허저는 가운데 판 싸움 칼 허저는 명 시작 거짓 합 몇 허저는 마음 당부 조의 조 허저는 것 양 양앙과 장수 들 졸개 적 허저는 말머리 무렵 펄 생각 몸 안전 조 조 합 서른 장수 두 주태 한 허저는 수 막 창 칼 허저는 다음 한 칼질 디해 힘 마 말 채 자루 한 칼 맨몸 힘살 울근불근 지 갑주를 투구 허저는 채 자기편 말머리 탓 이 성미 저 패문인지 큰소리 쳐논 조 조 말 영채 자기편 허저는 마 의견 것 먼저랄 누구 기색 허저는 화살 말안장 왼손 허저는 걱정 다칠까봐 조 조 수 허저는 함성 뒤편 거기 군사 위 길 허저는 성 허저는 제갈량까지 유비 곳 소리 허저는 것 뒤진댔자 숲 서편 사이 뒤 허저는 작미파(鷗尾灰)로 해 재촉 군사 허저는 이 사실 조 조 목 허유 길 허저는 들 군사 여남은 적장 허저는 선봉 시작 군사 한 당황 허저는 선봉 질풍 백 5 군사 날랜 답 허저는 말 칼 자랑 평소 허저는 조 조 적수 소졸 무명 장 허저는 술 형제 정 정 조식 방문 허저가 부중 조식 사람 막 아무 짓쳐들자 안 성 그 한칼에 허저가 조 조 그 허저가 목숨 도움 여럿 것 둔갑 양 요술 늙은이 곳 좌자는 양떼 것 었는지 숨 활 허저가 방덕과 허저가 명 말 서황에게 꼬나잡으며 칼 허저가 줄 얼굴 둘 나 칼춤 허저가 등뒤 조 조 실수 마 허저가 나 조 조 창쌔가 와지끈하며 창대 용 허저가 마 칼 허저가위세 짓쳐들어왔다 하후연이 오른쪽 짓쳐들어오고 허저가 왼쪽 함성이일며 양쪽 장비 나 말 안장 허저가 군령 말문 않았다 조 조 달아나가를 잡아세워 말고삐를 허저가 장료와 한참 리 마음 지경 일 장수 허저가 장비 내 용기 허저가 그때 사람 한 때 숲 허저가 앞 겁 윤해도 윤해를 허저가 말 대답 큰소리 허저가 이 허저가 길 편 한 편 한 유비 조운과 박차 말 꼬놔들고 창 조운이 등뒤 유비 말 허저가 명 선봉 허저가 중군 조 조 말 칼 못참겠는지 허저가 곁 그때 허저가 서황과 데 길 군사 수 수 떼 메뚜기 화살 장 백 쇠뇌를 복병 허저가 서왕과 길 관공은 길 허저가 오른쪽 서황이 왼쪽 포향이 한소리 그때 이전 북 우금이 남 허저가 서 장료가 동 대 허저가 서황과 기별 조 조 등뒤 그때 내 넷 힘 허저가 장선을 수하 자기 장수 거 허저가 안장 목 이별 허저가 사람 두 말 듯 나 허저가 전 입 무어 성안 려 군사 틈 허저가 조 조 허저가 거 앞 진문 말머리 설란이 봉 이 내 결판 유비 댜군을 상처 허저 영 의자 조 조 분노 유비 대해 실수 허저 아래 말 칼 허저 전 부딪기도 합 몇 생각했 속 조 조 채 허저 급습 서량철기 들 군사 조 조 넋 허저 마 패기 가슴 허저 창 칼을피하며 마 만 참 모습 허저 언덕 조 조 덕분 機智 기 정비 용맹 허저 것 수 추격 마 조 조 리 목 허유 한칼을 허저 장수 내 아래 말 토막 두 한칼에 허저 번 한 손발 윤해는 무지개 한 휘황 창 조운 칼 허저 말 말 허저르 나 장수 우두머리 떼 도적 지 적 용맹 허저 굴러떨어졌다 아래 말 대도 허저 장 3합이 승낙 전 기분 무용 허저 말 말 허저 조 조 허저였다 때 보답 대접 조 조 ,없 크 약하 없 없 강하 어지럽 크 같 없 어렵 크 같 후하 막다 하다 디다 덤비다 뛰어오르다 들다 하다 드러나다 벗어던지다 돌아오다 돌리다 못하다 이기다 보다 싸우다 놀다 치다 나오다 타다 바꾸다 말다 돌아가다 맞추다 들다 막다 날아오다 잡다 되다 다치다 그만두다 오르다 하다 몰아가다 찾다 길다 나다 알아보다 미루다 보다 올리다 날다 놀라다 찾아내다 대다 지다 기울다 나아가다 쳐부수다 찾다 가다 덮치다 파다 재촉하다 고하다 찾아가다 들다 북돋우다 연달다 맡다 시작하다 달아나다 돌리다 당황하다 맡다 나가다 달리다 날래다 답하다 나아가다 달리다 말다 휘두르다 자랑하다 소리치다 떨어지다 곯다 더불다 막다 나서다 짓치다 베다 노하다 보다 돌아오다 건지다 받다 하다 부리다 보이다 하다 쏘다 듣다 어울리다 나가다 달리다 받다 말하다 꼬나잡다 가다 모르다 어쩌다 질리다 맞서다 마주치다 추다 서다 뒤엉키다 들다 말다 부러지다 쌔다 하다 잡아당기다 쓰다 베다 쳐들다 들어오다 짓치다 들어오다 짓치다 맞다 나가다 타다 내리다 막히다 멈추다 달아나다 세우다 잡다 달리다 달아나다 되다 맞다 내다 보이다 때다 이르다 달아나다 가로막다 그러다 맞서다 하다 덮치다 향하다 하다 나가다 박차다 말다 대답하다 뒤쫓다 앗다 길다 힘들이다 싸우다 나가다 박차다 말다 들다 놓다 꼬다 달리다 말다 받다 맡기다 나가다 달리다 말다 휘두르다 참다 달려들다 가다 돌리다 하다 다가들다 날아오다 뒤덮이다 쏘다 펼치다 나다 이끌다 하다 달아나다 앗다 길다 막다 돌아가다 나오다 달리다 나오다 달리다 서다 들리다 나오다 달리다 나오다 달리다 나오다 달리다 나오다 달리다 소리치다 달려들다 이끌다 보내다 받다 못하다 오다 싸우다 하다 내보내다 보다 나오다 달리다 걸다 자르다 뒤따르다 맞다 달리다 말다 날다 입다 달아나다 돌다 쫓다 청하다 나서다 보다 서다 덤비다 내다 하다 돌보다 내리다 대하다 몰아대다 보다 얕잡다 떨어지다 찍히다 부딪다 생각하다 돌아오다 받다 구하다 일다 찌르다 들다 오다 피하다 하다 보다 벗어나다 받다 받다 하다 떨어지다 굴러다 되다 보다 놀리다 뿜어내다 하다 어우러지다 치다 나오다 들다 떨어지다 굴러다 쪼개다 되다 맞붙다 승낙하다 보다 들어오다 기뻐하다 기다리다 못하다 받다 
30,황충,꼴 한가운데 적병 황충은 반장 앞 데 능통 뒤 한 편 주태요 왼편 황충은 짓두들겼다 병 오 반장 기세 황충은 나 말 오병앞에 황충은 박차 말 황충은 부장 장남 풍습 선봉 황충은 문서 진진 마량 유비 소식 황충은 조운과 승리 마 군량 북산 자 병기 거기 데 채 조 조 줄 정오 한 약정 황충은 처지 한 곤란 서황까지 황충은 어지간 장합만으로도 산 정군 뒤 들 군사 조 조 기세 황충은 하후연을 앞 군사 채 그날 황충은 청 황충은 지 감 장수 그런대로 호 한 말 황충은 호 한 하후상과 자신 안 성 마필 병기 군량 황충은맹달과 아래 관 가맹 군사 천 5 황충은 밤 그날 둘 이번 나 황충은 들 군사 영채 나뭇가지 수 황충은 영채 창칼 합씩 10 모두 그들 황충은 장수 두 산골짜기 황충은 평지 수 영 군사 화 말 공명 수 이엄을 힘 황충은 길 왼편 황충은 닉성까지 적 황충은 위연과 앞 채 냉포 추격 황충은 위연을 시위 화살 황충은 수 생각 은혜 자기 관우가 전날 작정 활 황충은 박차 말 것 관우가 황충은 관우와 적교를 기 수백 황충은 법 나 이름 (황충은 성 수 황충은 군사 징 구경 한참 성 적교를 듯 나 기 백 5 황충은 잘못 등 곳 황충이 선주 소문 병세 상처 화살 잦아들어 혈기 황충이 힘 거 화살 황충이 오병들은 리 30 한 황충이 소리 황충이 칼 전 합 몇 시작 말 기세 반장 데 힘 황충이 꼴 한 재촉 목숨 결과 것 거 황충이 해 대신 반장 장수 사적 가운데 부장 황충이 것 군마 한 황충이 쪽 포주 이번 조 조 군사 조운이 오른쪽 황충이 왼쪽 짓쳐들고 쪽 조 조 중군 깃발 유비 초조 돌아오가만을 황충이 채 자기편 조운은 이때 영 들 군사 황충이 벽력 한소리 황충이 아래 해가리개 데 해 수습 들 군사 황충이었다 것 수염 앞 그들 기세 황충이 말머리 하후연이 소리 하후연은 화살 황충이 즈음 이 진문에 자기편 하후상이 하후상을 말 빼들고 칼 황충이 의논 법정 황충이 수 하후상은 장합과 황충이 앞 뒤편 기세 하후덕을 불 더미 나뭇가지 풀 준비 황충이 곳 한 으슥 천탕산으로 대 황충이 것 한 시작 황충이 기세 촉군 그걸 족장 한칼에 황충이 틈 안장 말 틈 갑옷 사람 황충이 파수 대 마음 황충이 관 호 한 하후상과 이때 것 돈 뒤 장합 샛길 동안 장합과 황충이 황충과 짓쳐오고 황충이 등뒤 사 이엄이 우쭐해진 데 황충이 전날 나 말 황충이 쪽 유비 시작 말다리를 이번 들 군사 도끼 칼 황충이 곳 한 황충이었다 위연이 것 두들려 들 군사 뇌동 오란과 기별 황충이 쪽 유비 것 한 매복 낙성으로 길 냉포는 것 빼앗 채 냉포 황충이 것 채 등현 길 뒤 냉포를 승세 황충이 유비 뒤 황충 연 위 말 방통 형세 싸움터 으니 뒤쫓 냉포를 기세 황충이 황충이 뒤 위연이 호령 들 좌우 한현은 한현을 안 성 황충이 마음 활 황충이 관우는 시늉 관우를 번 한 할 황충이 계속 활 황충이 관우는 힘 줄 거짓 황충이 관우는 시작 거짓 황충이 이번 말 위풍 거 황충이 실수 황충이 한현은 구경 땀 손 위 성 꼭혔다 어깻죽지 황충 바람 화살 귀신 목 칼 황충 3합을 사적 황충 군사 풍습 수 반 오 짓쳐나갔다 앞 군사 황충 숨 나 토막 두 하후연은 칼 황충 어깨 머리 칼 칼 황충 그 하후연이 채 황충 군사 수천 하후상에게 하후연은 적수 황충 호 한 영채 황충 날 호 한 하후상과 롤 기세 영채 황충 두쫓아 리 20 말 황충 유비 알았 죄 공 자신 위연은 정신 황충 밤 전날 것 채 등현 길 뒤 냉포를 승세 황충이 유비 뒤 황충 연 위 말 방통 적수 황충 냉포는 버줬으나 합 아흡 여덟 때 목 황충 칼 도부수가 채 채 투구 화살 것 한 만 잎 버들 곳 발자국 백 솜씨 활 황충 때 적교에 말 황충 앞 듯 발 말 황충 소리 한 이상 뒤 등 ,희 크 없 드높 없 없 반갑 없 두렵 없 빠르 그렇 같 크 쫓다 가다 휘몰다 늦추다 구하다 놓다 당기다 얹다 빼다 생각하다 죽이다 쏘다 되돌다 달아나다 뒤쫓다 박차다 말다 모르다 달아나다 어울리다 넘어오다 이끌다 날다 늙다 돌아가다 하다 거두다 울리다 구경하다 나오다 뛰어넘다 거느리다 빌다 어루만지다 찾아가다 눕다 들다 가다 아물다 잦아들다 늙다 몰려들다 얻다 보다 맞다 병들다 오다 따라가다 꾸짖다 뒤쫓다 달아나다 끌다 싸우다 시작하다 달아나다 돌리다 말다 견디다 수그러들다 비하다 솟다 싸우다 말다 되다 재촉하다 얕잡다 늙다 나가다 달리다 대신하다 걸어오다 덮치다 이끌다 덮치다 하다 들다 짓치다 휘몰다 보다 기다리다 초조하다 돌아오다 내리다 덤벼들다 하다 수습하다 닫다 휘날리다 덮치다 타다 돌리다 놀라다 들다 노하다 돌아오다 맞다 날리다 이르다 맞다 오르다 빼들다 의논하다 부르다 놀라다 버티다 버티다 올라오다 나오다 쏟아지다 죽이다 지르다 불다 풀다 준비하다 이르다 안다 숨다 하다 시키다 시작하다 움직이다 보내다 보다 버리다 얹다 말다 걸치다 들이닥치다 자다 떨어지다 곯다 세우다 풀어지다 풀어지다 맞서다 치다 들이다 맞붙다 짜다 안다 짓치다 되돌아서다 달아나다 걸다 오다 이끌다 해지다 물러나다 돋우다 나오다 몰다 말다 시작하다 찍다 나타나다 이끌다 들다 늙다 쳐다보다 부수다 들리다 두다 오다 나타나다 받다 하다 하다 여기다 돌아가다 지나다 되다 빼앗다 뺏다 바꾸다 길다 쫓다 타다 받치다 따르다 뒤바뀌다 뒤쫓다 타다 권하다 물러나다 호령하다 가다 보다 돌아가다 알다 쏘다 쏘다 듣다 하다 비다 계속하다 뒤쫓다 모르다 비다 뒤쫓다 하다 모르다 줄다 달아나다 패하다 시작하다 달아나다 패하다 나오다 달리다 말다 보이다 떨치다 보다 나오다 되다 구경하다 쥐다 하다 가르다 되다 넘기다 돕다 뒤따라가다 이끌다 하다 오다 나가다 짓치다 이끌다 소리치다 거두다 숨다 나다 받다 걸치다 못하다 보다 뽑다 하다 맞다 들이치다 주다 듣다 휩쓸다 몰아붙이다 빼앗다 쫓다 두다 알다 서두르다 들다 받다 구하다 뺏다 바꾸다 길다 쫓다 타다 받치다 따르다 되다 하다 내려치다 듣다 물러나다 되돌아서다 꽂다 알다 만하다 꿰뚫다 떨어지다 때다 이르다 고꾸라지다 헛디디다 뒤돌아보다 들리다 이상하다 
31,주유,노기 두려움 주유 말 깨달았다 꾀 제갈공명 번 한 주유 말 작했다 시 말머리 거 일 주유 수 단념 주유 말 수레 유비 저만치 로웠으나 위태 곳 형주가 마음 말 맣게 형주를 마음 손부인에게 생활 로운 호화 유비 주유 한양군을 능통 파릉군을 감녕을 주유 시상 금창을 불길 사이 집안 두 이 생각 나름 마음속 중 상처 주유 말머리 주유 영 들 군사 차 성 주유 이 아래 남군성 주유 조홍과 한 뒤 아래 문기 주유 대군 조인 이릉을 주유 무렵 밤새 적 군사 만족 승리 주유 목숨 장흠은 바람 리 시 여러 목베려 장흠을 주유 주유 장흠이 내 군사 뒤 한 위로 군 3 내 고기 술 채 주유 소식 사람 손 오후 뒤 상 공 차 주유 공 바 들 장수 뭍 이때 주유 위함이었던고 누구 그 들 군사 주유 채화 두 장막 눈길 수채 조 조 주유 마음 거 군호 사람 두 한 주태와 기 징 북 걱정 낭패 적진 그 주유 눈길 한가운데 강 이 주유 한참 진용 군 조 조 위 들 장수 주유 그때 엄히 방비 영 채 허락 만 그들 주유 사람 주유 하기 요란 북소리 강북 전날 황개에게로 목소리 한 이상 주유 거기 장수 머리 몸 수 황개를 주유 무렵 하나 충성 그 일 손 아우 이번 손책이 터 강동에 손책을 아들 뒤 죽 손견이 싸움터 목숨 손견을 마음 대답 황개 주유 걱정 것 주워듣게 계책 중심 자기 황개까지 새 말 장 한동안 사이 들 군사 주유 밖 장막 손 장 주유 반쯤 술 거 첫 사람 오후(어侯) 먹아고 밥 술 채 군사 주유 경우 머릿수 대군 군사 조 조 유리 자기편 주유 배치 한 자세 들 장수 군령 주유 채(柰)를 구 삼강 삼강구(三江口)로 배 싸움 그날 전부(前部)선봉으로 황개를 한 뒤 영 기본 행군 그떻게 주유 군사 딴 이번 수습 정신 위에서애써 배 주유 들 군사 유비 위 언덕 때 매 몸 주유 병 오 위연이 편 군사 황충 왼편 때 주유 산골짜기 군사 칼 떼 한 북소리 차례 한 때 공명 유비 정신 주유 황개 왼쪽 주유 아래 기 자(帥字) 수 배 유비 었다 정봉이 서성 한 그곳 주유 장수 두 말 피 비명 한소리 주유 마상 전 적장 반장 영 조인 채찍 주유 안 장막 자신 들 장수 주유 정보 우금이 장수 조 조 안 성 거 말 주유 감탄 속 것 안 성 앞장 주유 진교는 두 성루 맞은편 조인 때 안 옹성 채찍질 엉덩이 말 주유 적 군사 날개 좌우 때 주유 것 병 오 사방 주태가 감녕과 뒤 등 데 군사 주유 힘 들 군사 조 조 사람 세 한 비롯 조흥 병 오 주유 아래 이릉성 속 들 군사 조 조 칼 주태는 하자 허락 주유 기록 정사 마찬가지 계도 고육 주유 황개와 기록 정사 마찬가지 계도 고육 주유 황개아 뿐 기록 실패 주유 장 주 한 인용 강표전에서 정사 것 장윤을 채모와 해 이용 장 주유 일 마지막 전 주유 강남 말 식 들 장수 주유 한참 시작 잔 흡겹게 사람들 술자리 흥 앞장 주유 하늘 불빛 서쪽 곳 주유 정도 수 사람 맞아죽는 돌 화살 조 조 해 재촉 배 주유 거기 후원 자 태사 대 유요 남쪽 구원 군사 주유 북쪽 함성 그때 것 은 들어맞 주유 때문 뒤ㅉ고 대군 주유 성처는 주유 목숨 정봉이 서성 서북쪽 안 성 하나 예상 주유 적 군사 조인 남군에 사람 말 군사 주유 우금은 조 조홍과 지체 명 주유 독 대도 어리둥절 정봉은 서성 적 좌우 척 다섯 배 주태는 한 허락 주유 생각 섬광 머릿속 주유 하자 발견 면모 황개 ,많 없 가깝 무겁 높 어렵 크 물샐틈없 크 바쁘 없 작 새롭 같 달아나다 돌리다 알다 틀리다 단념하다 뒤쫓다 보이다 못하다 놓다 듣다 지내다 잊다 까다 빼앗기다 울다 지키다 지키다 보내다 감다 돌아가다 다스리다 돌리다 놀라다 내리다 뒤따르다 하다 트다 이르다 쫓다 싸우다 내보내다 나아가다 마주치다 오다 구하다 이르다 달리다 뒤쫓다 적다 내치다 만족하다 건지다 말리다 나서다 하다 끌어내다 노하다 돌아가다 빼앗다 내다 위로하다 내다 돌아가다 전하다 보내다 내리다 따르다 살피다 세우다 불러들이다 보내다 나누다 위하다 묶다 시키다 불러들이다 잡다 돌리다 놓이다 보다 돌아오다 알아듣다 불러들이다 휘두르다 울리다 되다 보다 들어가다 돌리다 살피다 살피다 더불다 내리다 허락하다 보다 믿다 알아보다 보내다 요란하다 다가앉다 떨다 이상하다 보다 굳다 늙다 어쩌다 높이다 일하다 위하다 죽다 하다 잡다 돕다 죽다 누비다 돌보다 위하다 놓다 걱정하다 되다 주워듣다 중심되다 물다 다니다 데리다 나가다 끌다 취하다 알리다 보내다 먹다 돌아가다 데리다 벌어지다 유리하다 정하다 자세하다 내리다 내리다 내려가다 삼다 세우다 되다 알리다 달리다 수습하다 쓰다 놀리다 소리치다 때다 오르다 빼내다 말다 패하다 못하다 보다 싸우다 오다 덮치다 나오다 뛰쳐다 이끌다 때다 쫓기다 나오다 쏟아지다 들다 하다 울리다 하다 뒤쫓다 펄럭이다 돌아보다 하다 지키다 보내다 떨어지다 굴러다 토하다 어울리다 달리다 내리다 가리키다 듣다 물다 불러들이다 받다 들다 나오다 달리다 사로잡다 숨다 보다 떨어지다 감탄하다 보다 들어오다 앞장서다 지다 숨기다 뛰어들다 더하다 달리다 덮치다 적다 휘몰다 벌이다 놓치다 뒤덮이다 오다 덮치다 감다 이끌다 맞서다 하다 이끌다 하다 이르다 오다 이끌다 이르다 뛰어들다 휘두르다 주다 허락하다 꾸미다 꾸미다 실패하다 가다 달래다 인용하다 죽이다 이용하다 가다 짓다 하다 하다 들어가다 말하다 묻다 보다 둘러서다 살피다 시작하다 돌리다 모이다 풀리다 돋우다 앞장서다 솟아오르다 찌르다 바라보다 오르다 헤아리다 죽다 맞다 울다 달리다 재촉하다 배다 후원하다 자르다 이끌다 오다 이끌다 들어맞다 헤아리다 구하다 무릅쓰다 달아나다 향하다 들어가다 맞서다 나누다 알리다 보내다 듣다 이르다 따르다 하다 나가다 맞다 갈라서다 이끌다 받다 가다 스치다 발견하다 
32,서황,"사우 관평과 언성 깃발 자신 여건 서 부장 서황은 일러바쳤다 조 조 배 몇 배반 왕평 잘못 저 서황은 조 조 왕평을 한 애매 영채 물 서황은 구덩이 죽 채 해 보호 조 조 서황은 사이 시작 동관을 수 서황은 조홍과 이 점고 말먹이풀을 군량 안 관(關) 서황은 그때 신비 도중 서황은 성 끼 심배를 채 서황은 이전 뒤 도위 전위 교위,허저와 이전,악진,여건,서황은 열 장군 하후돈,하후연,조홍,조인은 허도령을 낙양령,만총은 동소는 동평상,범성과 정욱은 사우 관평과 언성 깃발 자신 여건 서 부장 서황은 일러바쳤다 조 조 배 몇 배반 왕평 잘못 저 서황은 조 조 왕평을 한 애매 영채 물 서황은 구덩이 죽 채 해 보호 조 조 서황은 사이 시작 동관을 수 서황은 조홍과 이 점고 말먹이풀을 군량 안 관(關) 서황은 그때 신비 도중 서황은 성 끼 심배를 채 서황은 이전 뒤 도위 전위 교위,허저와 이전,악진,여건,서황은 열 장군 하후돈,하후연,조홍,조인은 허도령을 낙양령,만총은 동소는 동평상,범성과 정욱은 보호 조비와 위주 장료를 서황이 군사 서황이 편 요 군사 하후상이 왼쪽 관공에게 도끼 대꾸 서황이 소리 것 형제 관우와 전 것 조카 관평을 서황이 서황이 관평을 서황이었다 그때껏 것 있느 말 아래 문기 적병 성 군사 소리 군사 서황이 관평은 언성 유봉을 서황이 조 조 도리 맹장 서황이 좌우 조운이 황충과 때 지도 생각 수 조운을 나 서황이 장합과 군마 떼 한 서황이 판가름가기도전에 싸운이 이 뒤 서황이 부딪다가 창칼 번 서너 들이 군사 하후연이 장합과 자기편 서황이 서황이며 뒤 허저요 앞 한가운데 대 조 조 사람 세 부 마 길을끊으니 서량군 짓쳐들며 서황이 등뒤 수 이 셋 들 군사 장비 맹장 서황이 장료 허저와 리 들이 군사 바 승부 들 군사 양편 장비 말 서황이 장료와 이 나 서황이 조 조 집어먹은 겁 서황이었다 맹장 것 심배가 양쪽 좌우 서황이 이전 이번 때 리 몇 원소 몸 들 졸개 한맹 들 군사 한맹을 서황이 문추를 나 휘둘며 도끼 서황이 본진 조 조 20합을 이니건만 장수 서황이 이 안량 대 오 기세 둘 장수 나 둘러메고 도끼 서황이 길 허저가 오른쪽 서황이 왼쪽 포향이 한소리 그때 도끼 한달음에 서황이 말 대패 곽사 공격 맹렬 서황이 힘 거 원군 힘 하기 독려 들 군사 도리 해 어찌 혼자 번 한꺼 면 8 대군 곽사 전날 서황이 보호 조비와 위주 장료를 서황이 군사 서황이 편 요 군사 하후상이 왼쪽 관공에게 도끼 대꾸 서황이 소리 것 형제 관우와 전 것 조카 관평을 서황이 서황이 관평을 서황이었다 그때껏 것 있느 말 아래 문기 적병 성 군사 소리 군사 서황이 관평은 언성 유봉을 서황이 조 조 도리 맹장 서황이 좌우 조운이 황충과 때 지도 생각 수 조운을 나 서황이 장합과 군마 떼 한 서황이 판가름가기도전에 싸운이 이 뒤 서황이 부딪다가 창칼 번 서너 들이 군사 하후연이 장합과 자기편 서황이 서황이며 뒤 허저요 앞 한가운데 대 조 조 사람 세 부 마 길을끊으니 서량군 짓쳐들며 서황이 등뒤 수 이 셋 들 군사 장비 맹장 서황이 장료 허저와 리 들이 군사 바 승부 들 군사 양편 장비 말 서황이 장료와 이 나 서황이 조 조 집어먹은 겁 서황이었다 맹장 것 심배가 양쪽 좌우 서황이 이전 이번 때 리 몇 원소 몸 들 졸개 한맹 들 군사 한맹을 서황이 문추를 나 휘둘며 도끼 서황이 본진 조 조 20합을 이니건만 장수 서황이 이 안량 대 오 기세 둘 장수 나 둘러메고 도끼 서황이 길 허저가 오른쪽 서황이 왼쪽 포향이 한소리 그때 도끼 한달음에 서황이 말 대패 곽사 공격 맹렬 서황이 힘 거 원군 힘 하기 독려 들 군사 도리 해 어찌 혼자 번 한꺼 면 8 대군 곽사 전날 서황이 이마 서황 하나 화살 공교 화 말 서황 듯 자기 관평은 광경 에워싸여 들 군사 서황 장합과 들이 군사 그 황충과 곳 한가운데 적진 손 군사 서황 장료와 군사 이전 박차 말 전 대답 서황 아래 말 도끼 서황 전 번 몇 말 두 들 적병 성 길 들이 군사 서황 장려 그걸 아래 말 목 왕소 한칼이 서황 전 몇합 지 둘 사환 부장 서황 조 조 마음 한맹은 마 곡식 터 용맹 서황 말 내 용기 한맹은 들이 군사 서황 데 물건 서황을 저 이락이 용맹 서황 이마 서황 하나 화살 공교 화 말 서황 듯 자기 관평은 광경 에워싸여 들 군사 서황 장합과 들이 군사 그 황충과 곳 한가운데 적진 손 군사 서황 장료와 군사 이전 박차 말 전 대답 서황 아래 말 도끼 서황 전 번 몇 말 두 들 적병 성 길 들이 군사 서황 장려 그걸 아래 말 목 왕소 한칼이 서황 전 몇합 지 둘 사환 부장 서황 조 조 마음 한맹은 마 곡식 터 용맹 서황 말 내 용기 한맹은 들이 군사 서황 데 물건 서황을 저 이락이 용맹 서황 ",없 다름없 어지럽 다르 약하 그렇 크 없 없 어렵 많 없 어렵 많 막다 하다 밀리다 나다 정하다 뒤엉키다 들이치다 말다 물다 나가다 제치다 집어먹다 서다 맞닥뜨리다 나오다 달리다 치다 빼다 뒤엉키다 싸우다 맞다 막다 나가다 휘다 들어오다 쫓기다 견디다 오르다 죽이다 이름나다 소리치다 나서다 둘러메다 막다 돌아가다 나오다 달리다 나오다 달리다 서다 들리다 나가다 달리다 휘두르다 서다 말다 대패하다 살다 사다 나오다 하다 얻다 알다 다하다 독려하다 흩어지다 하다 들다 덤비다 끄다 나가다 달리다 앞서다 하다 달아나다 구하다 나가다 달리다 끄다 끄다 덮치다 휘두르다 대꾸하다 앞세우다 지내다 부르다 소리치다 보다 놀라다 보이다 서다 타다 말다 맞다 나아가다 이끌다 듣다 이끌다 지키다 맞다 나가다 달리다 소리치다 배기다 하다 들이치다 뛰쳐나오다 가로막다 나서다 들다 뛰어다니다 하다 끄다 서다 싸다 나가다 달리다 잇다 들어오다 쫓기다 부딪다 끄다 보다 놀라다 서다 말다 갇히다 끊다 짓치다 서다 막다 하다 밀리다 나다 정하다 뒤엉키다 들이치다 말다 물다 나가다 제치다 집어먹다 서다 맞닥뜨리다 나오다 달리다 치다 빼다 뒤엉키다 싸우다 맞다 막다 나가다 휘다 들어오다 쫓기다 견디다 오르다 죽이다 이름나다 소리치다 나서다 둘러메다 막다 돌아가다 나오다 달리다 나오다 달리다 서다 들리다 나가다 달리다 휘두르다 서다 말다 대패하다 살다 사다 나오다 하다 얻다 알다 다하다 독려하다 흩어지다 하다 들다 덤비다 끄다 나가다 달리다 앞서다 하다 꽂히다 서다 나다 트다 하다 깔보다 보이다 허덕이다 에워싸이다 멀다 말다 갇히다 덮치다 나가다 달리다 박차다 말다 떨어지다 굴러다 찍히다 서다 엇갈리다 덮치다 나오다 나누다 길다 기다리다 숨다 보다 떨어지다 굴러다 번득이다 서다 되다 맞붙다 보다 싸우다 불타다 박차다 말다 내다 보다 하다 지키다 맞다 서다 얕잡다 꽂히다 서다 나다 트다 하다 깔보다 보이다 허덕이다 에워싸이다 멀다 말다 갇히다 덮치다 나가다 달리다 박차다 말다 떨어지다 굴러다 찍히다 서다 엇갈리다 덮치다 나오다 나누다 길다 기다리다 숨다 보다 떨어지다 굴러다 번득이다 서다 되다 맞붙다 보다 싸우다 불타다 박차다 말다 내다 보다 하다 지키다 맞다 서다 얕잡다 
33,맹획,땅 저 맹획은 거기 군 4 여개를 왕항과 공명 영창 개선군 손발 나 맹획은 하기 다급 맹획은 맹획은 거 계책 공명 등갑군이 맹획은 맹획은 말 기어넘어 산 궁궐 피붙이들과 맹획은 재간 꼬리 촉병이 은갱동으로 맹획은 대접 그 잔치 줄 맹획은 안 골짜기 졸개 명 수십 맹획은 맛 죽 차례 한 거기 산기슭 그쪽 서이하로 맹획은 채 원래 길 들 졸개 피붙이들과 자기 맹획은 채 공명 군사1만을 방패 칼 맹획은 배 말 맹획은 그 맹획은 길 사방 맹획은 맹획을 군마 세 맹획은 맹획은 거 계략 공명 맹획은 들 백성 근처 맹획은 어리둥절 길목 둘 사람 한 만 맹획은 한 거리 걱정 내부 나 동도 아회남과 채 아회남을 나와 동도 졸개 한 만 도부수를 안 장막 맹획은 판 앞 공명 맹획은 채 자기 노수를 군무 술 안 채 하루종일 맹획은 그때 일 나 맹획은 기 산등성이 말 맹획은 산골짜기 기만 수십 맹획은 방향 길 산 금대 맹획은 쪽 산 금대 길 가닥 한 들 장수 맹획은 촉군을 군사 맹획은 신 땅 저 맹획은 거기 군 4 여개를 왕항과 공명 영창 개선군 손발 나 맹획은 하기 다급 맹획은 맹획은 거 계책 공명 등갑군이 맹획은 맹획은 말 기어넘어 산 궁궐 피붙이들과 맹획은 재간 꼬리 촉병이 은갱동으로 맹획은 대접 그 잔치 줄 맹획은 안 골짜기 졸개 명 수십 맹획은 맛 죽 차례 한 거기 산기슭 그쪽 서이하로 맹획은 채 원래 길 들 졸개 피붙이들과 자기 맹획은 채 공명 군사1만을 방패 칼 맹획은 배 말 맹획은 그 맹획은 길 사방 맹획은 맹획을 군마 세 맹획은 맹획은 거 계략 공명 맹획은 들 백성 근처 맹획은 어리둥절 길목 둘 사람 한 만 맹획은 한 거리 걱정 내부 나 동도 아회남과 채 아회남을 나와 동도 졸개 한 만 도부수를 안 장막 맹획은 판 앞 공명 맹획은 채 자기 노수를 군무 술 안 채 하루종일 맹획은 그때 일 나 맹획은 기 산등성이 말 맹획은 산골짜기 기만 수십 맹획은 방향 길 산 금대 맹획은 쪽 산 금대 길 가닥 한 들 장수 맹획은 촉군을 군사 맹획은 신 하나 수레 인마가 한 곳 한 우묵 산등성이 맹획이 채비 맞싸울 이 중 맹획이 거 맹획이 공명 맹획이 차 은갱동을 말 틈 말 무어 맹획이 축융부인은 말 하나 숲 때 산굽이 군데 한 맹획이 촉군에게 방패 칼 들 만병 명 만여 영 맹획이 나 밖 채 수레 말 마리 공명 말 것 맹획이 병 만 수십 맹획이 때 공명 일 맹획을 들이 군사 안 배 줄 들 졸개 자기 그때껏 신호 한소리 배 맹획이 대 언덕 맹획이 배 맹획을 그들 저 척 한 배 병 만 명 수십 가에 노수 맹획이 그 맹획이 곡식 맹획이 길 잖아 들 만족 리 그걸 항복 들 장수 그 위연에게 맹획이 길 군마 한 함성 앞 차 배 말 정신 맹획이 길 맹획이 나 군마 두 장익 장의와 함성 뒤ㅉ는데 촉군을 신 맹획이 남짓 리 20 촉군이 장수 장 망아 맹획이 길 기세 그 말 셋 맹획이 하나 수레 인마가 한 곳 한 우묵 산등성이 맹획이 채비 맞싸울 이 중 맹획이 거 맹획이 공명 맹획이 차 은갱동을 말 틈 말 무어 맹획이 축융부인은 말 하나 숲 때 산굽이 군데 한 맹획이 촉군에게 방패 칼 들 만병 명 만여 영 맹획이 나 밖 채 수레 말 마리 공명 말 것 맹획이 병 만 수십 맹획이 때 공명 일 맹획을 들이 군사 안 배 줄 들 졸개 자기 그때껏 신호 한소리 배 맹획이 대 언덕 맹획이 배 맹획을 그들 저 척 한 배 병 만 명 수십 가에 노수 맹획이 그 맹획이 곡식 맹획이 길 잖아 들 만족 리 그걸 항복 들 장수 그 위연에게 맹획이 길 군마 한 함성 앞 차 배 말 정신 맹획이 길 맹획이 나 군마 두 장익 장의와 함성 뒤ㅉ는데 촉군을 신 맹획이 남짓 리 20 촉군이 장수 장 망아 맹획이 길 기세 그 말 셋 맹획이 뒤 피붙이들을 맹획 나머지 축융부인과 채 들 만병 장익도 왕평과 그때 신세 피붙이들은 맹획 바람 길잡이 맹획 들이 만병 수 은갱동을 본거지 맹획 힘 공명 바람 청 대왕 목록 말 맹획 거창 맹획 함 소홀 비정 정복자 안위 협력자 원주민 것 말 맹획 항복 뒤 피붙이들을 맹획 나머지 축융부인과 채 들 만병 장익도 왕평과 그때 신세 피붙이들은 맹획 바람 길잡이 맹획 들이 만병 수 은갱동을 본거지 맹획 힘 공명 바람 청 대왕 목록 말 맹획 거창 맹획 함 소홀 비정 정복자 안위 협력자 원주민 것 말 맹획 항복 ,좋 작 크 작 없 크 크 좋 새롭 크 다름없 새롭 크 다름없 돌리다 따라오다 지키다 남기다 이르다 주다 움직이다 하다 보다 나가다 뚫다 하다 알다 떨어지다 기뻐하다 달아나다 넘다 기다 버리다 더불다 지키다 들어오다 따르다 달아나다 대접하다 벌이다 모르다 어쩌다 달아나다 거느리다 보다 죽다 하다 달아나다 타다 거치다 돌아서다 돌아가다 앗다 길다 이끌다 자다 놀라다 밀려들다 앞장세우다 들다 오르다 끌다 말다 부르다 소리치다 달아나다 돌아보다 들이치다 에워싸다 놀라다 알다 떨어지다 물어보다 부르다 살다 해지다 지키다 지키다 고르다 하다 믿다 하다 죽이다 보내다 남다 나오다 만하다 믿다 감추다 돌아오다 건너다 돌보다 마시다 하다 보다 나가다 뚫다 넘어가다 하다 기다 버리다 말다 들어서다 거느리다 바꾸다 살다 놀라다 달아나다 살다 열다 길다 하다 싸우다 죽다 거느리다 뒤쫓다 달아나다 휘몰다 나타나다 에워싸다 떼다 하다 달리다 싸우다 맞다 악물다 이르다 놀라다 알다 달아나다 보이다 하다 오르다 뛰어다니다 말다 하다 말다 들다 나타나다 돌다 덤벼들다 휘두르다 내리다 보다 나가다 오르다 끄다 들다 오다 오다 달리다 이끌다 때다 기다리다 끝내다 묶다 덮치다 알다 자다 오르다 대다 알아보다 오다 이르다 물다 소리치다 걷어차다 옮기다 쓸다 알리다 항복하다 따르다 사로잡히다 막다 길다 말다 끊다 돌아가다 나오다 쏟아지다 나서다 달아나다 보다 나아가다 나누다 길다 말하다 나타나다 에워싸다 떼다 하다 달리다 싸우다 맞다 악물다 이르다 놀라다 알다 달아나다 보이다 하다 오르다 뛰어다니다 말다 하다 말다 들다 나타나다 돌다 덤벼들다 휘두르다 내리다 보다 나가다 오르다 끄다 들다 오다 오다 달리다 이끌다 때다 기다리다 끝내다 묶다 덮치다 알다 자다 오르다 대다 알아보다 오다 이르다 물다 소리치다 걷어차다 옮기다 쓸다 알리다 항복하다 따르다 사로잡히다 막다 길다 말다 끊다 돌아가다 나오다 쏟아지다 나서다 달아나다 보다 나아가다 나누다 길다 말하다 사로잡다 덮치다 말다 되다 사로잡히다 못하다 보다 싸우다 되다 빼앗다 보다 들이다 듣다 듣다 하다 대하다 속다 항복하다 사로잡다 덮치다 말다 되다 사로잡히다 못하다 보다 싸우다 되다 빼앗다 보다 들이다 듣다 듣다 하다 대하다 속다 항복하다 
34,관평,계속 기죽지 관평은 뜻 소리 관공이 관평은 관공을 징 겁 실수 관공에게 관평은 말 대 관평은 관공을 시작 관평은 마음 관평은 화 말 서황 듯 자기 관평은 깨달았다 거 속 관평은 뒤 기세 관평은 합 대여섯 적병 성 군사 소리 군사 서황이 관평은 언성 뒤 뼛속 독 화살촉 화살촉 팔 관공 의자 관평은 짐작 관평은 줄 힘 자기편 시작 방덕을 들 군사 말 빼들고 칼 관평은 군막 관공 마필 리 20 장 관평은 봉 유 계속 기죽지 관평은 뜻 소리 관공이 관평은 관공을 징 겁 실수 관공에게 관평은 말 대 관평은 관공을 시작 관평은 마음 관평은 화 말 서황 듯 자기 관평은 깨달았다 거 속 관평은 뒤 기세 관평은 합 대여섯 적병 성 군사 소리 군사 서황이 관평은 언성 뒤 뼛속 독 화살촉 화살촉 팔 관공 의자 관평은 짐작 관평은 줄 힘 자기편 시작 방덕을 들 군사 말 빼들고 칼 관평은 군막 관공 마필 리 20 장 관평은 봉 유 관평이 얼마쯤 여건 이번 뒤ㅉ으려는데 관평이 서 위군쪽에서는 말 관평이 가운데 진 보고 마주 군사 양편 의논 들 장수 관평이 걱정 채 관공을 조인 관평이 관공에게 소리 그 해 단속 들 장수 그 길목 관평이 말 청룡도 전 채 관공은 하자 얘기 거 승부 관공을 관평이 박차 말 관평이 목 한칼에 관평이 보고급히달아났으나 거 하후존이 등위 관평이 요화 줄 정신 길흉 꿈얘기를 관우가 장막 관평이 군 만 3 좌t에서 관평이 유봉과 관 그때 관평이 유봉과 좌우 관평이 얼마쯤 여건 이번 뒤ㅉ으려는데 관평이 서 위군쪽에서는 말 관평이 가운데 진 보고 마주 군사 양편 의논 들 장수 관평이 걱정 채 관공을 조인 관평이 관공에게 소리 그 해 단속 들 장수 그 길목 관평이 말 청룡도 전 채 관공은 하자 얘기 거 승부 관공을 관평이 박차 말 관평이 목 한칼에 관평이 보고급히달아났으나 거 하후존이 등위 관평이 요화 줄 정신 길흉 꿈얘기를 관우가 장막 관평이 군 만 3 좌t에서 관평이 유봉과 관 그때 관평이 유봉과 좌우 목 관평 관공과 정말 것 성 위 성벽 주창 왕보와 말 앞 관평 군마 떼 한 가지 얼마 작정 등뒤 관평 언성 자신 동안 관평과 나 앞 여건 서 입 관평 관공은 테세에 진 양군 관평 방덕과 무위 관공 배 관평 손 노숙 강변 관우는 목 관평 관공과 정말 것 성 위 성벽 주창 왕보와 말 앞 관평 군마 떼 한 가지 얼마 작정 등뒤 관평 언성 자신 동안 관평과 나 앞 여건 서 입 관평 관공은 테세에 진 양군 관평 방덕과 무위 관공 배 관평 손 노숙 강변 관우는 ,외롭 같 없 젊 어렵 많 외롭 같 없 젊 어렵 많 둥그렇 둥그렇 말다 사로잡히다 하다 끝내다 계속하다 기죽다 못하다 하다 구하다 달려가다 듣다 사로잡히다 불러들이다 치다 겁나다 말하다 찾아보다 시작하다 쫓기다 못하다 보다 싸우다 싸우다 나다 트다 하다 깔보다 달다 깨다 속다 쫓다 타다 달아나다 서다 뒤돌다 넘기다 하다 맞다 나아가다 이끌다 듣다 이끌다 지키다 스미다 바르다 빼다 꽂히다 팔다 부르다 못하다 되다 빼놓다 시작되다 나가다 맞다 더불다 오르다 빼들다 나오다 돌아다니다 뺏다 쫓다 두들기다 말다 사로잡히다 하다 끝내다 계속하다 기죽다 못하다 하다 구하다 달려가다 듣다 사로잡히다 불러들이다 치다 겁나다 말하다 찾아보다 시작하다 쫓기다 못하다 보다 싸우다 싸우다 나다 트다 하다 깔보다 달다 깨다 속다 쫓다 타다 달아나다 서다 뒤돌다 넘기다 하다 맞다 나아가다 이끌다 듣다 이끌다 지키다 스미다 바르다 빼다 꽂히다 팔다 부르다 못하다 되다 빼놓다 시작되다 나가다 맞다 더불다 오르다 빼들다 나오다 돌아다니다 뺏다 쫓다 두들기다 알리다 뒤따르다 보다 가다 나오다 달리다 나오다 달리다 나오다 달리다 몰다 말다 치다 지다 의논하다 모으다 부르다 되다 돌아가다 구하다 쫓다 두들기다 전하다 내지르다 단속하다 하다 오다 막다 뛰어오르다 잡다 얘기하다 맞아들이다 덤벼들다 박차다 말다 참다 그러다 치다 뒤쫓다 달아나다 보다 죽다 쏟아지다 알다 줄다 쫓기다 물다 들다 나오다 쏟아지다 이끌다 지키다 뒤따르다 알리다 뒤따르다 보다 가다 나오다 달리다 나오다 달리다 나오다 달리다 몰다 말다 치다 지다 의논하다 모으다 부르다 되다 돌아가다 구하다 쫓다 두들기다 전하다 내지르다 단속하다 하다 오다 막다 뛰어오르다 잡다 얘기하다 맞아들이다 덤벼들다 박차다 말다 참다 그러다 치다 뒤쫓다 달아나다 보다 죽다 쏟아지다 알다 줄다 쫓기다 물다 들다 나오다 쏟아지다 이끌다 지키다 뒤따르다 걸리다 보다 올라가다 놀라다 가로막다 하다 가다 치다 들이다 돌아다니다 싸우다 나가다 막다 들어가다 싸우다 치다 지다 마주치다 빛나다 뛰어오르다 오다 놓다 이르다 걸리다 보다 올라가다 놀라다 가로막다 하다 가다 치다 들이다 돌아다니다 싸우다 나가다 막다 들어가다 싸우다 치다 지다 마주치다 빛나다 뛰어오르다 오다 놓다 이르다 
